{
"type": "FeatureCollection",
"name": "Catasto",
"crs": { "type": "name", "properties": { "name": "urn:ogc:def:crs:OGC:1.3:CRS84" } },
"features": [
{ "type": "Feature", "properties": { "id_partic": 6621525, "id_foglio": 19764, "belfiore": "D172", "istat": "004077", "comune": "Crissolo", "sezione": "C", "foglio": "51", "particella": "199", "data_agg": "2021-12-31", "data_elab": "2022-03-31" }, "geometry": { "type": "MultiPolygon", "coordinates": [ [ [ [ 7.173655315828244, 44.691684017562352 ], [ 7.173725506520332, 44.691739973811373 ], [ 7.173850128835471, 44.691972336858655 ], [ 7.173952313929439, 44.691894154780108 ], [ 7.173984099780971, 44.69180341423089 ], [ 7.174001402094693, 44.69175354006736 ], [ 7.1740779824289, 44.691628547012577 ], [ 7.174233167502666, 44.691358470598495 ], [ 7.174234706423218, 44.691355789766632 ], [ 7.17428506023846, 44.691270066367068 ], [ 7.174328476418508, 44.691214755711727 ], [ 7.174565065857325, 44.690944550969682 ], [ 7.173838831148075, 44.691365510286204 ], [ 7.173678487070216, 44.691678578229137 ], [ 7.173655315828244, 44.691684017562352 ] ] ] ] } },
{ "type": "Feature", "properties": { "id_partic": 6609112, "id_foglio": 19784, "belfiore": "D172", "istat": "004077", "comune": "Crissolo", "sezione": "C", "foglio": "28", "particella": "68", "data_agg": "2021-12-31", "data_elab": "2022-03-31" }, "geometry": { "type": "MultiPolygon", "coordinates": [ [ [ [ 7.149578398159349, 44.701467330282718 ], [ 7.149577636286346, 44.701466503265891 ], [ 7.149408132174387, 44.701447337329149 ], [ 7.149292391037737, 44.701432307797752 ], [ 7.149262196196387, 44.701430862730476 ], [ 7.149239805682539, 44.701425821482104 ], [ 7.149193081448471, 44.701437206914882 ], [ 7.149211853447768, 44.701478553858784 ], [ 7.149193505279756, 44.701482881517471 ], [ 7.149207035953077, 44.701538691454296 ], [ 7.149219309830915, 44.70153850892973 ], [ 7.149231582440018, 44.701547882094246 ], [ 7.149334059808377, 44.701524080718642 ], [ 7.149393706287803, 44.701510227186063 ], [ 7.149540864497573, 44.701476047955595 ], [ 7.149578398159349, 44.701467330282718 ] ] ] ] } },
{ "type": "Feature", "properties": { "id_partic": 6618848, "id_foglio": 19782, "belfiore": "D172", "istat": "004077", "comune": "Crissolo", "sezione": "C", "foglio": "43", "particella": "708", "data_agg": "2021-12-31", "data_elab": "2022-03-31" }, "geometry": { "type": "MultiPolygon", "coordinates": [ [ [ [ 7.158479833447038, 44.700191628674304 ], [ 7.158509837825574, 44.700248050545675 ], [ 7.15861118210614, 44.700208003279883 ], [ 7.158580251372688, 44.700151263857755 ], [ 7.158479833447038, 44.700191628674304 ] ] ] ] } },
{ "type": "Feature", "properties": { "id_partic": 6619271, "id_foglio": 19796, "belfiore": "D172", "istat": "004077", "comune": "Crissolo", "sezione": "C", "foglio": "44", "particella": "295", "data_agg": "2021-12-31", "data_elab": "2022-03-31" }, "geometry": { "type": "MultiPolygon", "coordinates": [ [ [ [ 7.170583770894679, 44.70168371258324 ], [ 7.170593262674346, 44.701616039596217 ], [ 7.170623409905716, 44.701410396833097 ], [ 7.170565484502162, 44.701393710143996 ], [ 7.170563487116397, 44.701391280343522 ], [ 7.170563001137174, 44.70139148354869 ], [ 7.170426451290675, 44.701351084282102 ], [ 7.170426027225518, 44.701351813362606 ], [ 7.170431314828025, 44.701477785488947 ], [ 7.170435849383194, 44.701631826301721 ], [ 7.170438259564397, 44.701666306223451 ], [ 7.170449475189009, 44.701911358502592 ], [ 7.170258956215016, 44.701999312809576 ], [ 7.170529472095436, 44.702232084211673 ], [ 7.170618981615423, 44.70214480026258 ], [ 7.170688883833802, 44.702080697487766 ], [ 7.170820756547665, 44.701820049601402 ], [ 7.17057320703146, 44.70175333523985 ], [ 7.170583770894679, 44.70168371258324 ] ] ] ] } },
{ "type": "Feature", "properties": { "id_partic": 6619415, "id_foglio": 19796, "belfiore": "D172", "istat": "004077", "comune": "Crissolo", "sezione": "C", "foglio": "44", "particella": "41", "data_agg": "2021-12-31", "data_elab": "2022-03-31" }, "geometry": { "type": "MultiPolygon", "coordinates": [ [ [ [ 7.164033304811749, 44.70204914746212 ], [ 7.1639477629508, 44.702101036470303 ], [ 7.163917291808968, 44.702113148299091 ], [ 7.163922460642194, 44.702120482004517 ], [ 7.164017558843331, 44.702255011030942 ], [ 7.164027623891332, 44.702269258206805 ], [ 7.164177050009893, 44.702421310981372 ], [ 7.164532303185194, 44.702936909759551 ], [ 7.164531901481432, 44.70293835070472 ], [ 7.164537926803836, 44.702939205064936 ], [ 7.16457498686756, 44.702939952984089 ], [ 7.164599280427688, 44.70294044325243 ], [ 7.164569178586375, 44.7028579506093 ], [ 7.164486173834453, 44.702630334993358 ], [ 7.164300438112113, 44.702380913720866 ], [ 7.164187416395783, 44.702243128174523 ], [ 7.164033304811749, 44.70204914746212 ] ] ] ] } },
{ "type": "Feature", "properties": { "id_partic": 6619712, "id_foglio": 19758, "belfiore": "D172", "istat": "004077", "comune": "Crissolo", "sezione": "C", "foglio": "45", "particella": "116", "data_agg": "2021-12-31", "data_elab": "2022-03-31" }, "geometry": { "type": "MultiPolygon", "coordinates": [ [ [ [ 7.174395474702619, 44.698360828304352 ], [ 7.174590876216063, 44.698274653299308 ], [ 7.17476044633774, 44.698221556652612 ], [ 7.174575614994031, 44.698073416744649 ], [ 7.17455896007683, 44.698074982079142 ], [ 7.174395474702619, 44.698360828304352 ] ] ] ] } },
{ "type": "Feature", "properties": { "id_partic": 6619726, "id_foglio": 19758, "belfiore": "D172", "istat": "004077", "comune": "Crissolo", "sezione": "C", "foglio": "45", "particella": "84", "data_agg": "2021-12-31", "data_elab": "2022-03-31" }, "geometry": { "type": "MultiPolygon", "coordinates": [ [ [ [ 7.174395474702619, 44.698360828304352 ], [ 7.17455896007683, 44.698074982079142 ], [ 7.174575614994031, 44.698073416744649 ], [ 7.174359518496985, 44.697908183924127 ], [ 7.173963648624317, 44.697601407065513 ], [ 7.173890954376584, 44.697548453692903 ], [ 7.173648399835278, 44.697355617515875 ], [ 7.173524902868491, 44.697252876219167 ], [ 7.173453389763345, 44.697203266841541 ], [ 7.1734532989813, 44.697203294034431 ], [ 7.173369923257841, 44.697232652853685 ], [ 7.173369633606514, 44.697232741606847 ], [ 7.173360459681385, 44.697235552623376 ], [ 7.173274049046058, 44.697262029977615 ], [ 7.173133200374028, 44.69730518766788 ], [ 7.173125748258951, 44.697308890989589 ], [ 7.173103547114138, 44.697319923822214 ], [ 7.173102814961519, 44.697320287664454 ], [ 7.173038371374203, 44.697344738310335 ], [ 7.172863637932498, 44.69733613855454 ], [ 7.172754914686464, 44.697353872009209 ], [ 7.172753776385431, 44.697354057672761 ], [ 7.172714090256957, 44.697354281100935 ], [ 7.172566739831254, 44.69735511054553 ], [ 7.172563076981286, 44.69735777132518 ], [ 7.172534789027642, 44.697378320342132 ], [ 7.172530659832414, 44.697381319882219 ], [ 7.172530613710026, 44.697381353386561 ], [ 7.17253061244783, 44.697381353373082 ], [ 7.172855399670748, 44.697671584650273 ], [ 7.172975813152786, 44.697796633312443 ], [ 7.173248848489648, 44.698075415689331 ], [ 7.173614021006063, 44.698396685498992 ], [ 7.173618558588992, 44.698400673196325 ], [ 7.173944296826374, 44.698657322824594 ], [ 7.17397866456076, 44.698684141764943 ], [ 7.174131002430662, 44.698579548409391 ], [ 7.174174781819241, 44.698499729637241 ], [ 7.174302834878235, 44.698401623254256 ], [ 7.174395474702619, 44.698360828304352 ] ] ] ] } },
{ "type": "Feature", "properties": { "id_partic": 6619739, "id_foglio": 19758, "belfiore": "D172", "istat": "004077", "comune": "Crissolo", "sezione": "C", "foglio": "45", "particella": "1", "data_agg": "2021-12-31", "data_elab": "2022-03-31" }, "geometry": { "type": "MultiPolygon", "coordinates": [ [ [ [ 7.170938984411976, 44.700487361672359 ], [ 7.170804147131498, 44.70042143451483 ], [ 7.170791494219704, 44.700438796386358 ], [ 7.170769317112993, 44.700469216623823 ], [ 7.170709615746923, 44.700551165297348 ], [ 7.170597982016604, 44.700703295552159 ], [ 7.17056381592916, 44.700750374902967 ], [ 7.170543095191571, 44.700805592598272 ], [ 7.170525055565271, 44.700853662834739 ], [ 7.170507608833674, 44.700900143720659 ], [ 7.17049016125485, 44.700946588556107 ], [ 7.170401969960326, 44.701111842138538 ], [ 7.170389938330987, 44.701134370934803 ], [ 7.170419220036901, 44.701348945203286 ], [ 7.170419221295491, 44.701348945229284 ], [ 7.170426451290675, 44.701351084282102 ], [ 7.170563001137174, 44.70139148354869 ], [ 7.170563487116397, 44.701391280343522 ], [ 7.170616282046267, 44.701369204887676 ], [ 7.170616604513634, 44.701369211981628 ], [ 7.170737193724111, 44.701371864756901 ], [ 7.170747538361342, 44.701372092316909 ], [ 7.17083712853229, 44.701412529808579 ], [ 7.170803080647488, 44.70135243062343 ], [ 7.17070490169107, 44.70116811628548 ], [ 7.170799502576672, 44.701050252352239 ], [ 7.170611603964505, 44.700988076603736 ], [ 7.170638708633409, 44.700948744213086 ], [ 7.170662261416962, 44.700911544586887 ], [ 7.170692923223593, 44.70086547948376 ], [ 7.170725361576372, 44.700819063066795 ], [ 7.170757627129304, 44.700770583836153 ], [ 7.170771032312866, 44.700690719945293 ], [ 7.170866528013489, 44.700605577931533 ], [ 7.170886004998515, 44.700568542877882 ], [ 7.170911951423716, 44.700524184472798 ], [ 7.170938984411976, 44.700487361672359 ] ] ] ] } },
{ "type": "Feature", "properties": { "id_partic": 6619795, "id_foglio": 19758, "belfiore": "D172", "istat": "004077", "comune": "Crissolo", "sezione": "C", "foglio": "45", "particella": "16", "data_agg": "2021-12-31", "data_elab": "2022-03-31" }, "geometry": { "type": "MultiPolygon", "coordinates": [ [ [ [ 7.170938984411976, 44.700487361672359 ], [ 7.171143759934285, 44.700349047518181 ], [ 7.171121768416561, 44.700157107522571 ], [ 7.171058364492378, 44.700157769206157 ], [ 7.171064611781206, 44.700108272442101 ], [ 7.171115855775002, 44.700105478571238 ], [ 7.171147053435249, 44.700056774675915 ], [ 7.170933337935209, 44.70000458419981 ], [ 7.170586576318524, 44.700317823025223 ], [ 7.170667084665975, 44.70035615940639 ], [ 7.170804147131498, 44.70042143451483 ], [ 7.170938984411976, 44.700487361672359 ] ] ] ] } },
{ "type": "Feature", "properties": { "id_partic": 6619796, "id_foglio": 19758, "belfiore": "D172", "istat": "004077", "comune": "Crissolo", "sezione": "C", "foglio": "45", "particella": "14", "data_agg": "2021-12-31", "data_elab": "2022-03-31" }, "geometry": { "type": "MultiPolygon", "coordinates": [ [ [ [ 7.170938984411976, 44.700487361672359 ], [ 7.17124308638917, 44.700535298337549 ], [ 7.171267235026355, 44.700539096728704 ], [ 7.171300506313357, 44.700397396498055 ], [ 7.171309475107932, 44.700359196505993 ], [ 7.171317738536158, 44.700323991288471 ], [ 7.171366605490894, 44.700115548092398 ], [ 7.171147053435249, 44.700056774675915 ], [ 7.171115855775002, 44.700105478571238 ], [ 7.171121768416561, 44.700157107522571 ], [ 7.171143759934285, 44.700349047518181 ], [ 7.170938984411976, 44.700487361672359 ] ] ] ] } },
{ "type": "Feature", "properties": { "id_partic": 6619834, "id_foglio": 19758, "belfiore": "D172", "istat": "004077", "comune": "Crissolo", "sezione": "C", "foglio": "45", "particella": "50", "data_agg": "2021-12-31", "data_elab": "2022-03-31" }, "geometry": { "type": "MultiPolygon", "coordinates": [ [ [ [ 7.17142195557333, 44.699971542076312 ], [ 7.17119449466048, 44.699882558682589 ], [ 7.17049965259161, 44.699610237098021 ], [ 7.170374981254176, 44.699561922631737 ], [ 7.170265365828901, 44.699737932849636 ], [ 7.170203923971472, 44.699828112794378 ], [ 7.170623246434064, 44.699929402120425 ], [ 7.170933337935209, 44.70000458419981 ], [ 7.171147053435249, 44.700056774675915 ], [ 7.171366605490894, 44.700115548092398 ], [ 7.171719471166287, 44.700207319276004 ], [ 7.171730234265884, 44.700089817668342 ], [ 7.17142195557333, 44.699971542076312 ] ] ] ] } },
{ "type": "Feature", "properties": { "id_partic": 6619848, "id_foglio": 19758, "belfiore": "D172", "istat": "004077", "comune": "Crissolo", "sezione": "C", "foglio": "45", "particella": "103", "data_agg": "2021-12-31", "data_elab": "2022-03-31" }, "geometry": { "type": "MultiPolygon", "coordinates": [ [ [ [ 7.17142195557333, 44.699971542076312 ], [ 7.171730234265884, 44.700089817668342 ], [ 7.17173195425368, 44.700070872671418 ], [ 7.17184352244319, 44.699814142239767 ], [ 7.171744628578321, 44.69981593733624 ], [ 7.171460287914251, 44.699820506485047 ], [ 7.171450272621656, 44.699847502419964 ], [ 7.17142195557333, 44.699971542076312 ] ] ] ] } },
{ "type": "Feature", "properties": { "id_partic": 6619851, "id_foglio": 19758, "belfiore": "D172", "istat": "004077", "comune": "Crissolo", "sezione": "C", "foglio": "45", "particella": "52", "data_agg": "2021-12-31", "data_elab": "2022-03-31" }, "geometry": { "type": "MultiPolygon", "coordinates": [ [ [ [ 7.171460287914251, 44.699820506485047 ], [ 7.171744628578321, 44.69981593733624 ], [ 7.17184352244319, 44.699814142239767 ], [ 7.171854627048665, 44.699788534303558 ], [ 7.171940217686323, 44.699651423809996 ], [ 7.171561344571959, 44.699564841108725 ], [ 7.171546181604382, 44.699603916310544 ], [ 7.171460287914251, 44.699820506485047 ] ] ] ] } },
{ "type": "Feature", "properties": { "id_partic": 6619852, "id_foglio": 19758, "belfiore": "D172", "istat": "004077", "comune": "Crissolo", "sezione": "C", "foglio": "45", "particella": "102", "data_agg": "2021-12-31", "data_elab": "2022-03-31" }, "geometry": { "type": "MultiPolygon", "coordinates": [ [ [ [ 7.1712307932428, 44.699777845122824 ], [ 7.17119449466048, 44.699882558682589 ], [ 7.17142195557333, 44.699971542076312 ], [ 7.171450272621656, 44.699847502419964 ], [ 7.171460287914251, 44.699820506485047 ], [ 7.1712307932428, 44.699777845122824 ] ] ] ] } },
{ "type": "Feature", "properties": { "id_partic": 6619855, "id_foglio": 19758, "belfiore": "D172", "istat": "004077", "comune": "Crissolo", "sezione": "C", "foglio": "45", "particella": "53", "data_agg": "2021-12-31", "data_elab": "2022-03-31" }, "geometry": { "type": "MultiPolygon", "coordinates": [ [ [ [ 7.1712307932428, 44.699777845122824 ], [ 7.171460287914251, 44.699820506485047 ], [ 7.171546181604382, 44.699603916310544 ], [ 7.171561344571959, 44.699564841108725 ], [ 7.171361098204838, 44.699516927303058 ], [ 7.171324229424178, 44.699507947624035 ], [ 7.171259670131863, 44.69969445300233 ], [ 7.1712307932428, 44.699777845122824 ] ] ] ] } },
{ "type": "Feature", "properties": { "id_partic": 6619860, "id_foglio": 19759, "belfiore": "D172", "istat": "004077", "comune": "Crissolo", "sezione": "C", "foglio": "46", "particella": "285", "data_agg": "2021-12-31", "data_elab": "2022-03-31" }, "geometry": { "type": "MultiPolygon", "coordinates": [ [ [ [ 7.175146008821989, 44.693944342328635 ], [ 7.17515789863523, 44.693969227683851 ], [ 7.175158170186735, 44.693969456499687 ], [ 7.175176462929039, 44.693984870399795 ], [ 7.175166326969872, 44.693994813123659 ], [ 7.175162935251874, 44.693998140179822 ], [ 7.175176734665476, 44.693985028463743 ], [ 7.175448280797672, 44.693920075400989 ], [ 7.175620678548303, 44.693877701124158 ], [ 7.175763114753754, 44.69387461464953 ], [ 7.175798561587161, 44.693830759256194 ], [ 7.175915209119768, 44.693820796329327 ], [ 7.176068486457612, 44.693926458352209 ], [ 7.176153675572187, 44.693917350800604 ], [ 7.176131142107502, 44.693891798032887 ], [ 7.176087566743909, 44.693901328309629 ], [ 7.175953116923282, 44.693804553700105 ], [ 7.175895156571164, 44.69379536139288 ], [ 7.175757784714085, 44.693795037279017 ], [ 7.175747241441419, 44.693848867411816 ], [ 7.175628772011815, 44.693852518759414 ], [ 7.175510832654024, 44.693870435573857 ], [ 7.175285350104483, 44.693915485619357 ], [ 7.175146008821989, 44.693944342328635 ] ] ] ] } },
{ "type": "Feature", "properties": { "id_partic": 6619967, "id_foglio": 19760, "belfiore": "D172", "istat": "004077", "comune": "Crissolo", "sezione": "C", "foglio": "47", "particella": "366", "data_agg": "2021-12-31", "data_elab": "2022-03-31" }, "geometry": { "type": "MultiPolygon", "coordinates": [ [ [ [ 7.16633241099631, 44.695607504184075 ], [ 7.166510828611248, 44.69573231209587 ], [ 7.166543972483384, 44.695753509936793 ], [ 7.166594132420055, 44.695688751936885 ], [ 7.166445442079777, 44.695527770252681 ], [ 7.16633241099631, 44.695607504184075 ] ] ] ] } },
{ "type": "Feature", "properties": { "id_partic": 6620203, "id_foglio": 19760, "belfiore": "D172", "istat": "004077", "comune": "Crissolo", "sezione": "C", "foglio": "47", "particella": "252", "data_agg": "2021-12-31", "data_elab": "2022-03-31" }, "geometry": { "type": "MultiPolygon", "coordinates": [ [ [ [ 7.168079247745879, 44.694223102293968 ], [ 7.168105483565007, 44.694201387582119 ], [ 7.168111373553605, 44.694196927501956 ], [ 7.168127080826022, 44.694185033468187 ], [ 7.168118496043063, 44.694188463325361 ], [ 7.168019369255667, 44.694228067129224 ], [ 7.168016207792321, 44.694226879419737 ], [ 7.16799973172666, 44.694220689632196 ], [ 7.167978701340942, 44.694212788856021 ], [ 7.167925976777044, 44.694192981062848 ], [ 7.167923496712564, 44.694196339783474 ], [ 7.167806048839107, 44.694220293481393 ], [ 7.167404036061948, 44.694241272059372 ], [ 7.167261754049478, 44.694249337236819 ], [ 7.167171118872515, 44.694253833174635 ], [ 7.166736529334917, 44.694394516958539 ], [ 7.166629297529437, 44.694429953086775 ], [ 7.166565410628684, 44.694454493325061 ], [ 7.166548194285331, 44.694472297877482 ], [ 7.166518998687016, 44.694502970425965 ], [ 7.166480072064492, 44.694541919170952 ], [ 7.166427744202227, 44.694648107506474 ], [ 7.166375269019803, 44.694755106967193 ], [ 7.16623833970346, 44.69503706109515 ], [ 7.16615410998481, 44.695213622126182 ], [ 7.166192822455668, 44.695194385999358 ], [ 7.166301435427251, 44.695200898677783 ], [ 7.16655061008844, 44.695155469287172 ], [ 7.16661800445353, 44.695116611703718 ], [ 7.166681557856209, 44.69506456524698 ], [ 7.166646972080734, 44.694862375067011 ], [ 7.166653437388153, 44.694752792040539 ], [ 7.166698064991714, 44.69462241904484 ], [ 7.166786452373416, 44.694527111071061 ], [ 7.16696155313337, 44.694441759187768 ], [ 7.166990109677302, 44.694426022531381 ], [ 7.16715818368602, 44.694385656846343 ], [ 7.167298047251849, 44.694363526415536 ], [ 7.16743713414454, 44.694340877956392 ], [ 7.167684097148478, 44.694302391888705 ], [ 7.167873461349431, 44.694275503471545 ], [ 7.168066452639706, 44.694237627858797 ], [ 7.168070571277568, 44.694230283578342 ], [ 7.168074581845535, 44.694226964137137 ], [ 7.168079247745879, 44.694223102293968 ] ] ] ] } },
{ "type": "Feature", "properties": { "id_partic": 6620424, "id_foglio": 19760, "belfiore": "D172", "istat": "004077", "comune": "Crissolo", "sezione": "C", "foglio": "47", "particella": "113", "data_agg": "2021-12-31", "data_elab": "2022-03-31" }, "geometry": { "type": "MultiPolygon", "coordinates": [ [ [ [ 7.16655370434402, 44.695184160067278 ], [ 7.16649032351855, 44.695223008653052 ], [ 7.166379729987069, 44.695268857901041 ], [ 7.166399119738299, 44.695282804752303 ], [ 7.16660973036799, 44.695428218854346 ], [ 7.166740568172495, 44.695518500710953 ], [ 7.166760458354865, 44.695487260791616 ], [ 7.166851137326183, 44.695414912509072 ], [ 7.166885443465125, 44.695401970924024 ], [ 7.166764608387425, 44.695322331045141 ], [ 7.16655370434402, 44.695184160067278 ] ] ] ] } },
{ "type": "Feature", "properties": { "id_partic": 6620427, "id_foglio": 19760, "belfiore": "D172", "istat": "004077", "comune": "Crissolo", "sezione": "C", "foglio": "47", "particella": "116", "data_agg": "2021-12-31", "data_elab": "2022-03-31" }, "geometry": { "type": "MultiPolygon", "coordinates": [ [ [ [ 7.16633241099631, 44.695607504184075 ], [ 7.166445442079777, 44.695527770252681 ], [ 7.166321704604873, 44.695447399940704 ], [ 7.166137871886647, 44.695542833884161 ], [ 7.166245596436222, 44.695631734981873 ], [ 7.166268899829349, 44.695650939176083 ], [ 7.166276671892656, 44.695648694399374 ], [ 7.16633241099631, 44.695607504184075 ] ] ] ] } },
{ "type": "Feature", "properties": { "id_partic": 6620439, "id_foglio": 19760, "belfiore": "D172", "istat": "004077", "comune": "Crissolo", "sezione": "C", "foglio": "47", "particella": "114", "data_agg": "2021-12-31", "data_elab": "2022-03-31" }, "geometry": { "type": "MultiPolygon", "coordinates": [ [ [ [ 7.166379729987069, 44.695268857901041 ], [ 7.166280454098994, 44.695304534567036 ], [ 7.166198826979793, 44.695334484532736 ], [ 7.166232079190517, 44.695364610415538 ], [ 7.166321704604873, 44.695447399940704 ], [ 7.166445442079777, 44.695527770252681 ], [ 7.166594132420055, 44.695688751936885 ], [ 7.166608840499932, 44.695702238274023 ], [ 7.166698510659763, 44.69559773781922 ], [ 7.166740568172495, 44.695518500710953 ], [ 7.16660973036799, 44.695428218854346 ], [ 7.166399119738299, 44.695282804752303 ], [ 7.166379729987069, 44.695268857901041 ] ] ] ] } },
{ "type": "Feature", "properties": { "id_partic": 6620451, "id_foglio": 19760, "belfiore": "D172", "istat": "004077", "comune": "Crissolo", "sezione": "C", "foglio": "47", "particella": "117", "data_agg": "2021-12-31", "data_elab": "2022-03-31" }, "geometry": { "type": "MultiPolygon", "coordinates": [ [ [ [ 7.165982371458266, 44.695410441911712 ], [ 7.166137871886647, 44.695542833884161 ], [ 7.166321704604873, 44.695447399940704 ], [ 7.166232079190517, 44.695364610415538 ], [ 7.166198826979793, 44.695334484532736 ], [ 7.166086185780211, 44.695380923374451 ], [ 7.165982371458266, 44.695410441911712 ] ] ] ] } },
{ "type": "Feature", "properties": { "id_partic": 6620464, "id_foglio": 19760, "belfiore": "D172", "istat": "004077", "comune": "Crissolo", "sezione": "C", "foglio": "47", "particella": "118", "data_agg": "2021-12-31", "data_elab": "2022-03-31" }, "geometry": { "type": "MultiPolygon", "coordinates": [ [ [ [ 7.165817924994671, 44.695454090870484 ], [ 7.16596698906762, 44.695641421868629 ], [ 7.166137871886647, 44.695542833884161 ], [ 7.165982371458266, 44.695410441911712 ], [ 7.165970687558322, 44.69541524686219 ], [ 7.165920282768459, 44.695418441881607 ], [ 7.165863359066816, 44.695446188563814 ], [ 7.165817924994671, 44.695454090870484 ] ] ] ] } },
{ "type": "Feature", "properties": { "id_partic": 6620479, "id_foglio": 19760, "belfiore": "D172", "istat": "004077", "comune": "Crissolo", "sezione": "C", "foglio": "47", "particella": "120", "data_agg": "2021-12-31", "data_elab": "2022-03-31" }, "geometry": { "type": "MultiPolygon", "coordinates": [ [ [ [ 7.165817924994671, 44.695454090870484 ], [ 7.165767560821487, 44.695464049516509 ], [ 7.165718097428308, 44.695478767753201 ], [ 7.165738661265343, 44.695491175249145 ], [ 7.165730225383601, 44.69553502458762 ], [ 7.165674887242667, 44.695562075656483 ], [ 7.165577255918676, 44.695587005616169 ], [ 7.165579832431239, 44.695603368869961 ], [ 7.16552690925869, 44.695605919032083 ], [ 7.16542997246989, 44.695623710294015 ], [ 7.165387254191838, 44.695648365133138 ], [ 7.165400583335287, 44.695707144150596 ], [ 7.165443470296336, 44.695867357224657 ], [ 7.165450137330004, 44.695866157272981 ], [ 7.165570102401111, 44.695827543102865 ], [ 7.165681817789405, 44.695769868545952 ], [ 7.165847188224072, 44.695691278500945 ], [ 7.165911975238796, 44.695662723719174 ], [ 7.16596698906762, 44.695641421868629 ], [ 7.165817924994671, 44.695454090870484 ] ] ] ] } },
{ "type": "Feature", "properties": { "id_partic": 6620480, "id_foglio": 19760, "belfiore": "D172", "istat": "004077", "comune": "Crissolo", "sezione": "C", "foglio": "47", "particella": "119", "data_agg": "2021-12-31", "data_elab": "2022-03-31" }, "geometry": { "type": "MultiPolygon", "coordinates": [ [ [ [ 7.166093095276132, 44.695717243598097 ], [ 7.166150208477651, 44.69569493966204 ], [ 7.166225220799252, 44.695667791295982 ], [ 7.166268899829349, 44.695650939176083 ], [ 7.166245596436222, 44.695631734981873 ], [ 7.166137871886647, 44.695542833884161 ], [ 7.16596698906762, 44.695641421868629 ], [ 7.166074224288706, 44.695724451248218 ], [ 7.166093095276132, 44.695717243598097 ] ] ] ] } },
{ "type": "Feature", "properties": { "id_partic": 6620491, "id_foglio": 19760, "belfiore": "D172", "istat": "004077", "comune": "Crissolo", "sezione": "C", "foglio": "47", "particella": "430", "data_agg": "2021-12-31", "data_elab": "2022-03-31" }, "geometry": { "type": "MultiPolygon", "coordinates": [ [ [ [ 7.164619704905533, 44.696497679859306 ], [ 7.164594692211644, 44.696463474044535 ], [ 7.164542276742318, 44.696533025563234 ], [ 7.164454319294024, 44.696579731426432 ], [ 7.164322383544124, 44.69668136167676 ], [ 7.164327456353938, 44.696693638779493 ], [ 7.164622568648601, 44.696621880784782 ], [ 7.164705635066433, 44.696620796845693 ], [ 7.16525396747995, 44.696610936007247 ], [ 7.165479058925212, 44.696605477471074 ], [ 7.165653108194071, 44.696635428884662 ], [ 7.165901648701714, 44.696678022027811 ], [ 7.16590462671999, 44.696616050985227 ], [ 7.165660429684984, 44.696573670561087 ], [ 7.165492847190041, 44.696543780045118 ], [ 7.165503033619586, 44.696503134677606 ], [ 7.165539447297091, 44.696346563556638 ], [ 7.165447453879486, 44.696358125530168 ], [ 7.165396511247126, 44.696357690288274 ], [ 7.165288697868593, 44.696335596465815 ], [ 7.165174743809229, 44.696359017975027 ], [ 7.165117655601917, 44.696383103130231 ], [ 7.165061855665353, 44.69639734511275 ], [ 7.16503527230624, 44.696401188615781 ], [ 7.165039329401122, 44.696478703640047 ], [ 7.165036056818515, 44.696549119475932 ], [ 7.164956065510844, 44.696554252462086 ], [ 7.164875649582829, 44.696559822436782 ], [ 7.164800005476582, 44.696546323484377 ], [ 7.164706204674081, 44.696527070046891 ], [ 7.164626800089144, 44.696517001245965 ], [ 7.164619704905533, 44.696497679859306 ] ] ] ] } },
{ "type": "Feature", "properties": { "id_partic": 6620492, "id_foglio": 19760, "belfiore": "D172", "istat": "004077", "comune": "Crissolo", "sezione": "C", "foglio": "47", "particella": "132", "data_agg": "2021-12-31", "data_elab": "2022-03-31" }, "geometry": { "type": "MultiPolygon", "coordinates": [ [ [ [ 7.163980076695958, 44.69664179919409 ], [ 7.164027291446212, 44.696620092253738 ], [ 7.164205568433003, 44.69656580627548 ], [ 7.164417235130024, 44.696447417786963 ], [ 7.164467355573312, 44.696395251201572 ], [ 7.164589600826866, 44.696360894944505 ], [ 7.164732753984462, 44.696346450488804 ], [ 7.16479177562668, 44.696362058397376 ], [ 7.164950085630462, 44.69632069506595 ], [ 7.164962465742658, 44.696277818410316 ], [ 7.165007441576424, 44.69624916056091 ], [ 7.165110085347423, 44.696214656566035 ], [ 7.16524650501777, 44.696187277362711 ], [ 7.164989557468709, 44.696024705229263 ], [ 7.164932753369403, 44.69593961473462 ], [ 7.164824105652448, 44.695997369878846 ], [ 7.16475046815791, 44.696045104707828 ], [ 7.164396480109797, 44.696274938396989 ], [ 7.164164200160738, 44.696420354145367 ], [ 7.163929034366711, 44.696571515623781 ], [ 7.163980076695958, 44.69664179919409 ] ] ] ] } },
{ "type": "Feature", "properties": { "id_partic": 6620494, "id_foglio": 19760, "belfiore": "D172", "istat": "004077", "comune": "Crissolo", "sezione": "C", "foglio": "47", "particella": "147", "data_agg": "2021-12-31", "data_elab": "2022-03-31" }, "geometry": { "type": "MultiPolygon", "coordinates": [ [ [ [ 7.162868644530877, 44.695600127132401 ], [ 7.162669044606576, 44.695678292744986 ], [ 7.162633996437984, 44.695693886970545 ], [ 7.162738430941697, 44.695732144376677 ], [ 7.162954363659456, 44.695871413214086 ], [ 7.162979792541628, 44.695855738473171 ], [ 7.163008021093648, 44.695803366025814 ], [ 7.163070415616448, 44.695754666515811 ], [ 7.162868644530877, 44.695600127132401 ] ] ] ] } },
{ "type": "Feature", "properties": { "id_partic": 6620497, "id_foglio": 19760, "belfiore": "D172", "istat": "004077", "comune": "Crissolo", "sezione": "C", "foglio": "47", "particella": "121", "data_agg": "2021-12-31", "data_elab": "2022-03-31" }, "geometry": { "type": "MultiPolygon", "coordinates": [ [ [ [ 7.165658203653502, 44.695871205530423 ], [ 7.165730045442749, 44.69582822493927 ], [ 7.165846230204469, 44.695812057799927 ], [ 7.165931803449102, 44.695775276336192 ], [ 7.166074224288706, 44.695724451248218 ], [ 7.16596698906762, 44.695641421868629 ], [ 7.165911975238796, 44.695662723719174 ], [ 7.165847188224072, 44.695691278500945 ], [ 7.165681817789405, 44.695769868545952 ], [ 7.165570102401111, 44.695827543102865 ], [ 7.165450137330004, 44.695866157272981 ], [ 7.165528169865157, 44.695921733163907 ], [ 7.165573522505711, 44.695900463413004 ], [ 7.165658203653502, 44.695871205530423 ] ] ] ] } },
{ "type": "Feature", "properties": { "id_partic": 6620499, "id_foglio": 19760, "belfiore": "D172", "istat": "004077", "comune": "Crissolo", "sezione": "C", "foglio": "47", "particella": "12", "data_agg": "2021-12-31", "data_elab": "2022-03-31" }, "geometry": { "type": "MultiPolygon", "coordinates": [ [ [ [ 7.166256079901554, 44.696391030801649 ], [ 7.166346897322299, 44.696125639059836 ], [ 7.166237798774741, 44.696124382018837 ], [ 7.166171759882766, 44.696128303587393 ], [ 7.166084036385729, 44.696136093373589 ], [ 7.166062035758783, 44.696237581900512 ], [ 7.166040000662962, 44.696330249650764 ], [ 7.166010609956744, 44.696329016474749 ], [ 7.166001345748196, 44.696558694723649 ], [ 7.165992363110719, 44.696732522559984 ], [ 7.16612445679492, 44.696709903038034 ], [ 7.166124486726107, 44.69670407327942 ], [ 7.166125757841427, 44.696575117545486 ], [ 7.166107745214751, 44.696461077561146 ], [ 7.166088104367839, 44.696370266281612 ], [ 7.16608288905657, 44.696345214863278 ], [ 7.166255058468836, 44.696394676053529 ], [ 7.166256079901554, 44.696391030801649 ] ] ] ] } },
{ "type": "Feature", "properties": { "id_partic": 6620505, "id_foglio": 19760, "belfiore": "D172", "istat": "004077", "comune": "Crissolo", "sezione": "C", "foglio": "47", "particella": "7", "data_agg": "2021-12-31", "data_elab": "2022-03-31" }, "geometry": { "type": "MultiPolygon", "coordinates": [ [ [ [ 7.164619704905533, 44.696497679859306 ], [ 7.164901469336569, 44.696485437905942 ], [ 7.165039329401122, 44.696478703640047 ], [ 7.16503527230624, 44.696401188615781 ], [ 7.164594692211644, 44.696463474044535 ], [ 7.164619704905533, 44.696497679859306 ] ] ] ] } },
{ "type": "Feature", "properties": { "id_partic": 6620506, "id_foglio": 19760, "belfiore": "D172", "istat": "004077", "comune": "Crissolo", "sezione": "C", "foglio": "47", "particella": "126", "data_agg": "2021-12-31", "data_elab": "2022-03-31" }, "geometry": { "type": "MultiPolygon", "coordinates": [ [ [ [ 7.16524650501777, 44.696187277362711 ], [ 7.165314612750291, 44.696171132280433 ], [ 7.165389828762141, 44.696148120502819 ], [ 7.16520609174579, 44.695927568079327 ], [ 7.165155724548415, 44.695827681974606 ], [ 7.164932753369403, 44.69593961473462 ], [ 7.164989557468709, 44.696024705229263 ], [ 7.16524650501777, 44.696187277362711 ] ] ] ] } },
{ "type": "Feature", "properties": { "id_partic": 6620515, "id_foglio": 19760, "belfiore": "D172", "istat": "004077", "comune": "Crissolo", "sezione": "C", "foglio": "47", "particella": "125", "data_agg": "2021-12-31", "data_elab": "2022-03-31" }, "geometry": { "type": "MultiPolygon", "coordinates": [ [ [ [ 7.165528169865157, 44.695921733163907 ], [ 7.165450137330004, 44.695866157272981 ], [ 7.165443470296336, 44.695867357224657 ], [ 7.165337799778461, 44.695878326886891 ], [ 7.165288809590971, 44.695895735570538 ], [ 7.1653128305796, 44.695909952417956 ], [ 7.165380473716481, 44.695947335699636 ], [ 7.165601407905583, 44.696056343362045 ], [ 7.165697187980236, 44.696054957375793 ], [ 7.165613387215719, 44.695988571867922 ], [ 7.165528169865157, 44.695921733163907 ] ] ] ] } },
{ "type": "Feature", "properties": { "id_partic": 6620520, "id_foglio": 19760, "belfiore": "D172", "istat": "004077", "comune": "Crissolo", "sezione": "C", "foglio": "47", "particella": "11", "data_agg": "2021-12-31", "data_elab": "2022-03-31" }, "geometry": { "type": "MultiPolygon", "coordinates": [ [ [ [ 7.165929341346583, 44.696326007719776 ], [ 7.166010609956744, 44.696329016474749 ], [ 7.166040000662962, 44.696330249650764 ], [ 7.166062035758783, 44.696237581900512 ], [ 7.165928838461122, 44.696285383304847 ], [ 7.165929341346583, 44.696326007719776 ] ] ] ] } },
{ "type": "Feature", "properties": { "id_partic": 6620527, "id_foglio": 19760, "belfiore": "D172", "istat": "004077", "comune": "Crissolo", "sezione": "C", "foglio": "47", "particella": "6", "data_agg": "2021-12-31", "data_elab": "2022-03-31" }, "geometry": { "type": "MultiPolygon", "coordinates": [ [ [ [ 7.164619704905533, 44.696497679859306 ], [ 7.164626800089144, 44.696517001245965 ], [ 7.164706204674081, 44.696527070046891 ], [ 7.164800005476582, 44.696546323484377 ], [ 7.164875649582829, 44.696559822436782 ], [ 7.164956065510844, 44.696554252462086 ], [ 7.165036056818515, 44.696549119475932 ], [ 7.165039329401122, 44.696478703640047 ], [ 7.164901469336569, 44.696485437905942 ], [ 7.164619704905533, 44.696497679859306 ] ] ] ] } },
{ "type": "Feature", "properties": { "id_partic": 6620528, "id_foglio": 19760, "belfiore": "D172", "istat": "004077", "comune": "Crissolo", "sezione": "C", "foglio": "47", "particella": "367", "data_agg": "2021-12-31", "data_elab": "2022-03-31" }, "geometry": { "type": "MultiPolygon", "coordinates": [ [ [ [ 7.165400583335287, 44.695707144150596 ], [ 7.165155724548415, 44.695827681974606 ], [ 7.16520609174579, 44.695927568079327 ], [ 7.165389828762141, 44.696148120502819 ], [ 7.16548997740693, 44.69611880470908 ], [ 7.165552316459085, 44.696060902372047 ], [ 7.165601407905583, 44.696056343362045 ], [ 7.165380473716481, 44.695947335699636 ], [ 7.1653128305796, 44.695909952417956 ], [ 7.165288809590971, 44.695895735570538 ], [ 7.165337799778461, 44.695878326886891 ], [ 7.165443470296336, 44.695867357224657 ], [ 7.165400583335287, 44.695707144150596 ] ] ] ] } },
{ "type": "Feature", "properties": { "id_partic": 6620537, "id_foglio": 19760, "belfiore": "D172", "istat": "004077", "comune": "Crissolo", "sezione": "C", "foglio": "47", "particella": "10", "data_agg": "2021-12-31", "data_elab": "2022-03-31" }, "geometry": { "type": "MultiPolygon", "coordinates": [ [ [ [ 7.165929341346583, 44.696326007719776 ], [ 7.16590462671999, 44.696616050985227 ], [ 7.165901648701714, 44.696678022027811 ], [ 7.165897357304773, 44.696751806642233 ], [ 7.165992363110719, 44.696732522559984 ], [ 7.166001345748196, 44.696558694723649 ], [ 7.166010609956744, 44.696329016474749 ], [ 7.165929341346583, 44.696326007719776 ] ] ] ] } },
{ "type": "Feature", "properties": { "id_partic": 6620539, "id_foglio": 19760, "belfiore": "D172", "istat": "004077", "comune": "Crissolo", "sezione": "C", "foglio": "47", "particella": "66", "data_agg": "2021-12-31", "data_elab": "2022-03-31" }, "geometry": { "type": "MultiPolygon", "coordinates": [ [ [ [ 7.166265973676174, 44.696545093692059 ], [ 7.166241906344693, 44.696441256805095 ], [ 7.166255058468836, 44.696394676053529 ], [ 7.16608288905657, 44.696345214863278 ], [ 7.166088104367839, 44.696370266281612 ], [ 7.166107745214751, 44.696461077561146 ], [ 7.166125757841427, 44.696575117545486 ], [ 7.166124486726107, 44.69670407327942 ], [ 7.16612445679492, 44.696709903038034 ], [ 7.16614817004621, 44.696705647575868 ], [ 7.166245534995385, 44.696653367909988 ], [ 7.166342910497825, 44.696595820241569 ], [ 7.166319430364304, 44.696549501976897 ], [ 7.166269431816387, 44.696553425800687 ], [ 7.166265973676174, 44.696545093692059 ] ] ] ] } },
{ "type": "Feature", "properties": { "id_partic": 6620891, "id_foglio": 19762, "belfiore": "D172", "istat": "004077", "comune": "Crissolo", "sezione": "C", "foglio": "49", "particella": "149", "data_agg": "2021-12-31", "data_elab": "2022-03-31" }, "geometry": { "type": "MultiPolygon", "coordinates": [ [ [ [ 7.169407757818579, 44.693783462822722 ], [ 7.169451152024061, 44.693765059079112 ], [ 7.169517155309261, 44.693759732553659 ], [ 7.169536969980674, 44.693754842610893 ], [ 7.169518579012294, 44.693733645520815 ], [ 7.169532754935624, 44.693725763297188 ], [ 7.169599914648536, 44.693672557360287 ], [ 7.169784351372943, 44.693526405195897 ], [ 7.169819404926061, 44.693497894017476 ], [ 7.169885760758056, 44.693477514449512 ], [ 7.169990920163989, 44.693558064735761 ], [ 7.170119876278044, 44.693499173483822 ], [ 7.170045636528394, 44.693415391461954 ], [ 7.170084033338963, 44.693396050486939 ], [ 7.170166331932149, 44.693346160960267 ], [ 7.170318362007193, 44.693255523567878 ], [ 7.170442775726245, 44.693181377236179 ], [ 7.170568863660252, 44.693129202767238 ], [ 7.17070011634462, 44.693074928113418 ], [ 7.170815187476258, 44.693028122492258 ], [ 7.171125359590201, 44.692898041789682 ], [ 7.171589126615961, 44.692681908460983 ], [ 7.171861200690252, 44.692554944781641 ], [ 7.172204194736437, 44.692406338424405 ], [ 7.172329596861546, 44.692352916582621 ], [ 7.172555554307324, 44.692315462150042 ], [ 7.173016685956193, 44.692237493152739 ], [ 7.173320645041863, 44.69218953133047 ], [ 7.173312589372911, 44.692151506958936 ], [ 7.173309775996907, 44.692137365806715 ], [ 7.172993031359419, 44.692188080073365 ], [ 7.172556575716244, 44.692259145821083 ], [ 7.172472546534824, 44.692271032576954 ], [ 7.17229847050867, 44.69223439881236 ], [ 7.172190615671548, 44.692210628228132 ], [ 7.172183675898948, 44.692211327364234 ], [ 7.172156970850286, 44.692220159139147 ], [ 7.172099551402694, 44.692239129050996 ], [ 7.172079318166283, 44.692260305483423 ], [ 7.171973709659666, 44.692373263224482 ], [ 7.171892022037055, 44.6924096463217 ], [ 7.171799230495271, 44.692451941246091 ], [ 7.171664815554275, 44.692511439914426 ], [ 7.171622952903946, 44.692533468670653 ], [ 7.171554446207979, 44.692572511580316 ], [ 7.17144389480778, 44.692636435714377 ], [ 7.171315037831466, 44.692712506160134 ], [ 7.171226278338733, 44.692764868260262 ], [ 7.171143574431323, 44.692813079935782 ], [ 7.17109372533077, 44.69284440312655 ], [ 7.170933230820506, 44.692911860505021 ], [ 7.170788096022943, 44.692971697245397 ], [ 7.170656262577781, 44.693026277587855 ], [ 7.170523682519684, 44.693081188719738 ], [ 7.170395227983256, 44.69313464874508 ], [ 7.170271274347034, 44.693208694834006 ], [ 7.17012655350622, 44.693295410466895 ], [ 7.170001932044408, 44.693368824910095 ], [ 7.169834611301347, 44.693434825217224 ], [ 7.169766753206762, 44.693461706542209 ], [ 7.169735561102609, 44.693486561313058 ], [ 7.169566999774427, 44.693617118336995 ], [ 7.169477969272664, 44.69368607183408 ], [ 7.169285893166133, 44.693753445774341 ], [ 7.169146456100279, 44.693802260308381 ], [ 7.168997999799386, 44.693854168480755 ], [ 7.168904449371848, 44.693913130825983 ], [ 7.168794011791501, 44.69398271465424 ], [ 7.168756510567386, 44.693990840096703 ], [ 7.168549974706931, 44.694035993816371 ], [ 7.168379512914973, 44.6940733967906 ], [ 7.168139886980628, 44.694133558733888 ], [ 7.167980486244876, 44.694175479627184 ], [ 7.16792000665769, 44.694190995509118 ], [ 7.167920003080481, 44.694191001717691 ], [ 7.167923212327274, 44.694191942501313 ], [ 7.167925976777044, 44.694192981062848 ], [ 7.167978701340942, 44.694212788856021 ], [ 7.16799973172666, 44.694220689632196 ], [ 7.168016207792321, 44.694226879419737 ], [ 7.168019369255667, 44.694228067129224 ], [ 7.168118496043063, 44.694188463325361 ], [ 7.168127080826022, 44.694185033468187 ], [ 7.168111373553605, 44.694196927501956 ], [ 7.168105483565007, 44.694201387582119 ], [ 7.168079247745879, 44.694223102293968 ], [ 7.168075705191775, 44.694227654676482 ], [ 7.168120603453784, 44.694220388122901 ], [ 7.168743976474611, 44.694085498824251 ], [ 7.168859345559961, 44.694027323747605 ], [ 7.169028638428268, 44.693943835750055 ], [ 7.169407757818579, 44.693783462822722 ] ] ] ] } },
{ "type": "Feature", "properties": { "id_partic": 6620928, "id_foglio": 19762, "belfiore": "D172", "istat": "004077", "comune": "Crissolo", "sezione": "C", "foglio": "49", "particella": "148", "data_agg": "2021-12-31", "data_elab": "2022-03-31" }, "geometry": { "type": "MultiPolygon", "coordinates": [ [ [ [ 7.169830884073742, 44.693671731236321 ], [ 7.169910438682051, 44.693629390911639 ], [ 7.16989815213713, 44.693620928887334 ], [ 7.169816259301142, 44.693657678156391 ], [ 7.169830884073742, 44.693671731236321 ] ] ] ] } },
{ "type": "Feature", "properties": { "id_partic": 6620942, "id_foglio": 19762, "belfiore": "D172", "istat": "004077", "comune": "Crissolo", "sezione": "C", "foglio": "49", "particella": "147", "data_agg": "2021-12-31", "data_elab": "2022-03-31" }, "geometry": { "type": "MultiPolygon", "coordinates": [ [ [ [ 7.169910438682051, 44.693629390911639 ], [ 7.169925149004768, 44.693621834536188 ], [ 7.17001403938739, 44.693576233247697 ], [ 7.170009371024589, 44.693571017002476 ], [ 7.16989815213713, 44.693620928887334 ], [ 7.169910438682051, 44.693629390911639 ] ] ] ] } },
{ "type": "Feature", "properties": { "id_partic": 6620974, "id_foglio": 19762, "belfiore": "D172", "istat": "004077", "comune": "Crissolo", "sezione": "C", "foglio": "49", "particella": "192", "data_agg": "2021-12-31", "data_elab": "2022-03-31" }, "geometry": { "type": "MultiPolygon", "coordinates": [ [ [ [ 7.170247314312147, 44.693442240741845 ], [ 7.170166331932149, 44.693346160960267 ], [ 7.170084033338963, 44.693396050486939 ], [ 7.170045636528394, 44.693415391461954 ], [ 7.170119876278044, 44.693499173483822 ], [ 7.170247314312147, 44.693442240741845 ] ] ] ] } },
{ "type": "Feature", "properties": { "id_partic": 6621147, "id_foglio": 19762, "belfiore": "D172", "istat": "004077", "comune": "Crissolo", "sezione": "C", "foglio": "49", "particella": "231", "data_agg": "2021-12-31", "data_elab": "2022-03-31" }, "geometry": { "type": "MultiPolygon", "coordinates": [ [ [ [ 7.171473607355186, 44.692034297750048 ], [ 7.17162974024615, 44.692110440811902 ], [ 7.171892022037055, 44.6924096463217 ], [ 7.171973709659666, 44.692373263224482 ], [ 7.172079318166283, 44.692260305483423 ], [ 7.171739606519903, 44.692040403757986 ], [ 7.171503576135448, 44.691868301619564 ], [ 7.171473607355186, 44.692034297750048 ] ] ] ] } },
{ "type": "Feature", "properties": { "id_partic": 6621521, "id_foglio": 19764, "belfiore": "D172", "istat": "004077", "comune": "Crissolo", "sezione": "C", "foglio": "51", "particella": "134", "data_agg": "2021-12-31", "data_elab": "2022-03-31" }, "geometry": { "type": "MultiPolygon", "coordinates": [ [ [ [ 7.17473794847796, 44.691102494439576 ], [ 7.174446374745211, 44.691368283821468 ], [ 7.174434649428957, 44.691376594369814 ], [ 7.174346356018641, 44.691439137277676 ], [ 7.174148982965916, 44.691578043190752 ], [ 7.174011715192694, 44.691775899252619 ], [ 7.173984099780971, 44.69180341423089 ], [ 7.173952313929439, 44.691894154780108 ], [ 7.173850128835471, 44.691972336858655 ], [ 7.173689826117317, 44.692088339275728 ], [ 7.173677229719771, 44.692097464416698 ], [ 7.173312589372911, 44.692151506958936 ], [ 7.173320645041863, 44.69218953133047 ], [ 7.173321485730462, 44.692193499546406 ], [ 7.173700189335577, 44.692140493597726 ], [ 7.173734154720576, 44.692135935472585 ], [ 7.173875591268549, 44.692022808261832 ], [ 7.173878590082142, 44.692020485674028 ], [ 7.174004639090962, 44.691917155472218 ], [ 7.174212317650642, 44.691611526999161 ], [ 7.17440808196997, 44.69148042998232 ], [ 7.174501312508419, 44.691420933275651 ], [ 7.174549356662765, 44.69138502970393 ], [ 7.174803919750388, 44.691149562210207 ], [ 7.174807599541293, 44.691146157857652 ], [ 7.174923671002925, 44.691040534521782 ], [ 7.175130058800558, 44.69091540926474 ], [ 7.175252935755903, 44.690806831505228 ], [ 7.175338988928803, 44.690681025288562 ], [ 7.175436865092706, 44.690650595086829 ], [ 7.17544135621843, 44.690649034481048 ], [ 7.175500418761243, 44.690624423968536 ], [ 7.175573623121148, 44.690548200655961 ], [ 7.175632475281368, 44.690450249050279 ], [ 7.175745192863147, 44.690230406670501 ], [ 7.175863958644452, 44.690006441107357 ], [ 7.176065819596078, 44.689884026934166 ], [ 7.176208799625668, 44.689643301076089 ], [ 7.176255201912793, 44.689287682578254 ], [ 7.176234120590169, 44.689154700835346 ], [ 7.176213051006583, 44.688973576930216 ], [ 7.176225398915518, 44.688960451577238 ], [ 7.176223648313663, 44.68895961350173 ], [ 7.176215785698492, 44.688955849386915 ], [ 7.176135883470821, 44.688911148725836 ], [ 7.176133960714048, 44.688912897697882 ], [ 7.176118391676336, 44.689015568457982 ], [ 7.176169721613626, 44.689296693624904 ], [ 7.176128850895955, 44.689630423151087 ], [ 7.176001340650921, 44.689841672889223 ], [ 7.175801466734579, 44.689946529774367 ], [ 7.17562467526219, 44.690199516986539 ], [ 7.175593937102359, 44.690398700054068 ], [ 7.175573534461243, 44.690423085369964 ], [ 7.175569729252667, 44.690427702641095 ], [ 7.175449550723235, 44.690573321633138 ], [ 7.175382597325868, 44.690601305204062 ], [ 7.175282291994369, 44.690640065608207 ], [ 7.175186233504305, 44.690783606867249 ], [ 7.175076293962603, 44.690878758999787 ], [ 7.174857706652748, 44.690996807538326 ], [ 7.17473794847796, 44.691102494439576 ] ] ] ] } },
{ "type": "Feature", "properties": { "id_partic": 6621522, "id_foglio": 19764, "belfiore": "D172", "istat": "004077", "comune": "Crissolo", "sezione": "C", "foglio": "51", "particella": "197", "data_agg": "2021-12-31", "data_elab": "2022-03-31" }, "geometry": { "type": "MultiPolygon", "coordinates": [ [ [ [ 7.173655315828244, 44.691684017562352 ], [ 7.173646957366008, 44.691672208220908 ], [ 7.173565239377724, 44.69170163821159 ], [ 7.173554842556811, 44.691705382525733 ], [ 7.173558017200955, 44.691710832277622 ], [ 7.17362119977807, 44.69181668940935 ], [ 7.173689826117317, 44.692088339275728 ], [ 7.173850128835471, 44.691972336858655 ], [ 7.173725506520332, 44.691739973811373 ], [ 7.173655315828244, 44.691684017562352 ] ] ] ] } },
{ "type": "Feature", "properties": { "id_partic": 6621526, "id_foglio": 19764, "belfiore": "D172", "istat": "004077", "comune": "Crissolo", "sezione": "C", "foglio": "51", "particella": "198", "data_agg": "2021-12-31", "data_elab": "2022-03-31" }, "geometry": { "type": "MultiPolygon", "coordinates": [ [ [ [ 7.17325329123641, 44.691794799454918 ], [ 7.173262899897091, 44.691901746849148 ], [ 7.173289228078489, 44.692034083561559 ], [ 7.173309775996907, 44.692137365806715 ], [ 7.173312589372911, 44.692151506958936 ], [ 7.173677229719771, 44.692097464416698 ], [ 7.173689826117317, 44.692088339275728 ], [ 7.17362119977807, 44.69181668940935 ], [ 7.173558017200955, 44.691710832277622 ], [ 7.173554842556811, 44.691705382525733 ], [ 7.173363890843592, 44.691762004243365 ], [ 7.17325329123641, 44.691794799454918 ] ] ] ] } },
{ "type": "Feature", "properties": { "id_partic": 6621530, "id_foglio": 19764, "belfiore": "D172", "istat": "004077", "comune": "Crissolo", "sezione": "C", "foglio": "51", "particella": "139", "data_agg": "2021-12-31", "data_elab": "2022-03-31" }, "geometry": { "type": "MultiPolygon", "coordinates": [ [ [ [ 7.173321485730462, 44.692193499546406 ], [ 7.173348708764296, 44.692321851855738 ], [ 7.173350459441354, 44.692330106003624 ], [ 7.173524296819078, 44.692316803232373 ], [ 7.173729719521367, 44.692257895002754 ], [ 7.173727054591531, 44.692247360752432 ], [ 7.173700189335577, 44.692140493597726 ], [ 7.173321485730462, 44.692193499546406 ] ] ] ] } },
{ "type": "Feature", "properties": { "id_partic": 6621534, "id_foglio": 19764, "belfiore": "D172", "istat": "004077", "comune": "Crissolo", "sezione": "C", "foglio": "51", "particella": "138", "data_agg": "2021-12-31", "data_elab": "2022-03-31" }, "geometry": { "type": "MultiPolygon", "coordinates": [ [ [ [ 7.173875591268549, 44.692022808261832 ], [ 7.173734154720576, 44.692135935472585 ], [ 7.173700189335577, 44.692140493597726 ], [ 7.173727054591531, 44.692247360752432 ], [ 7.173729719521367, 44.692257895002754 ], [ 7.173820394750141, 44.692261101718586 ], [ 7.173967913036854, 44.692227018241418 ], [ 7.173985195455249, 44.692214585880947 ], [ 7.173875591268549, 44.692022808261832 ] ] ] ] } },
{ "type": "Feature", "properties": { "id_partic": 6621538, "id_foglio": 19764, "belfiore": "D172", "istat": "004077", "comune": "Crissolo", "sezione": "C", "foglio": "51", "particella": "140", "data_agg": "2021-12-31", "data_elab": "2022-03-31" }, "geometry": { "type": "MultiPolygon", "coordinates": [ [ [ [ 7.173875591268549, 44.692022808261832 ], [ 7.173985195455249, 44.692214585880947 ], [ 7.174053569582863, 44.692158897768948 ], [ 7.174123907990575, 44.692049420212591 ], [ 7.174160238840743, 44.692016681300046 ], [ 7.174229145728408, 44.691962539389735 ], [ 7.174004639090962, 44.691917155472218 ], [ 7.173878590082142, 44.692020485674028 ], [ 7.173875591268549, 44.692022808261832 ] ] ] ] } },
{ "type": "Feature", "properties": { "id_partic": 6973748, "id_foglio": 25187, "belfiore": "G066", "istat": "004154", "comune": "Oncino", "sezione": "O", "foglio": "14", "particella": "580", "data_agg": "2021-12-31", "data_elab": "2022-03-31" }, "geometry": { "type": "MultiPolygon", "coordinates": [ [ [ [ 7.177068744693306, 44.68602364182798 ], [ 7.17709645222502, 44.685867518867433 ], [ 7.17702232860545, 44.68587643661791 ], [ 7.177068744693306, 44.68602364182798 ] ] ] ] } },
{ "type": "Feature", "properties": { "id_partic": 6971178, "id_foglio": 25198, "belfiore": "G066", "istat": "004154", "comune": "Oncino", "sezione": "O", "foglio": "9", "particella": "753", "data_agg": "2021-12-31", "data_elab": "2022-03-31" }, "geometry": { "type": "MultiPolygon", "coordinates": [ [ [ [ 7.187408107596732, 44.672780364469517 ], [ 7.187534402561883, 44.672868702671636 ], [ 7.187613221262433, 44.672807260848295 ], [ 7.187473718958662, 44.67271354055331 ], [ 7.187420827582972, 44.672763239678773 ], [ 7.187408107596732, 44.672780364469517 ] ] ] ] } },
{ "type": "Feature", "properties": { "id_partic": 6970205, "id_foglio": 25197, "belfiore": "G066", "istat": "004154", "comune": "Oncino", "sezione": "O", "foglio": "8", "particella": "337", "data_agg": "2021-12-31", "data_elab": "2022-03-31" }, "geometry": { "type": "MultiPolygon", "coordinates": [ [ [ [ 7.184502671807734, 44.668927451000584 ], [ 7.184474772325296, 44.668899691108471 ], [ 7.184440622137791, 44.6688665234674 ], [ 7.184354907065398, 44.668783182707926 ], [ 7.1842665835587, 44.668700397184352 ], [ 7.184176216950778, 44.668612152761973 ], [ 7.184412483528692, 44.668452178042202 ], [ 7.184509733808295, 44.66852858117862 ], [ 7.184525600441049, 44.668530457792578 ], [ 7.184582973308964, 44.668537203384737 ], [ 7.184608989269188, 44.668563759451601 ], [ 7.184675310742952, 44.668576058948879 ], [ 7.184675311999989, 44.668576058968604 ], [ 7.184608990526055, 44.668563759471482 ], [ 7.184582974565783, 44.668537203404767 ], [ 7.184509735064939, 44.668528581198842 ], [ 7.184412484785168, 44.668452178062978 ], [ 7.184412481488106, 44.668452177397988 ], [ 7.184315064551978, 44.668432529308006 ], [ 7.184193826038027, 44.668355410147349 ], [ 7.184078543373399, 44.66832719277437 ], [ 7.183952320775266, 44.66827302607431 ], [ 7.18392333035912, 44.668240026931656 ], [ 7.183756509910753, 44.668240018123974 ], [ 7.183756508655541, 44.668240018100001 ], [ 7.183891957265323, 44.668383674571473 ], [ 7.184010373787977, 44.668517846450278 ], [ 7.184124495956491, 44.668649654027668 ], [ 7.184222406154668, 44.668747361554168 ], [ 7.184308479768936, 44.668827957515198 ], [ 7.184391811327965, 44.66890829048414 ], [ 7.184419409341814, 44.668936024746515 ], [ 7.184449443175787, 44.66896276799347 ], [ 7.184752035103905, 44.669246025821117 ], [ 7.184783227309723, 44.669265355140688 ], [ 7.184797257466473, 44.669274904989614 ], [ 7.184823345537733, 44.669294466105441 ], [ 7.184869426092469, 44.669324787005344 ], [ 7.184921115381673, 44.669358975832765 ], [ 7.184963600824392, 44.669388791760618 ], [ 7.185023887349659, 44.669429831845591 ], [ 7.185090235540652, 44.669475218257126 ], [ 7.185156692811645, 44.669527044959416 ], [ 7.185216818266952, 44.669573319149698 ], [ 7.185406042028236, 44.669780529351229 ], [ 7.185513115138803, 44.669896842685425 ], [ 7.185489564472105, 44.669988930163875 ], [ 7.185598496946358, 44.67002817208467 ], [ 7.185909718219761, 44.669843385580464 ], [ 7.185872473884348, 44.669820893132155 ], [ 7.185750983972658, 44.669737109990024 ], [ 7.185629123914552, 44.669655885874754 ], [ 7.185470182960167, 44.669742960973046 ], [ 7.185274728219431, 44.669544513254216 ], [ 7.185310347566291, 44.669524752882545 ], [ 7.18517411109092, 44.669449360427379 ], [ 7.185111407752292, 44.669412818078335 ], [ 7.185038928435223, 44.669372325057964 ], [ 7.184973293402661, 44.669335382632255 ], [ 7.184930146137704, 44.669304594304471 ], [ 7.184901132308245, 44.669279688915495 ], [ 7.184869601531253, 44.669258643160681 ], [ 7.184834875382963, 44.669231616787989 ], [ 7.184757638883354, 44.669178870149565 ], [ 7.184597099902539, 44.669018121167049 ], [ 7.184502671807734, 44.668927451000584 ] ] ] ] } },
{ "type": "Feature", "properties": { "id_partic": 6970301, "id_foglio": 25197, "belfiore": "G066", "istat": "004154", "comune": "Oncino", "sezione": "O", "foglio": "8", "particella": "100", "data_agg": "2021-12-31", "data_elab": "2022-03-31" }, "geometry": { "type": "MultiPolygon", "coordinates": [ [ [ [ 7.185095634257215, 44.672042926066013 ], [ 7.185011846703196, 44.671811137528287 ], [ 7.184979363722213, 44.671723207497529 ], [ 7.184971252416395, 44.67169884355836 ], [ 7.184882800819425, 44.671668516198075 ], [ 7.184747883237133, 44.6717730162473 ], [ 7.184531562388949, 44.671934442897708 ], [ 7.184289962839154, 44.672114646832647 ], [ 7.184265838660401, 44.672137965800843 ], [ 7.18404775480343, 44.672260290663608 ], [ 7.183931667361225, 44.672326441304122 ], [ 7.184434503087674, 44.672460666240248 ], [ 7.184704928326802, 44.672192792957638 ], [ 7.18512154953553, 44.672134094287991 ], [ 7.185095634257215, 44.672042926066013 ] ] ] ] } },
{ "type": "Feature", "properties": { "id_partic": 6970324, "id_foglio": 25197, "belfiore": "G066", "istat": "004154", "comune": "Oncino", "sezione": "O", "foglio": "8", "particella": "52", "data_agg": "2021-12-31", "data_elab": "2022-03-31" }, "geometry": { "type": "MultiPolygon", "coordinates": [ [ [ [ 7.185095634257215, 44.672042926066013 ], [ 7.185168704515354, 44.671941696750572 ], [ 7.185379432373673, 44.67183415538215 ], [ 7.185301150396564, 44.67168952276289 ], [ 7.185011846703196, 44.671811137528287 ], [ 7.185095634257215, 44.672042926066013 ] ] ] ] } },
{ "type": "Feature", "properties": { "id_partic": 6970343, "id_foglio": 25197, "belfiore": "G066", "istat": "004154", "comune": "Oncino", "sezione": "O", "foglio": "8", "particella": "508", "data_agg": "2021-12-31", "data_elab": "2022-03-31" }, "geometry": { "type": "MultiPolygon", "coordinates": [ [ [ [ 7.185580395728879, 44.671595129508148 ], [ 7.185283007043657, 44.671657081266268 ], [ 7.185301150396564, 44.67168952276289 ], [ 7.185379432373673, 44.67183415538215 ], [ 7.185470982675557, 44.671800070018499 ], [ 7.185662736181222, 44.671754382402447 ], [ 7.185658345147136, 44.671745888301473 ], [ 7.185580395728879, 44.671595129508148 ] ] ] ] } },
{ "type": "Feature", "properties": { "id_partic": 6970344, "id_foglio": 25197, "belfiore": "G066", "istat": "004154", "comune": "Oncino", "sezione": "O", "foglio": "8", "particella": "507", "data_agg": "2021-12-31", "data_elab": "2022-03-31" }, "geometry": { "type": "MultiPolygon", "coordinates": [ [ [ [ 7.185301150396564, 44.67168952276289 ], [ 7.185283007043657, 44.671657081266268 ], [ 7.184979363722213, 44.671723207497529 ], [ 7.185011846703196, 44.671811137528287 ], [ 7.185301150396564, 44.67168952276289 ] ] ] ] } },
{ "type": "Feature", "properties": { "id_partic": 6970767, "id_foglio": 25198, "belfiore": "G066", "istat": "004154", "comune": "Oncino", "sezione": "O", "foglio": "9", "particella": "706", "data_agg": "2021-12-31", "data_elab": "2022-03-31" }, "geometry": { "type": "MultiPolygon", "coordinates": [ [ [ [ 7.187210474537335, 44.672512706979404 ], [ 7.187157824123579, 44.67263846258826 ], [ 7.187185169487307, 44.672669592055378 ], [ 7.187269457512492, 44.672846849809275 ], [ 7.187259474011652, 44.672860994880658 ], [ 7.187288350322445, 44.672883683711198 ], [ 7.187390189649252, 44.673002891541174 ], [ 7.187437315148999, 44.673080912182385 ], [ 7.187497681303182, 44.673054215048197 ], [ 7.187392686680532, 44.672996501810481 ], [ 7.187331605211337, 44.672922582962102 ], [ 7.187303385261023, 44.672868306922247 ], [ 7.187297095577394, 44.672805545365641 ], [ 7.187320797488319, 44.672787403199202 ], [ 7.187340927028918, 44.672757660307646 ], [ 7.187363296526774, 44.672731973510061 ], [ 7.187396369663882, 44.672700281434061 ], [ 7.187458612414259, 44.672647923042824 ], [ 7.187264829647915, 44.672532574088237 ], [ 7.187255692983757, 44.672527095075658 ], [ 7.187255691721973, 44.672527095058093 ], [ 7.187210474537335, 44.672512706979404 ] ] ] ] } },
{ "type": "Feature", "properties": { "id_partic": 6970780, "id_foglio": 25198, "belfiore": "G066", "istat": "004154", "comune": "Oncino", "sezione": "O", "foglio": "9", "particella": "88", "data_agg": "2021-12-31", "data_elab": "2022-03-31" }, "geometry": { "type": "MultiPolygon", "coordinates": [ [ [ [ 7.187210474537335, 44.672512706979404 ], [ 7.187210261133252, 44.672512639076118 ], [ 7.187102841432643, 44.672478459009547 ], [ 7.186948017837825, 44.672427198936553 ], [ 7.186792392633109, 44.672379292489097 ], [ 7.186681373806181, 44.67249851965272 ], [ 7.186543164845443, 44.672646946437183 ], [ 7.186575629094946, 44.672666773876713 ], [ 7.186608998550231, 44.672669198378301 ], [ 7.18667458693089, 44.67268198241409 ], [ 7.186701931570191, 44.672695626089116 ], [ 7.186589458843401, 44.672818220713118 ], [ 7.186520362212518, 44.672873397758828 ], [ 7.186467847934184, 44.672908509067078 ], [ 7.18641050763378, 44.672946847000368 ], [ 7.186477818700708, 44.673008924209689 ], [ 7.186517036065611, 44.673100625462475 ], [ 7.186514835019451, 44.673113898123795 ], [ 7.186509286887565, 44.673147354218969 ], [ 7.186509260577021, 44.673147512875531 ], [ 7.186509258894861, 44.673147515278679 ], [ 7.186462110900331, 44.673214871075416 ], [ 7.18646493382828, 44.673223148118069 ], [ 7.186481321151039, 44.673271196967526 ], [ 7.186507215035705, 44.673285470689727 ], [ 7.186887730787936, 44.673241647478832 ], [ 7.186963523548934, 44.673221297060159 ], [ 7.18714060565741, 44.673137432061395 ], [ 7.187293368583358, 44.673122478923922 ], [ 7.187437315148999, 44.673080912182385 ], [ 7.187390189649252, 44.673002891541174 ], [ 7.187288350322445, 44.672883683711198 ], [ 7.187259474011652, 44.672860994880658 ], [ 7.187269457512492, 44.672846849809275 ], [ 7.187185169487307, 44.672669592055378 ], [ 7.187157824123579, 44.67263846258826 ], [ 7.187210474537335, 44.672512706979404 ] ] ] ] } },
{ "type": "Feature", "properties": { "id_partic": 6971168, "id_foglio": 25198, "belfiore": "G066", "istat": "004154", "comune": "Oncino", "sezione": "O", "foglio": "9", "particella": "548", "data_agg": "2021-12-31", "data_elab": "2022-03-31" }, "geometry": { "type": "MultiPolygon", "coordinates": [ [ [ [ 7.187511838888907, 44.672679821800791 ], [ 7.187473718958662, 44.67271354055331 ], [ 7.187613221262433, 44.672807260848295 ], [ 7.187534402561883, 44.672868702671636 ], [ 7.187408107596732, 44.672780364469517 ], [ 7.187398607274903, 44.672794865189275 ], [ 7.18740487484352, 44.672827340474129 ], [ 7.187400110700008, 44.672871330431391 ], [ 7.187454259707535, 44.672947899400157 ], [ 7.18751751695674, 44.672979032324676 ], [ 7.187567594756149, 44.673024658461138 ], [ 7.187911169934971, 44.672877571450762 ], [ 7.187906125682147, 44.672852583510625 ], [ 7.187907741512949, 44.672809219130805 ], [ 7.187644592862579, 44.672755055111885 ], [ 7.187511838888907, 44.672679821800791 ] ] ] ] } },
{ "type": "Feature", "properties": { "id_partic": 6971183, "id_foglio": 25198, "belfiore": "G066", "istat": "004154", "comune": "Oncino", "sezione": "O", "foglio": "9", "particella": "239", "data_agg": "2021-12-31", "data_elab": "2022-03-31" }, "geometry": { "type": "MultiPolygon", "coordinates": [ [ [ [ 7.18786247544717, 44.672571982025282 ], [ 7.187674736192305, 44.67272389955896 ], [ 7.187910133746695, 44.672773391810786 ], [ 7.187921191706518, 44.67265965621872 ], [ 7.187945807273244, 44.672626363621056 ], [ 7.188001777211149, 44.67260962753609 ], [ 7.188122042175976, 44.672602953472882 ], [ 7.188037606842542, 44.67256215441877 ], [ 7.18786247544717, 44.672571982025282 ] ] ] ] } },
{ "type": "Feature", "properties": { "id_partic": 6971196, "id_foglio": 25198, "belfiore": "G066", "istat": "004154", "comune": "Oncino", "sezione": "O", "foglio": "9", "particella": "568", "data_agg": "2021-12-31", "data_elab": "2022-03-31" }, "geometry": { "type": "MultiPolygon", "coordinates": [ [ [ [ 7.188613466346111, 44.672274512108828 ], [ 7.188417217558315, 44.672389534686914 ], [ 7.18837597232263, 44.672409426130059 ], [ 7.188310141246703, 44.672432847774658 ], [ 7.188233686555756, 44.672452008859615 ], [ 7.188126273146331, 44.672460630501774 ], [ 7.18816506209645, 44.672550080664791 ], [ 7.188178361951096, 44.672580796665613 ], [ 7.188246564135131, 44.672551644710694 ], [ 7.188303654807753, 44.67255863398335 ], [ 7.18843564266226, 44.672529167910874 ], [ 7.188536167488259, 44.672452990347701 ], [ 7.188666210605904, 44.672320161790211 ], [ 7.188659601357169, 44.672314425876479 ], [ 7.188613466346111, 44.672274512108828 ] ] ] ] } },
{ "type": "Feature", "properties": { "id_partic": 6971223, "id_foglio": 25198, "belfiore": "G066", "istat": "004154", "comune": "Oncino", "sezione": "O", "foglio": "9", "particella": "237", "data_agg": "2021-12-31", "data_elab": "2022-03-31" }, "geometry": { "type": "MultiPolygon", "coordinates": [ [ [ [ 7.188118435778998, 44.672785692228466 ], [ 7.188377104728947, 44.672798929389501 ], [ 7.188301442844443, 44.672596526168398 ], [ 7.188293693054276, 44.672575769495793 ], [ 7.188255601660456, 44.672569059720949 ], [ 7.188130182131907, 44.672619957029653 ], [ 7.188109061018498, 44.672623100617734 ], [ 7.188118435778998, 44.672785692228466 ] ] ] ] } },
{ "type": "Feature", "properties": { "id_partic": 6971224, "id_foglio": 25198, "belfiore": "G066", "istat": "004154", "comune": "Oncino", "sezione": "O", "foglio": "9", "particella": "238", "data_agg": "2021-12-31", "data_elab": "2022-03-31" }, "geometry": { "type": "MultiPolygon", "coordinates": [ [ [ [ 7.188118435778998, 44.672785692228466 ], [ 7.188109061018498, 44.672623100617734 ], [ 7.188021918192399, 44.672631115493253 ], [ 7.187994752460326, 44.672642786594963 ], [ 7.187959988625235, 44.672663897781916 ], [ 7.187949218365032, 44.672777575586927 ], [ 7.188118435778998, 44.672785692228466 ] ] ] ] } },
{ "type": "Feature", "properties": { "id_partic": 6971515, "id_foglio": 25183, "belfiore": "G066", "istat": "004154", "comune": "Oncino", "sezione": "O", "foglio": "10", "particella": "756", "data_agg": "2021-12-31", "data_elab": "2022-03-31" }, "geometry": { "type": "MultiPolygon", "coordinates": [ [ [ [ 7.185022156553596, 44.672475080963004 ], [ 7.185031390394685, 44.672449660972688 ], [ 7.185037697821569, 44.672432305611871 ], [ 7.18497471057914, 44.672439415448466 ], [ 7.184776380649606, 44.672461775116581 ], [ 7.1846992996123, 44.672496406078871 ], [ 7.184623903139149, 44.672492038425681 ], [ 7.184517086622405, 44.672461640334532 ], [ 7.184458406096319, 44.672521518343466 ], [ 7.184458404835331, 44.672521518323407 ], [ 7.184242620959046, 44.672464477529914 ], [ 7.184301863070702, 44.672489222000536 ], [ 7.184455710388777, 44.672545178761951 ], [ 7.184651264466816, 44.672547081960516 ], [ 7.184979323792379, 44.672468242411426 ], [ 7.185022156553596, 44.672475080963004 ] ] ] ] } },
{ "type": "Feature", "properties": { "id_partic": 6971531, "id_foglio": 25183, "belfiore": "G066", "istat": "004154", "comune": "Oncino", "sezione": "O", "foglio": "10", "particella": "698", "data_agg": "2021-12-31", "data_elab": "2022-03-31" }, "geometry": { "type": "MultiPolygon", "coordinates": [ [ [ [ 7.185131751464931, 44.672189421915533 ], [ 7.18473452467952, 44.672246330676664 ], [ 7.184517086622405, 44.672461640334532 ], [ 7.184623903139149, 44.672492038425681 ], [ 7.1846992996123, 44.672496406078871 ], [ 7.184776380649606, 44.672461775116581 ], [ 7.18497471057914, 44.672439415448466 ], [ 7.185037697821569, 44.672432305611871 ], [ 7.185459900045426, 44.672383291726419 ], [ 7.185396207948314, 44.672342659935168 ], [ 7.185299258005805, 44.672322700117824 ], [ 7.185220825370632, 44.672297993219154 ], [ 7.185187063916091, 44.672277003143982 ], [ 7.18514756268829, 44.672238619231294 ], [ 7.185131751464931, 44.672189421915533 ] ] ] ] } },
{ "type": "Feature", "properties": { "id_partic": 6971547, "id_foglio": 25183, "belfiore": "G066", "istat": "004154", "comune": "Oncino", "sezione": "O", "foglio": "10", "particella": "760", "data_agg": "2021-12-31", "data_elab": "2022-03-31" }, "geometry": { "type": "MultiPolygon", "coordinates": [ [ [ [ 7.185470090830275, 44.672584269942767 ], [ 7.185498954851511, 44.672565733639047 ], [ 7.185417988076642, 44.67252115434308 ], [ 7.185301263221315, 44.67249408343141 ], [ 7.185031390394685, 44.672449660972688 ], [ 7.185022156553596, 44.672475080963004 ], [ 7.185288260344973, 44.672518192204258 ], [ 7.18540414006845, 44.672545663806758 ], [ 7.185470090830275, 44.672584269942767 ] ] ] ] } },
{ "type": "Feature", "properties": { "id_partic": 6971570, "id_foglio": 25183, "belfiore": "G066", "istat": "004154", "comune": "Oncino", "sezione": "O", "foglio": "10", "particella": "514", "data_agg": "2021-12-31", "data_elab": "2022-03-31" }, "geometry": { "type": "MultiPolygon", "coordinates": [ [ [ [ 7.185470090830275, 44.672584269942767 ], [ 7.185417332677518, 44.67261813564587 ], [ 7.185526718561726, 44.672673393308628 ], [ 7.185459518089891, 44.672730192646398 ], [ 7.185537801933183, 44.672772622714717 ], [ 7.185792626085753, 44.672699791823263 ], [ 7.185880385099069, 44.672674701275731 ], [ 7.185621992999168, 44.672486739524835 ], [ 7.185614036640882, 44.672491852473883 ], [ 7.185498954851511, 44.672565733639047 ], [ 7.185470090830275, 44.672584269942767 ] ] ] ] } },
{ "type": "Feature", "properties": { "id_partic": 6971597, "id_foglio": 25183, "belfiore": "G066", "istat": "004154", "comune": "Oncino", "sezione": "O", "foglio": "10", "particella": "758", "data_agg": "2021-12-31", "data_elab": "2022-03-31" }, "geometry": { "type": "MultiPolygon", "coordinates": [ [ [ [ 7.185708062122419, 44.672787031540572 ], [ 7.186153771970886, 44.67298824989264 ], [ 7.186255671674718, 44.673039255824918 ], [ 7.186227754992056, 44.673155609294952 ], [ 7.186280099642614, 44.673164515991324 ], [ 7.186290552241101, 44.673159865763452 ], [ 7.18634190400976, 44.673120125767312 ], [ 7.186318785089468, 44.673010325501252 ], [ 7.186249932857115, 44.672944585583203 ], [ 7.186201112831674, 44.672948878351797 ], [ 7.186125070338122, 44.672924759193535 ], [ 7.18591750964293, 44.672798164737479 ], [ 7.185798564449782, 44.672731043446284 ], [ 7.185732573115138, 44.672774169527351 ], [ 7.185708062122419, 44.672787031540572 ] ] ] ] } },
{ "type": "Feature", "properties": { "id_partic": 6971598, "id_foglio": 25183, "belfiore": "G066", "istat": "004154", "comune": "Oncino", "sezione": "O", "foglio": "10", "particella": "516", "data_agg": "2021-12-31", "data_elab": "2022-03-31" }, "geometry": { "type": "MultiPolygon", "coordinates": [ [ [ [ 7.18591750964293, 44.672798164737479 ], [ 7.186125070338122, 44.672924759193535 ], [ 7.186201112831674, 44.672948878351797 ], [ 7.186249932857115, 44.672944585583203 ], [ 7.186236800124958, 44.672932025678698 ], [ 7.185986532004051, 44.67275089159579 ], [ 7.185977158757375, 44.672757341418134 ], [ 7.18591750964293, 44.672798164737479 ] ] ] ] } },
{ "type": "Feature", "properties": { "id_partic": 6971627, "id_foglio": 25183, "belfiore": "G066", "istat": "004154", "comune": "Oncino", "sezione": "O", "foglio": "10", "particella": "515", "data_agg": "2021-12-31", "data_elab": "2022-03-31" }, "geometry": { "type": "MultiPolygon", "coordinates": [ [ [ [ 7.185708062122419, 44.672787031540572 ], [ 7.185732573115138, 44.672774169527351 ], [ 7.185798564449782, 44.672731043446284 ], [ 7.18591750964293, 44.672798164737479 ], [ 7.185977158757375, 44.672757341418134 ], [ 7.185986532004051, 44.67275089159579 ], [ 7.185880385099069, 44.672674701275731 ], [ 7.185792626085753, 44.672699791823263 ], [ 7.185537801933183, 44.672772622714717 ], [ 7.185590054633598, 44.672807905260228 ], [ 7.185660860487255, 44.67281183022596 ], [ 7.185708062122419, 44.672787031540572 ] ] ] ] } },
{ "type": "Feature", "properties": { "id_partic": 6971628, "id_foglio": 25183, "belfiore": "G066", "istat": "004154", "comune": "Oncino", "sezione": "O", "foglio": "10", "particella": "813", "data_agg": "2021-12-31", "data_elab": "2022-03-31" }, "geometry": { "type": "MultiPolygon", "coordinates": [ [ [ [ 7.185910492955681, 44.673299135084399 ], [ 7.186041655869608, 44.673301444139319 ], [ 7.18619544869568, 44.67329214838864 ], [ 7.186192107908276, 44.673239098266855 ], [ 7.186192049678532, 44.673238134086446 ], [ 7.186158768805028, 44.673216269702586 ], [ 7.186220826409428, 44.673171046345814 ], [ 7.186238302403655, 44.673183099097436 ], [ 7.186280099642614, 44.673164515991324 ], [ 7.186227754992056, 44.673155609294952 ], [ 7.186105069989591, 44.673134719185605 ], [ 7.185934207116485, 44.673105627486628 ], [ 7.185878701489727, 44.673121201908408 ], [ 7.185814732855496, 44.673153269233779 ], [ 7.185910492955681, 44.673299135084399 ] ] ] ] } },
{ "type": "Feature", "properties": { "id_partic": 6971630, "id_foglio": 25183, "belfiore": "G066", "istat": "004154", "comune": "Oncino", "sezione": "O", "foglio": "10", "particella": "697", "data_agg": "2021-12-31", "data_elab": "2022-03-31" }, "geometry": { "type": "MultiPolygon", "coordinates": [ [ [ [ 7.186451283363127, 44.673406158606724 ], [ 7.186742225369639, 44.673446717210801 ], [ 7.186763032953891, 44.673405762730248 ], [ 7.186732910522255, 44.673393860302795 ], [ 7.186623312367011, 44.67337404282442 ], [ 7.18653644990064, 44.673340443621044 ], [ 7.186451283363127, 44.673406158606724 ] ] ] ] } },
{ "type": "Feature", "properties": { "id_partic": 6971664, "id_foglio": 25183, "belfiore": "G066", "istat": "004154", "comune": "Oncino", "sezione": "O", "foglio": "10", "particella": "694", "data_agg": "2021-12-31", "data_elab": "2022-03-31" }, "geometry": { "type": "MultiPolygon", "coordinates": [ [ [ [ 7.186451283363127, 44.673406158606724 ], [ 7.18653644990064, 44.673340443621044 ], [ 7.186528488814345, 44.673333574382092 ], [ 7.186479013049581, 44.673316818277165 ], [ 7.186448343772978, 44.673278368053694 ], [ 7.186254269191811, 44.67329083223926 ], [ 7.186442694122899, 44.673402439221519 ], [ 7.186451283363127, 44.673406158606724 ] ] ] ] } },
{ "type": "Feature", "properties": { "id_partic": 6971697, "id_foglio": 25183, "belfiore": "G066", "istat": "004154", "comune": "Oncino", "sezione": "O", "foglio": "10", "particella": "695", "data_agg": "2021-12-31", "data_elab": "2022-03-31" }, "geometry": { "type": "MultiPolygon", "coordinates": [ [ [ [ 7.186451252605951, 44.673194025889863 ], [ 7.186396685466513, 44.673184777886881 ], [ 7.186355835433207, 44.673177854316975 ], [ 7.186275990986901, 44.673223416351917 ], [ 7.186247926819479, 44.673287076514328 ], [ 7.186254269191811, 44.67329083223926 ], [ 7.186448343772978, 44.673278368053694 ], [ 7.186435854562141, 44.673245986137779 ], [ 7.186434723816273, 44.673221166602133 ], [ 7.186451252605951, 44.673194025889863 ] ] ] ] } },
{ "type": "Feature", "properties": { "id_partic": 6971699, "id_foglio": 25183, "belfiore": "G066", "istat": "004154", "comune": "Oncino", "sezione": "O", "foglio": "10", "particella": "759", "data_agg": "2021-12-31", "data_elab": "2022-03-31" }, "geometry": { "type": "MultiPolygon", "coordinates": [ [ [ [ 7.186687815548551, 44.673546067627363 ], [ 7.186724455252464, 44.673479275690468 ], [ 7.1864217927394, 44.673427791018653 ], [ 7.186377360665351, 44.673461672386978 ], [ 7.186335878039801, 44.673493214958896 ], [ 7.186645333164724, 44.673539694388502 ], [ 7.186687815548551, 44.673546067627363 ] ] ] ] } },
{ "type": "Feature", "properties": { "id_partic": 6971729, "id_foglio": 25183, "belfiore": "G066", "istat": "004154", "comune": "Oncino", "sezione": "O", "foglio": "10", "particella": "755", "data_agg": "2021-12-31", "data_elab": "2022-03-31" }, "geometry": { "type": "MultiPolygon", "coordinates": [ [ [ [ 7.186157242418242, 44.673352928682512 ], [ 7.186377360665351, 44.673461672386978 ], [ 7.1864217927394, 44.673427791018653 ], [ 7.18619544869568, 44.67329214838864 ], [ 7.186161915601068, 44.673345485932941 ], [ 7.186157242418242, 44.673352928682512 ] ] ] ] } },
{ "type": "Feature", "properties": { "id_partic": 6971730, "id_foglio": 25183, "belfiore": "G066", "istat": "004154", "comune": "Oncino", "sezione": "O", "foglio": "10", "particella": "696", "data_agg": "2021-12-31", "data_elab": "2022-03-31" }, "geometry": { "type": "MultiPolygon", "coordinates": [ [ [ [ 7.186451252605951, 44.673194025889863 ], [ 7.18646880428458, 44.673165235981465 ], [ 7.186479003252627, 44.673108862997516 ], [ 7.186447104592363, 44.673042287793955 ], [ 7.186398268180083, 44.672986849551449 ], [ 7.186348308965893, 44.672947183637788 ], [ 7.186290955844242, 44.672927763642605 ], [ 7.186352940849577, 44.672995654047391 ], [ 7.186413131127972, 44.673110157273442 ], [ 7.186399998378842, 44.673157445252791 ], [ 7.186355835433207, 44.673177854316975 ], [ 7.186396685466513, 44.673184777886881 ], [ 7.186451252605951, 44.673194025889863 ] ] ] ] } },
{ "type": "Feature", "properties": { "id_partic": 6973343, "id_foglio": 25187, "belfiore": "G066", "istat": "004154", "comune": "Oncino", "sezione": "O", "foglio": "14", "particella": "499", "data_agg": "2021-12-31", "data_elab": "2022-03-31" }, "geometry": { "type": "MultiPolygon", "coordinates": [ [ [ [ 7.177338986068878, 44.687964081377075 ], [ 7.17731411939741, 44.687959505636783 ], [ 7.177276183510934, 44.688112236632954 ], [ 7.177235262798662, 44.688105065652707 ], [ 7.177243174588737, 44.688220465573636 ], [ 7.177184240070955, 44.688307772497069 ], [ 7.177103637280561, 44.688431989814632 ], [ 7.177094358711305, 44.688446294659421 ], [ 7.17692577385263, 44.688520234774174 ], [ 7.176265837565554, 44.688808885770143 ], [ 7.176128362530878, 44.688891671401969 ], [ 7.176124169452351, 44.688904595401667 ], [ 7.176124319208482, 44.688904679181697 ], [ 7.176125388877898, 44.688905277600732 ], [ 7.176131715296545, 44.688908816870743 ], [ 7.176135883470821, 44.688911148725836 ], [ 7.176215785698492, 44.688955849386915 ], [ 7.176223648313663, 44.68895961350173 ], [ 7.176226405480931, 44.688956682737874 ], [ 7.176308663157482, 44.688875636584036 ], [ 7.177026984112966, 44.688549067754131 ], [ 7.177141508586968, 44.688493138521814 ], [ 7.177333032218998, 44.688232127525971 ], [ 7.177335171905638, 44.688138957882586 ], [ 7.177338986068878, 44.687964081377075 ] ] ] ] } },
{ "type": "Feature", "properties": { "id_partic": 6973358, "id_foglio": 25187, "belfiore": "G066", "istat": "004154", "comune": "Oncino", "sezione": "O", "foglio": "14", "particella": "100", "data_agg": "2021-12-31", "data_elab": "2022-03-31" }, "geometry": { "type": "MultiPolygon", "coordinates": [ [ [ [ 7.177338986068878, 44.687964081377075 ], [ 7.177339518308739, 44.687791022951536 ], [ 7.177339667599064, 44.687712043116619 ], [ 7.177285244660026, 44.687710012197371 ], [ 7.177276672025251, 44.687596021320111 ], [ 7.177277149836813, 44.687592959026368 ], [ 7.17728864077029, 44.68751797535019 ], [ 7.177195037954238, 44.687522924450619 ], [ 7.177186718579576, 44.68759304775034 ], [ 7.177197677572372, 44.687719742900683 ], [ 7.177235262798662, 44.688105065652707 ], [ 7.177276183510934, 44.688112236632954 ], [ 7.17731411939741, 44.687959505636783 ], [ 7.177338986068878, 44.687964081377075 ] ] ] ] } },
{ "type": "Feature", "properties": { "id_partic": 6973384, "id_foglio": 25187, "belfiore": "G066", "istat": "004154", "comune": "Oncino", "sezione": "O", "foglio": "14", "particella": "517", "data_agg": "2021-12-31", "data_elab": "2022-03-31" }, "geometry": { "type": "MultiPolygon", "coordinates": [ [ [ [ 7.177195037954238, 44.687522924450619 ], [ 7.17728864077029, 44.68751797535019 ], [ 7.177363805232819, 44.687032009437992 ], [ 7.177370865487305, 44.686986677307253 ], [ 7.177337326766923, 44.686944906572748 ], [ 7.177271080315172, 44.686883617717939 ], [ 7.177275156185911, 44.686997928299199 ], [ 7.177276045766896, 44.687023159255823 ], [ 7.177195037954238, 44.687522924450619 ] ] ] ] } },
{ "type": "Feature", "properties": { "id_partic": 6973638, "id_foglio": 25187, "belfiore": "G066", "istat": "004154", "comune": "Oncino", "sezione": "O", "foglio": "14", "particella": "588", "data_agg": "2021-12-31", "data_elab": "2022-03-31" }, "geometry": { "type": "MultiPolygon", "coordinates": [ [ [ [ 7.176934028281117, 44.684896835468813 ], [ 7.177173349192962, 44.684852970702018 ], [ 7.177070970130078, 44.684692118842804 ], [ 7.176991401652354, 44.684693661031872 ], [ 7.176989723585141, 44.684703779698964 ], [ 7.176968750894508, 44.684764909828111 ], [ 7.176934028281117, 44.684896835468813 ] ] ] ] } },
{ "type": "Feature", "properties": { "id_partic": 6973643, "id_foglio": 25187, "belfiore": "G066", "istat": "004154", "comune": "Oncino", "sezione": "O", "foglio": "14", "particella": "313", "data_agg": "2021-12-31", "data_elab": "2022-03-31" }, "geometry": { "type": "MultiPolygon", "coordinates": [ [ [ [ 7.177132196897716, 44.685258446968845 ], [ 7.177265466696239, 44.685295747506139 ], [ 7.177263074849436, 44.685247112746517 ], [ 7.177262208499016, 44.685229167635114 ], [ 7.177289133828576, 44.685218321358214 ], [ 7.177389874081117, 44.685218616556568 ], [ 7.177362326519146, 44.685181046564054 ], [ 7.177359755358628, 44.685177846482944 ], [ 7.177297250210485, 44.685100091076279 ], [ 7.177264658017648, 44.684956534949833 ], [ 7.177213989783809, 44.684876133061977 ], [ 7.177173349192962, 44.684852970702018 ], [ 7.176934028281117, 44.684896835468813 ], [ 7.176785028557306, 44.684921691208579 ], [ 7.176786475264278, 44.684923920730157 ], [ 7.176834168743619, 44.684987432100399 ], [ 7.176836308488609, 44.684990281513763 ], [ 7.176897167523624, 44.68505556847127 ], [ 7.176899826845235, 44.685060369972454 ], [ 7.176911783370024, 44.685082004064014 ], [ 7.176918243656067, 44.68509370651104 ], [ 7.176987600429928, 44.685219347106084 ], [ 7.176989362112521, 44.685222746910341 ], [ 7.177132196897716, 44.685258446968845 ] ] ] ] } },
{ "type": "Feature", "properties": { "id_partic": 6973666, "id_foglio": 25187, "belfiore": "G066", "istat": "004154", "comune": "Oncino", "sezione": "O", "foglio": "14", "particella": "587", "data_agg": "2021-12-31", "data_elab": "2022-03-31" }, "geometry": { "type": "MultiPolygon", "coordinates": [ [ [ [ 7.177132196897716, 44.685258446968845 ], [ 7.176989362112521, 44.685222746910341 ], [ 7.177029184385726, 44.685299595259785 ], [ 7.177054276421353, 44.685373360929987 ], [ 7.177115865766472, 44.685439780252423 ], [ 7.177127681969726, 44.685459579069558 ], [ 7.177178243800513, 44.685544135811881 ], [ 7.177215547981707, 44.685567918345029 ], [ 7.177314296920756, 44.685839216381481 ], [ 7.177320847148891, 44.685838524423275 ], [ 7.17745183230646, 44.685824890188037 ], [ 7.177281386356448, 44.685538387294102 ], [ 7.177132196897716, 44.685258446968845 ] ] ] ] } },
{ "type": "Feature", "properties": { "id_partic": 6973691, "id_foglio": 25187, "belfiore": "G066", "istat": "004154", "comune": "Oncino", "sezione": "O", "foglio": "14", "particella": "584", "data_agg": "2021-12-31", "data_elab": "2022-03-31" }, "geometry": { "type": "MultiPolygon", "coordinates": [ [ [ [ 7.176921666938217, 44.685372681428362 ], [ 7.176940381846157, 44.685372776454102 ], [ 7.177054276421353, 44.685373360929987 ], [ 7.177029184385726, 44.685299595259785 ], [ 7.176989362112521, 44.685222746910341 ], [ 7.176908258922935, 44.685227463572154 ], [ 7.176921666938217, 44.685372681428362 ] ] ] ] } },
{ "type": "Feature", "properties": { "id_partic": 6973692, "id_foglio": 25187, "belfiore": "G066", "istat": "004154", "comune": "Oncino", "sezione": "O", "foglio": "14", "particella": "299", "data_agg": "2021-12-31", "data_elab": "2022-03-31" }, "geometry": { "type": "MultiPolygon", "coordinates": [ [ [ [ 7.176908258922935, 44.685227463572154 ], [ 7.176989362112521, 44.685222746910341 ], [ 7.176987600429928, 44.685219347106084 ], [ 7.176918243656067, 44.68509370651104 ], [ 7.176911783370024, 44.685082004064014 ], [ 7.176901078950867, 44.685084994193048 ], [ 7.176908258922935, 44.685227463572154 ] ] ] ] } },
{ "type": "Feature", "properties": { "id_partic": 6973715, "id_foglio": 25187, "belfiore": "G066", "istat": "004154", "comune": "Oncino", "sezione": "O", "foglio": "14", "particella": "585", "data_agg": "2021-12-31", "data_elab": "2022-03-31" }, "geometry": { "type": "MultiPolygon", "coordinates": [ [ [ [ 7.176929942951727, 44.685472890366398 ], [ 7.177098233931304, 44.685461549006007 ], [ 7.177127681969726, 44.685459579069558 ], [ 7.177115865766472, 44.685439780252423 ], [ 7.177054276421353, 44.685373360929987 ], [ 7.176940381846157, 44.685372776454102 ], [ 7.176921666938217, 44.685372681428362 ], [ 7.176929942951727, 44.685472890366398 ] ] ] ] } },
{ "type": "Feature", "properties": { "id_partic": 6973729, "id_foglio": 25187, "belfiore": "G066", "istat": "004154", "comune": "Oncino", "sezione": "O", "foglio": "14", "particella": "310", "data_agg": "2021-12-31", "data_elab": "2022-03-31" }, "geometry": { "type": "MultiPolygon", "coordinates": [ [ [ [ 7.176929942951727, 44.685472890366398 ], [ 7.176934982360072, 44.685575013331544 ], [ 7.177115920452215, 44.685552002014695 ], [ 7.177178243800513, 44.685544135811881 ], [ 7.177127681969726, 44.685459579069558 ], [ 7.177098233931304, 44.685461549006007 ], [ 7.176929942951727, 44.685472890366398 ] ] ] ] } },
{ "type": "Feature", "properties": { "id_partic": 6973731, "id_foglio": 25187, "belfiore": "G066", "istat": "004154", "comune": "Oncino", "sezione": "O", "foglio": "14", "particella": "247", "data_agg": "2021-12-31", "data_elab": "2022-03-31" }, "geometry": { "type": "MultiPolygon", "coordinates": [ [ [ [ 7.177258712583082, 44.686366219577309 ], [ 7.17724419816086, 44.686302124431066 ], [ 7.177218293550949, 44.686187141594793 ], [ 7.177147598217794, 44.685861479601456 ], [ 7.177126947976452, 44.685863910950182 ], [ 7.17709645222502, 44.685867518867433 ], [ 7.177068744693306, 44.68602364182798 ], [ 7.177122852039766, 44.686183485393826 ], [ 7.177151813964952, 44.686298884020601 ], [ 7.177170865143715, 44.686374352497985 ], [ 7.177198641142192, 44.686483785667058 ], [ 7.177250427804553, 44.686798670548896 ], [ 7.177337244269033, 44.68672251243548 ], [ 7.177291231584212, 44.686482921969912 ], [ 7.177258712583082, 44.686366219577309 ] ] ] ] } },
{ "type": "Feature", "properties": { "id_partic": 6973749, "id_foglio": 25187, "belfiore": "G066", "istat": "004154", "comune": "Oncino", "sezione": "O", "foglio": "14", "particella": "564", "data_agg": "2021-12-31", "data_elab": "2022-03-31" }, "geometry": { "type": "MultiPolygon", "coordinates": [ [ [ [ 7.177254334716334, 44.686840325513337 ], [ 7.177361566484604, 44.686934240830134 ], [ 7.177373789041535, 44.68695172896669 ], [ 7.177374050368665, 44.686919304046626 ], [ 7.177337244269033, 44.68672251243548 ], [ 7.177250427804553, 44.686798670548896 ], [ 7.177254334716334, 44.686840325513337 ] ] ] ] } },
{ "type": "Feature", "properties": { "id_partic": 6979323, "id_foglio": 25204, "belfiore": "G066", "istat": "004154", "comune": "Oncino", "sezione": "O", "foglio": "31", "particella": "87", "data_agg": "2021-12-31", "data_elab": "2022-03-31" }, "geometry": { "type": "MultiPolygon", "coordinates": [ [ [ [ 7.19053905252091, 44.661287068489827 ], [ 7.190609832635314, 44.661294748514379 ], [ 7.190666837509632, 44.661135056675057 ], [ 7.190669574932328, 44.661125135627138 ], [ 7.190595422810816, 44.661114713835225 ], [ 7.19059542154961, 44.661114713815998 ], [ 7.190594886696003, 44.661114639444648 ], [ 7.190591906499632, 44.661125579469342 ], [ 7.19053905252091, 44.661287068489827 ] ] ] ] } },
{ "type": "Feature", "properties": { "id_partic": 6979334, "id_foglio": 25204, "belfiore": "G066", "istat": "004154", "comune": "Oncino", "sezione": "O", "foglio": "31", "particella": "86", "data_agg": "2021-12-31", "data_elab": "2022-03-31" }, "geometry": { "type": "MultiPolygon", "coordinates": [ [ [ [ 7.19053905252091, 44.661287068489827 ], [ 7.190504970598004, 44.661386828322215 ], [ 7.190441803871146, 44.661441805285889 ], [ 7.190551598717872, 44.661451788904365 ], [ 7.190609832635314, 44.661294748514379 ], [ 7.19053905252091, 44.661287068489827 ] ] ] ] } },
{ "type": "Feature", "properties": { "id_partic": 6979346, "id_foglio": 25204, "belfiore": "G066", "istat": "004154", "comune": "Oncino", "sezione": "O", "foglio": "31", "particella": "742", "data_agg": "2021-12-31", "data_elab": "2022-03-31" }, "geometry": { "type": "MultiPolygon", "coordinates": [ [ [ [ 7.190149685032475, 44.661514825614013 ], [ 7.190155570289717, 44.661520963324094 ], [ 7.190223181378241, 44.661542045256738 ], [ 7.190329941115758, 44.661556202608082 ], [ 7.190347632274937, 44.661616704074042 ], [ 7.190547584189101, 44.6615900512545 ], [ 7.190720561955569, 44.661533743701924 ], [ 7.190740719288645, 44.661467556000346 ], [ 7.190551598717872, 44.661451788904365 ], [ 7.190441803871146, 44.661441805285889 ], [ 7.190347820958994, 44.661433008909498 ], [ 7.19032019881698, 44.661361440629307 ], [ 7.190184889362415, 44.661322310319008 ], [ 7.190042354353458, 44.661403827262319 ], [ 7.190149685032475, 44.661514825614013 ] ] ] ] } },
{ "type": "Feature", "properties": { "id_partic": 6979362, "id_foglio": 25204, "belfiore": "G066", "istat": "004154", "comune": "Oncino", "sezione": "O", "foglio": "31", "particella": "740", "data_agg": "2021-12-31", "data_elab": "2022-03-31" }, "geometry": { "type": "MultiPolygon", "coordinates": [ [ [ [ 7.190217797153857, 44.661627230544127 ], [ 7.190347632274937, 44.661616704074042 ], [ 7.190329941115758, 44.661556202608082 ], [ 7.190223181378241, 44.661542045256738 ], [ 7.190217797153857, 44.661627230544127 ] ] ] ] } },
{ "type": "Feature", "properties": { "id_partic": 6979373, "id_foglio": 25204, "belfiore": "G066", "istat": "004154", "comune": "Oncino", "sezione": "O", "foglio": "31", "particella": "83", "data_agg": "2021-12-31", "data_elab": "2022-03-31" }, "geometry": { "type": "MultiPolygon", "coordinates": [ [ [ [ 7.189846733963751, 44.661464752944767 ], [ 7.189952222239933, 44.661554886314178 ], [ 7.189955548675869, 44.661687172876988 ], [ 7.18998283911609, 44.661717353182574 ], [ 7.190007891952471, 44.661686512267451 ], [ 7.190141501411836, 44.661521232929381 ], [ 7.190149685032475, 44.661514825614013 ], [ 7.190042354353458, 44.661403827262319 ], [ 7.190010882318028, 44.661370226149423 ], [ 7.189946135951875, 44.661407176215725 ], [ 7.189846733963751, 44.661464752944767 ] ] ] ] } },
{ "type": "Feature", "properties": { "id_partic": 6979393, "id_foglio": 25204, "belfiore": "G066", "istat": "004154", "comune": "Oncino", "sezione": "O", "foglio": "31", "particella": "741", "data_agg": "2021-12-31", "data_elab": "2022-03-31" }, "geometry": { "type": "MultiPolygon", "coordinates": [ [ [ [ 7.189747858904735, 44.661310557553584 ], [ 7.189730110315541, 44.661378519234354 ], [ 7.189846733963751, 44.661464752944767 ], [ 7.189946135951875, 44.661407176215725 ], [ 7.189747858904735, 44.661310557553584 ] ] ] ] } },
{ "type": "Feature", "properties": { "id_partic": 6979906, "id_foglio": 25179, "belfiore": "G066", "istat": "004154", "comune": "Oncino", "sezione": "O", "foglio": "32", "particella": "626", "data_agg": "2021-12-31", "data_elab": "2022-03-31" }, "geometry": { "type": "MultiPolygon", "coordinates": [ [ [ [ 7.208959857763766, 44.657406307648458 ], [ 7.209022382497107, 44.657213084942157 ], [ 7.208960450032673, 44.657219130295651 ], [ 7.208803042336277, 44.657359684989274 ], [ 7.208959857763766, 44.657406307648458 ] ] ] ] } },
{ "type": "Feature", "properties": { "id_partic": 6980689, "id_foglio": 25203, "belfiore": "G066", "istat": "004154", "comune": "Oncino", "sezione": "O", "foglio": "33", "particella": "430", "data_agg": "2021-12-31", "data_elab": "2022-03-31" }, "geometry": { "type": "MultiPolygon", "coordinates": [ [ [ [ 7.192924017766755, 44.658131311759782 ], [ 7.192872457893718, 44.658065160801002 ], [ 7.19283426419845, 44.658034999732784 ], [ 7.192648826163985, 44.657922460665951 ], [ 7.192623658696789, 44.657906057471408 ], [ 7.192606341159706, 44.657903830949046 ], [ 7.192502159446406, 44.657836237699435 ], [ 7.192503224830674, 44.657831588858699 ], [ 7.192401363617956, 44.657767424211542 ], [ 7.192289853369537, 44.657691386358621 ], [ 7.192052452288792, 44.657490584168663 ], [ 7.191857730295089, 44.657413414019224 ], [ 7.191705171141544, 44.657353782740529 ], [ 7.191621894718617, 44.65732117185572 ], [ 7.19151754456683, 44.657280250073832 ], [ 7.191462107679114, 44.657287254490797 ], [ 7.191278059425451, 44.65727441927055 ], [ 7.191152893543033, 44.657264812676004 ], [ 7.191024746305551, 44.657193337387419 ], [ 7.190944396841414, 44.657123562932611 ], [ 7.19077915889611, 44.656979978805744 ], [ 7.190749517617752, 44.656987293694627 ], [ 7.190865692124435, 44.657185525490469 ], [ 7.191007921175952, 44.657360951193461 ], [ 7.191165580011962, 44.657457953475557 ], [ 7.191171973427964, 44.657440793974295 ], [ 7.191182950401651, 44.657431087014501 ], [ 7.191185830471861, 44.657428551605307 ], [ 7.191510028885742, 44.657333893381015 ], [ 7.191585604122643, 44.657364977681169 ], [ 7.191728865142103, 44.657423618082262 ], [ 7.191996853247147, 44.657534767445242 ], [ 7.192097164789161, 44.657609247124611 ], [ 7.192132128902666, 44.657638523910009 ], [ 7.192246269099617, 44.657725093594493 ], [ 7.192296277245372, 44.657764552741952 ], [ 7.1923593351024, 44.657814598758748 ], [ 7.192497580690807, 44.657897604242919 ], [ 7.192520178891521, 44.657911988195053 ], [ 7.192556852224398, 44.657934427717429 ], [ 7.192730092362703, 44.658032880355115 ], [ 7.192796579857952, 44.658079539094551 ], [ 7.192843854807377, 44.658155297024088 ], [ 7.192954135969739, 44.658280760627456 ], [ 7.1930064146344, 44.658349668340819 ], [ 7.193027664994891, 44.658361141229179 ], [ 7.193030796694194, 44.658357240247419 ], [ 7.193099733986753, 44.658378399523571 ], [ 7.193208870093351, 44.658362237816469 ], [ 7.193312682751349, 44.658309705578716 ], [ 7.193464165842547, 44.658195300276319 ], [ 7.193611810934364, 44.658082505657184 ], [ 7.193721368599877, 44.657999527206705 ], [ 7.193694516011864, 44.657965309057168 ], [ 7.19353735383046, 44.658021939960257 ], [ 7.193306439495944, 44.65824432496315 ], [ 7.193167615542997, 44.658316585629649 ], [ 7.193104429166595, 44.65831943716077 ], [ 7.193062927050083, 44.658304233673427 ], [ 7.192924017766755, 44.658131311759782 ] ] ] ] } },
{ "type": "Feature", "properties": { "id_partic": 6980743, "id_foglio": 25203, "belfiore": "G066", "istat": "004154", "comune": "Oncino", "sezione": "O", "foglio": "33", "particella": "441", "data_agg": "2021-12-31", "data_elab": "2022-03-31" }, "geometry": { "type": "MultiPolygon", "coordinates": [ [ [ [ 7.190616487933199, 44.656535571106609 ], [ 7.190616464303063, 44.656541309015815 ], [ 7.190713813763145, 44.656674621785314 ], [ 7.190741503093812, 44.656704274450668 ], [ 7.190836991011954, 44.656789429386578 ], [ 7.191098645956411, 44.65698490388052 ], [ 7.191191451475259, 44.656734038820659 ], [ 7.191334248131676, 44.656747008368995 ], [ 7.191334268339015, 44.656747024674189 ], [ 7.191334249387088, 44.656747008398256 ], [ 7.191191452730764, 44.656734038850537 ], [ 7.191014209754628, 44.656663463485081 ], [ 7.191014191410439, 44.656663456630916 ], [ 7.19067222288944, 44.656535681790345 ], [ 7.190672219297009, 44.656535681783211 ], [ 7.190616487933199, 44.656535571106609 ] ] ] ] } },
{ "type": "Feature", "properties": { "id_partic": 6980778, "id_foglio": 25203, "belfiore": "G066", "istat": "004154", "comune": "Oncino", "sezione": "O", "foglio": "33", "particella": "402", "data_agg": "2021-12-31", "data_elab": "2022-03-31" }, "geometry": { "type": "MultiPolygon", "coordinates": [ [ [ [ 7.194829004021801, 44.659767799848886 ], [ 7.1946619730849, 44.659854175584236 ], [ 7.194731574420127, 44.659998082183876 ], [ 7.194791167217475, 44.659978909678827 ], [ 7.194901983804591, 44.659943256561206 ], [ 7.194829004021801, 44.659767799848886 ] ] ] ] } },
{ "type": "Feature", "properties": { "id_partic": 6980788, "id_foglio": 25203, "belfiore": "G066", "istat": "004154", "comune": "Oncino", "sezione": "O", "foglio": "33", "particella": "121", "data_agg": "2021-12-31", "data_elab": "2022-03-31" }, "geometry": { "type": "MultiPolygon", "coordinates": [ [ [ [ 7.193320628291276, 44.65876315282938 ], [ 7.193216122591386, 44.658629534275747 ], [ 7.193214259720684, 44.658626055611684 ], [ 7.193188766376219, 44.658578689055823 ], [ 7.193241534220292, 44.658488003680702 ], [ 7.19320995860244, 44.658405529522419 ], [ 7.193201422423813, 44.658383216853416 ], [ 7.19309446890342, 44.658397186003718 ], [ 7.193080032049605, 44.658389395275861 ], [ 7.193081888056092, 44.658491234945366 ], [ 7.19309129418119, 44.658624726257827 ], [ 7.193163067397013, 44.658694333861703 ], [ 7.193198520301481, 44.658730807875891 ], [ 7.193270358004712, 44.658807979398489 ], [ 7.193320628291276, 44.65876315282938 ] ] ] ] } },
{ "type": "Feature", "properties": { "id_partic": 6980877, "id_foglio": 25203, "belfiore": "G066", "istat": "004154", "comune": "Oncino", "sezione": "O", "foglio": "33", "particella": "11", "data_agg": "2021-12-31", "data_elab": "2022-03-31" }, "geometry": { "type": "MultiPolygon", "coordinates": [ [ [ [ 7.190554624913619, 44.657801275615 ], [ 7.190685713856041, 44.657739198470637 ], [ 7.190758888157264, 44.657839741725468 ], [ 7.190850035947297, 44.657864798682496 ], [ 7.190904841945081, 44.657886303669379 ], [ 7.190957230995458, 44.657926546306456 ], [ 7.191120788550691, 44.657946521198369 ], [ 7.191192352458047, 44.65804908483738 ], [ 7.19153282038801, 44.658072551383 ], [ 7.191567450826244, 44.658074927022049 ], [ 7.191566699596526, 44.658071710837476 ], [ 7.191533060379762, 44.657928614368679 ], [ 7.191421210754966, 44.657796044474878 ], [ 7.191263721973408, 44.657612293037531 ], [ 7.191145183932254, 44.657551785873267 ], [ 7.191082021161749, 44.657569446267239 ], [ 7.190702654672283, 44.657675583338019 ], [ 7.190648313430876, 44.65769428981762 ], [ 7.190616099220789, 44.657705382728764 ], [ 7.190630615174393, 44.657718487851703 ], [ 7.190533795423817, 44.657777797614159 ], [ 7.190554624913619, 44.657801275615 ] ] ] ] } },
{ "type": "Feature", "properties": { "id_partic": 6980901, "id_foglio": 25203, "belfiore": "G066", "istat": "004154", "comune": "Oncino", "sezione": "O", "foglio": "33", "particella": "12", "data_agg": "2021-12-31", "data_elab": "2022-03-31" }, "geometry": { "type": "MultiPolygon", "coordinates": [ [ [ [ 7.191567450826244, 44.658074927022049 ], [ 7.19153282038801, 44.658072551383 ], [ 7.191192352458047, 44.65804908483738 ], [ 7.191120788550691, 44.657946521198369 ], [ 7.190957230995458, 44.657926546306456 ], [ 7.19104723462458, 44.658007286725692 ], [ 7.191160543960297, 44.658118548901157 ], [ 7.191196445981548, 44.658120491390328 ], [ 7.191352734623507, 44.658128934059768 ], [ 7.191546617624299, 44.658139371344618 ], [ 7.191578652173804, 44.658141092106227 ], [ 7.191578699509331, 44.658109883259186 ], [ 7.191567450826244, 44.658074927022049 ] ] ] ] } },
{ "type": "Feature", "properties": { "id_partic": 6980926, "id_foglio": 25203, "belfiore": "G066", "istat": "004154", "comune": "Oncino", "sezione": "O", "foglio": "33", "particella": "15", "data_agg": "2021-12-31", "data_elab": "2022-03-31" }, "geometry": { "type": "MultiPolygon", "coordinates": [ [ [ [ 7.191239322064891, 44.658267622390376 ], [ 7.191257958581164, 44.658268640512539 ], [ 7.191519292294053, 44.658282875881874 ], [ 7.191572203519782, 44.65828574418812 ], [ 7.191578652173804, 44.658141092106227 ], [ 7.191546617624299, 44.658139371344618 ], [ 7.191352734623507, 44.658128934059768 ], [ 7.191196445981548, 44.658120491390328 ], [ 7.191160543960297, 44.658118548901157 ], [ 7.191171092900625, 44.658128549359702 ], [ 7.191194259090216, 44.658169985322566 ], [ 7.191239322064891, 44.658267622390376 ] ] ] ] } },
{ "type": "Feature", "properties": { "id_partic": 6980927, "id_foglio": 25203, "belfiore": "G066", "istat": "004154", "comune": "Oncino", "sezione": "O", "foglio": "33", "particella": "104", "data_agg": "2021-12-31", "data_elab": "2022-03-31" }, "geometry": { "type": "MultiPolygon", "coordinates": [ [ [ [ 7.191578884347472, 44.657937000490833 ], [ 7.191604649731954, 44.65813568043297 ], [ 7.191594696634265, 44.658259632574378 ], [ 7.191583908593777, 44.658337672477934 ], [ 7.19155938296148, 44.65840488120751 ], [ 7.191533275069205, 44.658431766939032 ], [ 7.191533245355473, 44.658446961621046 ], [ 7.191526813834704, 44.658469279245672 ], [ 7.191538924990561, 44.658469301592142 ], [ 7.191679178032961, 44.658469700518069 ], [ 7.191899919562905, 44.658452952813263 ], [ 7.191910850686297, 44.65831506722477 ], [ 7.191857290551591, 44.658113835650376 ], [ 7.191578884347472, 44.657937000490833 ] ] ] ] } },
{ "type": "Feature", "properties": { "id_partic": 6980949, "id_foglio": 25203, "belfiore": "G066", "istat": "004154", "comune": "Oncino", "sezione": "O", "foglio": "33", "particella": "16", "data_agg": "2021-12-31", "data_elab": "2022-03-31" }, "geometry": { "type": "MultiPolygon", "coordinates": [ [ [ [ 7.191239322064891, 44.658267622390376 ], [ 7.191281277331105, 44.658425846708475 ], [ 7.19150309847339, 44.658444441542471 ], [ 7.191536566937215, 44.658400695350856 ], [ 7.191572203519782, 44.65828574418812 ], [ 7.191519292294053, 44.658282875881874 ], [ 7.191257958581164, 44.658268640512539 ], [ 7.191239322064891, 44.658267622390376 ] ] ] ] } },
{ "type": "Feature", "properties": { "id_partic": 6980952, "id_foglio": 25203, "belfiore": "G066", "istat": "004154", "comune": "Oncino", "sezione": "O", "foglio": "33", "particella": "17", "data_agg": "2021-12-31", "data_elab": "2022-03-31" }, "geometry": { "type": "MultiPolygon", "coordinates": [ [ [ [ 7.190780053522014, 44.660269006550443 ], [ 7.190737845130117, 44.660619630577145 ], [ 7.190752382542882, 44.660652948880475 ], [ 7.19078605300759, 44.660719467520281 ], [ 7.190664788869097, 44.660969395364589 ], [ 7.19059542154961, 44.661114713815998 ], [ 7.190595422810816, 44.661114713835225 ], [ 7.190669574932328, 44.661125135627138 ], [ 7.190673059548552, 44.661125625532542 ], [ 7.19073761838909, 44.66097974640897 ], [ 7.190859608445172, 44.660699763818542 ], [ 7.191014557569319, 44.660283876372198 ], [ 7.191067871570103, 44.660128665024196 ], [ 7.19102797074656, 44.660126651706655 ], [ 7.191008270865058, 44.660119391514385 ], [ 7.191103597074733, 44.660018964174128 ], [ 7.191113102833714, 44.659984504450421 ], [ 7.191127468284702, 44.65993235622495 ], [ 7.191271931917252, 44.659891683956594 ], [ 7.191339487102886, 44.659748112210444 ], [ 7.191363183609933, 44.659697646050439 ], [ 7.191389862948108, 44.659640593615634 ], [ 7.191338482617169, 44.659507034511385 ], [ 7.191305465072078, 44.659488130736989 ], [ 7.191181901600616, 44.659417364319005 ], [ 7.191206111333156, 44.659342194460017 ], [ 7.191279740569068, 44.659077731143832 ], [ 7.191298713051999, 44.65900961838404 ], [ 7.19132190875179, 44.658927086221304 ], [ 7.19132531982673, 44.658836351207164 ], [ 7.19132800545093, 44.658764906691871 ], [ 7.191346428269601, 44.658757231972771 ], [ 7.191425771066672, 44.658654115982529 ], [ 7.191492286329535, 44.658543860229436 ], [ 7.191526813834704, 44.658469279245672 ], [ 7.191533245355473, 44.658446961621046 ], [ 7.19150309847339, 44.658444441542471 ], [ 7.191281277331105, 44.658425846708475 ], [ 7.191248625849913, 44.658516078351489 ], [ 7.191205083338729, 44.658597797211158 ], [ 7.191203097679126, 44.658640457106351 ], [ 7.191184901813704, 44.658805551601297 ], [ 7.191177301605783, 44.658855317146248 ], [ 7.191166975811752, 44.658922812158984 ], [ 7.19115138185246, 44.659024557306601 ], [ 7.191141804086354, 44.659086980564503 ], [ 7.191111167534767, 44.659344919236013 ], [ 7.191106537939329, 44.65938422281959 ], [ 7.191096952870449, 44.659476733726095 ], [ 7.191083896927073, 44.659604020887983 ], [ 7.191077183109948, 44.659669854706308 ], [ 7.191051281622214, 44.659956454313118 ], [ 7.191033603268076, 44.659987015533666 ], [ 7.190938596121676, 44.660106069278974 ], [ 7.19091641401744, 44.660122700861692 ], [ 7.190785806574464, 44.660220556565172 ], [ 7.190780053522014, 44.660269006550443 ] ] ] ] } },
{ "type": "Feature", "properties": { "id_partic": 6983154, "id_foglio": 25205, "belfiore": "G066", "istat": "004154", "comune": "Oncino", "sezione": "O", "foglio": "39", "particella": "314", "data_agg": "2021-12-31", "data_elab": "2022-03-31" }, "geometry": { "type": "MultiPolygon", "coordinates": [ [ [ [ 7.188258755590824, 44.660702674756578 ], [ 7.188187298040474, 44.66068452916199 ], [ 7.188169013219237, 44.660713556727579 ], [ 7.188415647104081, 44.660802359714772 ], [ 7.188424501686122, 44.66080554347694 ], [ 7.188439513213959, 44.660765325060886 ], [ 7.188258755590824, 44.660702674756578 ] ] ] ] } },
{ "type": "Feature", "properties": { "id_partic": 6983570, "id_foglio": 25205, "belfiore": "G066", "istat": "004154", "comune": "Oncino", "sezione": "O", "foglio": "39", "particella": "382", "data_agg": "2021-12-31", "data_elab": "2022-03-31" }, "geometry": { "type": "MultiPolygon", "coordinates": [ [ [ [ 7.187667997016497, 44.664212181794646 ], [ 7.1876171887492, 44.664119634590868 ], [ 7.187585978788561, 44.664059811944007 ], [ 7.187719115107541, 44.664029014714913 ], [ 7.187706837949632, 44.663965973886988 ], [ 7.187677820306989, 44.663820349345038 ], [ 7.187686167823125, 44.663805235472473 ], [ 7.18761697231069, 44.663771174361599 ], [ 7.187630353506904, 44.663741756353978 ], [ 7.187788896346771, 44.663615515802213 ], [ 7.188014110960113, 44.66352234598267 ], [ 7.188074341640224, 44.663490854571677 ], [ 7.188094408142917, 44.663468589720424 ], [ 7.188201454941061, 44.663420757797148 ], [ 7.188239325109029, 44.663417228772026 ], [ 7.188259922147735, 44.663396157609426 ], [ 7.188321412578338, 44.663382772348683 ], [ 7.188328872376492, 44.66338115337895 ], [ 7.188524103287303, 44.663304410719547 ], [ 7.188789139214484, 44.663199123962691 ], [ 7.188824806365069, 44.663136914474215 ], [ 7.188869606629746, 44.663056189111579 ], [ 7.188922520737881, 44.663049896136528 ], [ 7.188914630134837, 44.662970751500431 ], [ 7.188842782027641, 44.66284720593999 ], [ 7.188858985312529, 44.662827077295169 ], [ 7.188906605185795, 44.662770118614098 ], [ 7.188934623524479, 44.662737044439289 ], [ 7.188950495834373, 44.662709202952783 ], [ 7.189005550977482, 44.662667802253566 ], [ 7.189053341009835, 44.662681502082137 ], [ 7.189122688486827, 44.662656041586075 ], [ 7.189197034017017, 44.662627336660755 ], [ 7.189192062667493, 44.662574726217102 ], [ 7.189238776155197, 44.662548090769789 ], [ 7.189337217457694, 44.662522666269716 ], [ 7.189403152927842, 44.662518555307258 ], [ 7.189581107444563, 44.662467589751301 ], [ 7.189731452722263, 44.662393705847954 ], [ 7.18980743248976, 44.662413617569783 ], [ 7.189820398323477, 44.662375556791027 ], [ 7.189877459055807, 44.662182359602603 ], [ 7.189845850259302, 44.662131692852256 ], [ 7.189833730561593, 44.662009414452569 ], [ 7.189844750285119, 44.661959281724485 ], [ 7.189840062288999, 44.661926885096968 ], [ 7.189839034253198, 44.661903212266502 ], [ 7.189876978810323, 44.661858827983671 ], [ 7.189994228535652, 44.66178884462429 ], [ 7.189994216003282, 44.661788830234578 ], [ 7.189915270246118, 44.661698184219063 ], [ 7.189914789129388, 44.661697631796791 ], [ 7.189909376602375, 44.661569482400594 ], [ 7.189909233444932, 44.661569357715635 ], [ 7.189750374041796, 44.661430996495689 ], [ 7.189607288987792, 44.661661211385116 ], [ 7.189504566407501, 44.66178052414184 ], [ 7.189429066977456, 44.661941860463372 ], [ 7.189436682911823, 44.662100331890983 ], [ 7.189426937036984, 44.662109433379854 ], [ 7.189503182163349, 44.662170726223252 ], [ 7.189558927282656, 44.662265306212845 ], [ 7.189544284697219, 44.662346534397223 ], [ 7.189074576271508, 44.662503447090565 ], [ 7.188979269295797, 44.66256178010093 ], [ 7.188941672163287, 44.662584530963386 ], [ 7.188795888539016, 44.66275012731225 ], [ 7.188718068474235, 44.66284176057362 ], [ 7.188696084883843, 44.662893736348067 ], [ 7.188694360477127, 44.662953159855739 ], [ 7.188685909044984, 44.662982646368143 ], [ 7.188641042075345, 44.663137469579226 ], [ 7.188474741189319, 44.663199145835222 ], [ 7.188182385727609, 44.663304101470757 ], [ 7.187532906940642, 44.663545566026983 ], [ 7.18742367743924, 44.663698731034124 ], [ 7.187416204270851, 44.663854792530984 ], [ 7.187414849630638, 44.663870091099483 ], [ 7.187462176081365, 44.663967912263772 ], [ 7.187507952777485, 44.664057993820819 ], [ 7.187550743463229, 44.664147303069477 ], [ 7.187594049945716, 44.664237156221354 ], [ 7.187607368099934, 44.664266316847637 ], [ 7.187629315711249, 44.664292712091694 ], [ 7.187748363790967, 44.664461258251187 ], [ 7.1877886577797, 44.664521252204239 ], [ 7.187832224128194, 44.664581906250078 ], [ 7.187833914014253, 44.664586999777697 ], [ 7.18785632532166, 44.664583212612207 ], [ 7.187856326582479, 44.664583212632223 ], [ 7.187990198971801, 44.664561093927482 ], [ 7.187990202355611, 44.664561092707309 ], [ 7.188059183008445, 44.66453621884127 ], [ 7.188057850476978, 44.664534336739976 ], [ 7.188040279880333, 44.664498868696853 ], [ 7.187880614026872, 44.66451443162304 ], [ 7.187869064379544, 44.664499358062315 ], [ 7.187826222952232, 44.664440214907692 ], [ 7.187706505817534, 44.664272089550295 ], [ 7.187672455987646, 44.664223716916467 ], [ 7.187667997016497, 44.664212181794646 ] ] ] ] } },
{ "type": "Feature", "properties": { "id_partic": 6983675, "id_foglio": 25190, "belfiore": "G066", "istat": "004154", "comune": "Oncino", "sezione": "O", "foglio": "40", "particella": "113", "data_agg": "2021-12-31", "data_elab": "2022-03-31" }, "geometry": { "type": "MultiPolygon", "coordinates": [ [ [ [ 7.187844170183984, 44.664897959592679 ], [ 7.187800606315792, 44.664942676226993 ], [ 7.187758803376989, 44.664985935399784 ], [ 7.18769826868566, 44.665047784251662 ], [ 7.187691207064433, 44.665062274048609 ], [ 7.187649467431927, 44.665148016501107 ], [ 7.187611517232442, 44.665241282079265 ], [ 7.187590703697244, 44.665295497206223 ], [ 7.18759161707256, 44.665324067310884 ], [ 7.187596610369126, 44.665477115315134 ], [ 7.187554595643556, 44.665537673654924 ], [ 7.187537824472837, 44.665574299239992 ], [ 7.187466475315177, 44.665629359521994 ], [ 7.187423677203042, 44.66566526581444 ], [ 7.187324505717611, 44.665705570488122 ], [ 7.187288665726339, 44.665715741319659 ], [ 7.187133406215669, 44.665759782531993 ], [ 7.187123005028924, 44.665770476725818 ], [ 7.187165213894797, 44.665791384208369 ], [ 7.187169911724189, 44.665793711200706 ], [ 7.187169914377685, 44.665793712515061 ], [ 7.187169918059224, 44.665793717088555 ], [ 7.187178313102973, 44.665804146047066 ], [ 7.187180274099311, 44.665803342110401 ], [ 7.187264720430038, 44.665782591037022 ], [ 7.187347282660348, 44.665755508310134 ], [ 7.187397566283523, 44.665738868986459 ], [ 7.187502577242618, 44.665696172290765 ], [ 7.187568625836446, 44.665723345761812 ], [ 7.187740635988812, 44.665617822400399 ], [ 7.187755002853083, 44.665608147809223 ], [ 7.18772166734322, 44.665468756691723 ], [ 7.187662187521646, 44.665321496569966 ], [ 7.187680974808749, 44.665273199851178 ], [ 7.187751998746428, 44.665090534281831 ], [ 7.187824523575904, 44.664998933738261 ], [ 7.187873081912207, 44.664947769628526 ], [ 7.187883385669366, 44.664936914233266 ], [ 7.187955629260637, 44.664860802267725 ], [ 7.187995112801937, 44.664821125175187 ], [ 7.188021470249997, 44.664794626316493 ], [ 7.18802250141391, 44.664790681626414 ], [ 7.188042169429798, 44.664715724714796 ], [ 7.18806159520309, 44.664696713861709 ], [ 7.188136930579704, 44.664622973464567 ], [ 7.188126809887383, 44.664606905614093 ], [ 7.188082890579325, 44.664537142215771 ], [ 7.188077548190177, 44.664529596494397 ], [ 7.188059183008445, 44.66453621884127 ], [ 7.187990202355611, 44.664561092707309 ], [ 7.187990198971801, 44.664561093927482 ], [ 7.187856326582479, 44.664583212632223 ], [ 7.18785632532166, 44.664583212612207 ], [ 7.187931786744596, 44.664688802131749 ], [ 7.187933456422515, 44.664743707253272 ], [ 7.187935244244599, 44.664802512287928 ], [ 7.187889420476803, 44.664850532978903 ], [ 7.187844170183984, 44.664897959592679 ] ] ] ] } },
{ "type": "Feature", "properties": { "id_partic": 6984052, "id_foglio": 25191, "belfiore": "G066", "istat": "004154", "comune": "Oncino", "sezione": "O", "foglio": "41", "particella": "274", "data_agg": "2021-12-31", "data_elab": "2022-03-31" }, "geometry": { "type": "MultiPolygon", "coordinates": [ [ [ [ 7.186519914144848, 44.667763798650746 ], [ 7.186503937998026, 44.667715806429001 ], [ 7.186494043586397, 44.667676263111581 ], [ 7.186489042938047, 44.667629925343242 ], [ 7.186479375827826, 44.667535776251611 ], [ 7.186464115096194, 44.667421631609166 ], [ 7.186462481817705, 44.667409408506195 ], [ 7.186592398070884, 44.667394771913777 ], [ 7.186568334312752, 44.667293205834476 ], [ 7.186443795384357, 44.667304347672442 ], [ 7.18644351772806, 44.667298282621665 ], [ 7.186437286637241, 44.667164794153003 ], [ 7.186434208885787, 44.667138380093114 ], [ 7.186430160970278, 44.667103572810767 ], [ 7.186419916959665, 44.667076419729433 ], [ 7.186381345376233, 44.666974289304449 ], [ 7.186345540046819, 44.666881443981161 ], [ 7.186344166956139, 44.666879006198982 ], [ 7.186134681249099, 44.666506044114634 ], [ 7.186112003308457, 44.666454060089414 ], [ 7.186074377380833, 44.666367976050971 ], [ 7.186043980762268, 44.666205672339878 ], [ 7.18606711422483, 44.666097890096978 ], [ 7.186255041053736, 44.66617119624528 ], [ 7.186503393596498, 44.666128900819999 ], [ 7.186723851471232, 44.66611045498923 ], [ 7.186801154629381, 44.666100629873043 ], [ 7.186853698031158, 44.666105259595923 ], [ 7.186904799065989, 44.666103842322812 ], [ 7.186880854983916, 44.66607969482601 ], [ 7.186720838869493, 44.665918634034441 ], [ 7.186691175673901, 44.665892160271568 ], [ 7.186772069322269, 44.665877684093054 ], [ 7.186859940549195, 44.665861985266432 ], [ 7.187016786955147, 44.665831244253383 ], [ 7.187155002994575, 44.665801882757961 ], [ 7.187165213894797, 44.665791384208369 ], [ 7.187123005028924, 44.665770476725818 ], [ 7.187118306278868, 44.665768149273696 ], [ 7.187109693639417, 44.665755946951712 ], [ 7.187106341334102, 44.665757151990093 ], [ 7.186966386059304, 44.665783046817246 ], [ 7.186809766047326, 44.665813107280435 ], [ 7.186758179575182, 44.665823009827498 ], [ 7.18662017169028, 44.665832528836198 ], [ 7.186581975635713, 44.665835168748231 ], [ 7.186445777440696, 44.66587498838917 ], [ 7.186335174262307, 44.665907336703164 ], [ 7.186185488167482, 44.66589759978082 ], [ 7.186199015675106, 44.66590709948418 ], [ 7.185948109085039, 44.666001298245511 ], [ 7.185862710266919, 44.666033344480731 ], [ 7.185849343060011, 44.666053082658351 ], [ 7.185950093766376, 44.666108411795541 ], [ 7.186004635060713, 44.666384107633711 ], [ 7.186031233534012, 44.666449867997883 ], [ 7.186050035845717, 44.666496379568763 ], [ 7.186268700068937, 44.666894444564264 ], [ 7.18631098436406, 44.666989685129749 ], [ 7.186348731285614, 44.667087354431381 ], [ 7.186349918701151, 44.667090444540278 ], [ 7.186361087224802, 44.667178281413484 ], [ 7.186376677857776, 44.667301520567676 ], [ 7.186377351732838, 44.667307861980454 ], [ 7.186389319751814, 44.667421530170486 ], [ 7.186390248339138, 44.667430388277992 ], [ 7.186401803733223, 44.667540869162259 ], [ 7.186410086829444, 44.667636205972002 ], [ 7.186414076276366, 44.667682311443969 ], [ 7.186417494406325, 44.66772184839445 ], [ 7.186437279081153, 44.667770484637941 ], [ 7.18650015703326, 44.667922090492318 ], [ 7.186507818138176, 44.667940527870513 ], [ 7.186518037718893, 44.66804787830668 ], [ 7.18651101105521, 44.668078560490429 ], [ 7.186499965086653, 44.668126810548998 ], [ 7.186490904160333, 44.668166441106891 ], [ 7.18646168611317, 44.668200553964994 ], [ 7.186416037637485, 44.668253870831037 ], [ 7.186403793351089, 44.668268174513514 ], [ 7.186346646481916, 44.668284650000942 ], [ 7.186321255691464, 44.668291964667965 ], [ 7.186237562561108, 44.668279832905263 ], [ 7.186041099922853, 44.668276845530272 ], [ 7.185952678258215, 44.668275203575796 ], [ 7.185852362515303, 44.668273334672392 ], [ 7.185591740996458, 44.668268462225562 ], [ 7.185370936149369, 44.668258933987133 ], [ 7.185246551752765, 44.668251958351938 ], [ 7.185111779313068, 44.668241386657328 ], [ 7.184967922585749, 44.668230143684767 ], [ 7.184983725316694, 44.66829119234712 ], [ 7.185127487304254, 44.668297461698522 ], [ 7.185256239770449, 44.668304995720497 ], [ 7.185379104472383, 44.668309968922856 ], [ 7.185460283884741, 44.668313277388528 ], [ 7.185585442475994, 44.668318401278817 ], [ 7.185861499868571, 44.66832946011629 ], [ 7.186011785011654, 44.668337541287556 ], [ 7.186054153962585, 44.668339810594517 ], [ 7.186174850975521, 44.66834629446592 ], [ 7.186207820233318, 44.668348065438011 ], [ 7.186204509508271, 44.66838529462175 ], [ 7.186255223762439, 44.668433486564631 ], [ 7.186385403400931, 44.668447673935468 ], [ 7.186432042773728, 44.668425835214869 ], [ 7.186483979951823, 44.668356917373082 ], [ 7.186506697674853, 44.668326585828403 ], [ 7.18650897072057, 44.668300107208431 ], [ 7.186512983185435, 44.66825327167458 ], [ 7.18654083732565, 44.668218538403863 ], [ 7.186562206848524, 44.668191913884094 ], [ 7.186578108344928, 44.668134662582268 ], [ 7.186592973039383, 44.668081156087368 ], [ 7.186598063929742, 44.668062870590731 ], [ 7.186571375697995, 44.667918106392534 ], [ 7.186519914144848, 44.667763798650746 ] ] ] ] } },
{ "type": "Feature", "properties": { "id_partic": 6984102, "id_foglio": 25191, "belfiore": "G066", "istat": "004154", "comune": "Oncino", "sezione": "O", "foglio": "41", "particella": "1", "data_agg": "2021-12-31", "data_elab": "2022-03-31" }, "geometry": { "type": "MultiPolygon", "coordinates": [ [ [ [ 7.183950768155579, 44.668212943846726 ], [ 7.18437075253012, 44.668285343032238 ], [ 7.184376670591252, 44.668277272070014 ], [ 7.184446725869458, 44.668292993999863 ], [ 7.184450433138251, 44.668245961942262 ], [ 7.184983725316694, 44.66829119234712 ], [ 7.184967922585749, 44.668230143684767 ], [ 7.184407637696252, 44.668189570469764 ], [ 7.183717935726341, 44.668147095379481 ], [ 7.183659967914974, 44.668181265568137 ], [ 7.183647380573066, 44.668196201793222 ], [ 7.183940181439223, 44.668201343150024 ], [ 7.183950768155579, 44.668212943846726 ] ] ] ] } },
{ "type": "Feature", "properties": { "id_partic": 6984111, "id_foglio": 25191, "belfiore": "G066", "istat": "004154", "comune": "Oncino", "sezione": "O", "foglio": "41", "particella": "273", "data_agg": "2021-12-31", "data_elab": "2022-03-31" }, "geometry": { "type": "MultiPolygon", "coordinates": [ [ [ [ 7.183950768155579, 44.668212943846726 ], [ 7.183973432442059, 44.668239563681809 ], [ 7.184084735245375, 44.668286457294862 ], [ 7.184203809843957, 44.668314644231359 ], [ 7.184257825826855, 44.668341984104948 ], [ 7.18437075253012, 44.668285343032238 ], [ 7.183950768155579, 44.668212943846726 ] ] ] ] } },
{ "type": "Feature", "properties": { "id_partic": 6984171, "id_foglio": 25191, "belfiore": "G066", "istat": "004154", "comune": "Oncino", "sezione": "O", "foglio": "41", "particella": "34", "data_agg": "2021-12-31", "data_elab": "2022-03-31" }, "geometry": { "type": "MultiPolygon", "coordinates": [ [ [ [ 7.187034404462887, 44.668436685929706 ], [ 7.186983034342171, 44.66851637311786 ], [ 7.187019225030619, 44.668543798153074 ], [ 7.18712473102818, 44.668616145175349 ], [ 7.187281316039893, 44.668693334062496 ], [ 7.187290135960043, 44.66869767456442 ], [ 7.187355947402277, 44.668644156547856 ], [ 7.187373032269626, 44.668630264233222 ], [ 7.187034404462887, 44.668436685929706 ] ] ] ] } },
{ "type": "Feature", "properties": { "id_partic": 8312023, "id_foglio": 24202, "belfiore": "G183", "istat": "004156", "comune": "Ostana", "sezione": "O", "foglio": "16", "particella": "232", "data_agg": "2021-12-31", "data_elab": "2022-03-31" }, "geometry": { "type": "MultiPolygon", "coordinates": [ [ [ [ 7.206396451353885, 44.686015099376498 ], [ 7.206383007072398, 44.686036379283415 ], [ 7.206363074692717, 44.686067920090878 ], [ 7.20634725271925, 44.686092934926336 ], [ 7.206328199146214, 44.686123120859492 ], [ 7.206406052408461, 44.686151977098902 ], [ 7.206433785039368, 44.686196271129532 ], [ 7.206534393695625, 44.686295816351866 ], [ 7.206573941629449, 44.68626416091827 ], [ 7.206549647707664, 44.686223910556976 ], [ 7.206565157049199, 44.686126328411717 ], [ 7.206584027733612, 44.686088492764341 ], [ 7.206550747817931, 44.686078240047443 ], [ 7.206520900171741, 44.686069041061771 ], [ 7.206528634422923, 44.686055107601845 ], [ 7.206396451353885, 44.686015099376498 ] ] ] ] } },
{ "type": "Feature", "properties": { "id_partic": 7605556, "id_foglio": 18970, "belfiore": "G228", "istat": "004157", "comune": "Paesana", "sezione": "P", "foglio": "20", "particella": "1141", "data_agg": "2021-12-31", "data_elab": "2022-03-31" }, "geometry": { "type": "MultiPolygon", "coordinates": [ [ [ [ 7.241166735571729, 44.68722539126815 ], [ 7.24102638294603, 44.687157836560637 ], [ 7.240893305072031, 44.687092142201791 ], [ 7.24080313355002, 44.687026194189229 ], [ 7.240777131988905, 44.686989673040571 ], [ 7.240756361262083, 44.686928728720616 ], [ 7.240744410370922, 44.686833450161252 ], [ 7.240744544011399, 44.686827458776484 ], [ 7.240749576390301, 44.686628746465267 ], [ 7.24074993937286, 44.686614429929563 ], [ 7.240750640225923, 44.6865850871093 ], [ 7.240750922711214, 44.686574752983105 ], [ 7.240752988864324, 44.686542692770601 ], [ 7.240685494404264, 44.68653337293545 ], [ 7.240684949128383, 44.686564480547226 ], [ 7.240684020921435, 44.686617340049878 ], [ 7.240682199025018, 44.686952527080216 ], [ 7.240717248557273, 44.687024441685331 ], [ 7.240762329974649, 44.687072724912134 ], [ 7.240817475412298, 44.68711682676004 ], [ 7.24088531740969, 44.687166090465119 ], [ 7.241255970629883, 44.687329242840498 ], [ 7.241536115868668, 44.687430040833725 ], [ 7.24166791772281, 44.687450520369971 ], [ 7.242243601644881, 44.687513620653363 ], [ 7.242496318489247, 44.687487812248953 ], [ 7.242644580836206, 44.687469306771042 ], [ 7.242509226123544, 44.687452551438916 ], [ 7.242109834750234, 44.687439580992859 ], [ 7.241598769790017, 44.687392776692633 ], [ 7.241500692046055, 44.687359018426378 ], [ 7.241346620391801, 44.687296016403849 ], [ 7.241166735571729, 44.68722539126815 ] ] ] ] } },
{ "type": "Feature", "properties": { "id_partic": 7605632, "id_foglio": 18970, "belfiore": "G228", "istat": "004157", "comune": "Paesana", "sezione": "P", "foglio": "20", "particella": "763", "data_agg": "2021-12-31", "data_elab": "2022-03-31" }, "geometry": { "type": "MultiPolygon", "coordinates": [ [ [ [ 7.23938984750361, 44.685910261747928 ], [ 7.239611765150818, 44.686166510666972 ], [ 7.23979374440009, 44.686322668119281 ], [ 7.239952157743681, 44.686397105489384 ], [ 7.239951791534205, 44.686421032865901 ], [ 7.239997905328108, 44.686438570664279 ], [ 7.240097720014155, 44.686458698313373 ], [ 7.240355640175169, 44.68648786200027 ], [ 7.240685494404264, 44.68653337293545 ], [ 7.240752988864324, 44.686542692770601 ], [ 7.24122393946584, 44.686602660730564 ], [ 7.241724734424206, 44.686509132774539 ], [ 7.241761295817835, 44.686471973836014 ], [ 7.241626630457808, 44.6861686836912 ], [ 7.241589551782933, 44.685853241570172 ], [ 7.24157718862051, 44.685736936439433 ], [ 7.241577232592096, 44.685725962089165 ], [ 7.241510670683682, 44.6855972618404 ], [ 7.24136602434922, 44.685495554496981 ], [ 7.241109455301374, 44.685445737746001 ], [ 7.240737381489766, 44.685515698000991 ], [ 7.240276308963836, 44.685668968166375 ], [ 7.239554765339668, 44.685906920622884 ], [ 7.23938984750361, 44.685910261747928 ] ] ] ] } },
{ "type": "Feature", "properties": { "id_partic": 7605734, "id_foglio": 18970, "belfiore": "G228", "istat": "004157", "comune": "Paesana", "sezione": "P", "foglio": "20", "particella": "1600", "data_agg": "2021-12-31", "data_elab": "2022-03-31" }, "geometry": { "type": "MultiPolygon", "coordinates": [ [ [ [ 7.240749576390301, 44.686628746465267 ], [ 7.240744544011399, 44.686827458776484 ], [ 7.240763986759911, 44.686823054307339 ], [ 7.24076271635188, 44.686630597336588 ], [ 7.240749576390301, 44.686628746465267 ] ] ] ] } },
{ "type": "Feature", "properties": { "id_partic": 7605765, "id_foglio": 18970, "belfiore": "G228", "istat": "004157", "comune": "Paesana", "sezione": "P", "foglio": "20", "particella": "1599", "data_agg": "2021-12-31", "data_elab": "2022-03-31" }, "geometry": { "type": "MultiPolygon", "coordinates": [ [ [ [ 7.240963387145988, 44.686776394766788 ], [ 7.241174438818829, 44.686721919673396 ], [ 7.241169730991428, 44.686687941307518 ], [ 7.240946608787577, 44.686656521442394 ], [ 7.240963387145988, 44.686776394766788 ] ] ] ] } },
{ "type": "Feature", "properties": { "id_partic": 7605766, "id_foglio": 18970, "belfiore": "G228", "istat": "004157", "comune": "Paesana", "sezione": "P", "foglio": "20", "particella": "1595", "data_agg": "2021-12-31", "data_elab": "2022-03-31" }, "geometry": { "type": "MultiPolygon", "coordinates": [ [ [ [ 7.240840213342594, 44.686641519009896 ], [ 7.24076271635188, 44.686630597336588 ], [ 7.240763986759911, 44.686823054307339 ], [ 7.240852897638559, 44.686802888556997 ], [ 7.240840213342594, 44.686641519009896 ] ] ] ] } },
{ "type": "Feature", "properties": { "id_partic": 7605809, "id_foglio": 18970, "belfiore": "G228", "istat": "004157", "comune": "Paesana", "sezione": "P", "foglio": "20", "particella": "1597", "data_agg": "2021-12-31", "data_elab": "2022-03-31" }, "geometry": { "type": "MultiPolygon", "coordinates": [ [ [ [ 7.240963387145988, 44.686776394766788 ], [ 7.240946608787577, 44.686656521442394 ], [ 7.240840213342594, 44.686641519009896 ], [ 7.240852897638559, 44.686802888556997 ], [ 7.240963387145988, 44.686776394766788 ] ] ] ] } },
{ "type": "Feature", "properties": { "id_partic": 7610581, "id_foglio": 19029, "belfiore": "G228", "istat": "004157", "comune": "Paesana", "sezione": "P", "foglio": "27", "particella": "382", "data_agg": "2021-12-31", "data_elab": "2022-03-31" }, "geometry": { "type": "MultiPolygon", "coordinates": [ [ [ [ 7.23623736429955, 44.677913666783247 ], [ 7.236175160613833, 44.677867290273824 ], [ 7.2361241702824, 44.677824595128982 ], [ 7.236092043823177, 44.677792865851799 ], [ 7.236070855786124, 44.677762606299872 ], [ 7.236000445387615, 44.67762788675018 ], [ 7.235936079091264, 44.677501532447586 ], [ 7.23592824512528, 44.67749914714787 ], [ 7.235921961936, 44.677509670589487 ], [ 7.235863858045207, 44.677493133168106 ], [ 7.235839260989043, 44.677485692262216 ], [ 7.235865249762914, 44.677445649295073 ], [ 7.235888068344503, 44.677452592382963 ], [ 7.235909935935942, 44.677460059935314 ], [ 7.235874587287824, 44.677382695345514 ], [ 7.235780027550438, 44.677210014033392 ], [ 7.235697124376488, 44.677049600535831 ], [ 7.235672234882482, 44.677003787423892 ], [ 7.235724891452856, 44.676889400397819 ], [ 7.235737487383861, 44.676862029426694 ], [ 7.235775643319728, 44.676774339104107 ], [ 7.235903770889569, 44.676563434324741 ], [ 7.235761078592489, 44.676413586765534 ], [ 7.235738959392338, 44.676417121549868 ], [ 7.235698951799602, 44.676369107056928 ], [ 7.235583219643557, 44.676230212385363 ], [ 7.235583167284282, 44.676230199828161 ], [ 7.235402802825859, 44.676186943284655 ], [ 7.234994820635489, 44.676089096233028 ], [ 7.234994705853392, 44.676089068704393 ], [ 7.234994644138227, 44.67608920333295 ], [ 7.234931696877458, 44.676226519289614 ], [ 7.234883993902132, 44.676330580209758 ], [ 7.234775874870807, 44.676560163893782 ], [ 7.234775545263496, 44.676560863790286 ], [ 7.234935257036151, 44.676739228257432 ], [ 7.235021179763478, 44.676831617280492 ], [ 7.235181663362852, 44.677016679080161 ], [ 7.235287062630405, 44.677136654556215 ], [ 7.235340422397257, 44.677195066966028 ], [ 7.235410055901974, 44.67727833996944 ], [ 7.235416240554179, 44.67728036176274 ], [ 7.235545027755619, 44.677435063273421 ], [ 7.235553919385175, 44.677543519045955 ], [ 7.235614804873785, 44.677571381456822 ], [ 7.235670207152648, 44.677628028637692 ], [ 7.235755092707602, 44.677769903147393 ], [ 7.235854858291162, 44.677934088762449 ], [ 7.235913323473111, 44.678030735733515 ], [ 7.235940967917396, 44.678072871596662 ], [ 7.235984130923657, 44.678138611724343 ], [ 7.236054567883454, 44.678246969891376 ], [ 7.236082547139669, 44.678185957199659 ], [ 7.236198121787713, 44.678396836535178 ], [ 7.23630304742162, 44.678577927384957 ], [ 7.236309019590148, 44.678588606580298 ], [ 7.236376850632749, 44.678710201546018 ], [ 7.236453030281171, 44.67882003927344 ], [ 7.236461970169689, 44.679117697758812 ], [ 7.236639513082587, 44.6791276507576 ], [ 7.236665454250022, 44.679179906839863 ], [ 7.236755369615556, 44.679357589827248 ], [ 7.23678359461801, 44.679413399493157 ], [ 7.236913187380249, 44.679670302882855 ], [ 7.236924800666097, 44.679669613476477 ], [ 7.237053159824411, 44.679657616315538 ], [ 7.237054827836355, 44.679638839054547 ], [ 7.237013848095472, 44.679561158381027 ], [ 7.236979029852643, 44.679494223122965 ], [ 7.23690703878548, 44.679357444296912 ], [ 7.236863278345508, 44.679274328157021 ], [ 7.236918948642303, 44.679183574566125 ], [ 7.23682205509339, 44.679141703067657 ], [ 7.236811380719855, 44.679137085817615 ], [ 7.236792257392175, 44.679135601714201 ], [ 7.236730093311088, 44.679012550380506 ], [ 7.236803460585242, 44.67887500346307 ], [ 7.236731083442316, 44.678849564808985 ], [ 7.236617026387623, 44.678802127074938 ], [ 7.236495644145119, 44.678580514603169 ], [ 7.2364926926834, 44.678575106451561 ], [ 7.236453081286049, 44.678503715873696 ], [ 7.23636592688517, 44.678346597903108 ], [ 7.236188169187074, 44.678004772331093 ], [ 7.23623736429955, 44.677913666783247 ] ], [ [ 7.235419292021572, 44.676294067330865 ], [ 7.235485673068346, 44.676216432396302 ], [ 7.235582098138666, 44.676253482503753 ], [ 7.235540942872295, 44.676304134611073 ], [ 7.235557994393457, 44.676311521741539 ], [ 7.235531383558383, 44.676342631988568 ], [ 7.235419292021572, 44.676294067330865 ] ], [ [ 7.235392249592801, 44.67658837133866 ], [ 7.235274326478972, 44.676621507146457 ], [ 7.235224510448497, 44.676533952673182 ], [ 7.235224185286743, 44.676526799210571 ], [ 7.235210749136526, 44.676520280881697 ], [ 7.235226932321344, 44.67649398390045 ], [ 7.235212529828378, 44.676491595913753 ], [ 7.235196110995313, 44.676461191575399 ], [ 7.235211305988435, 44.676440847982093 ], [ 7.235193133178837, 44.676409559665949 ], [ 7.235248621672719, 44.676394410877258 ], [ 7.235263450957548, 44.676424875358563 ], [ 7.23529676238353, 44.676434866271862 ], [ 7.235312478827307, 44.676462420185139 ], [ 7.235294610375377, 44.676491614876163 ], [ 7.235304397881263, 44.676510334799929 ], [ 7.235343283803596, 44.676499692596494 ], [ 7.235392249592801, 44.67658837133866 ] ], [ [ 7.235028574550348, 44.676513581834612 ], [ 7.235052323029064, 44.676519616345757 ], [ 7.23503268408122, 44.676559717140123 ], [ 7.235008296310234, 44.676553593566851 ], [ 7.234934056134853, 44.676535047487448 ], [ 7.234940491794917, 44.676522051642912 ], [ 7.234899232609465, 44.676513193331601 ], [ 7.234909083841878, 44.676488844018564 ], [ 7.234955340760149, 44.676494982712484 ], [ 7.235028574550348, 44.676513581834612 ] ], [ [ 7.235513811756513, 44.676833393594514 ], [ 7.235410667135397, 44.67685861964587 ], [ 7.235392374039338, 44.676830110211228 ], [ 7.235369099634287, 44.67683642504177 ], [ 7.235338419628049, 44.676784324652928 ], [ 7.23533651642704, 44.67672590631517 ], [ 7.235337569885937, 44.676672755094081 ], [ 7.235322066219783, 44.676648593778751 ], [ 7.235361760093387, 44.676635651067329 ], [ 7.235379067541218, 44.67666262022437 ], [ 7.235418029434576, 44.676684055290707 ], [ 7.235513811756513, 44.676833393594514 ] ], [ [ 7.235732876182707, 44.67677191117351 ], [ 7.235678232960664, 44.676752931081126 ], [ 7.235687422559046, 44.676738936872177 ], [ 7.235616777141098, 44.676714986914057 ], [ 7.235652274949371, 44.676662149179954 ], [ 7.235778271603644, 44.676705074021385 ], [ 7.235732876182707, 44.67677191117351 ] ] ] ] } },
{ "type": "Feature", "properties": { "id_partic": 7610772, "id_foglio": 19029, "belfiore": "G228", "istat": "004157", "comune": "Paesana", "sezione": "P", "foglio": "27", "particella": "374", "data_agg": "2021-12-31", "data_elab": "2022-03-31" }, "geometry": { "type": "MultiPolygon", "coordinates": [ [ [ [ 7.237659615570167, 44.680770882193329 ], [ 7.2375558114639, 44.680573566326927 ], [ 7.237364229328122, 44.680220393570131 ], [ 7.237210941386918, 44.679938840915106 ], [ 7.237067382192993, 44.679672081056019 ], [ 7.237051474124886, 44.679679570264597 ], [ 7.236923378947476, 44.679690299412414 ], [ 7.23706618212579, 44.679963556867662 ], [ 7.237096103752815, 44.680019739853677 ], [ 7.237202927105819, 44.680220223306542 ], [ 7.237248288109665, 44.6803046118238 ], [ 7.23730820561421, 44.680416102175265 ], [ 7.237371165012621, 44.680534690001565 ], [ 7.237437645343973, 44.680659958982531 ], [ 7.237509544053358, 44.680793392218938 ], [ 7.237559510745989, 44.680886092193681 ], [ 7.237600400008608, 44.680964383333354 ], [ 7.237702443326422, 44.681159730359823 ], [ 7.237774222323613, 44.681297364528263 ], [ 7.237841251211512, 44.68142591151048 ], [ 7.237898674327292, 44.681530706944351 ], [ 7.237984820875518, 44.681690091115385 ], [ 7.238079170039426, 44.681868349368436 ], [ 7.23798922332938, 44.681910369778073 ], [ 7.237989037434735, 44.681910531460488 ], [ 7.237989224590029, 44.681910369796448 ], [ 7.238002679463196, 44.681904084371375 ], [ 7.238079171633234, 44.681868351105017 ], [ 7.238088664675925, 44.681863916429712 ], [ 7.238094814497446, 44.681861043539527 ], [ 7.238209004888283, 44.681810956756657 ], [ 7.238208122064282, 44.681809932282363 ], [ 7.238060965631969, 44.6815305633463 ], [ 7.237985418033428, 44.681388212546622 ], [ 7.237946356099805, 44.681314345286992 ], [ 7.237845215900585, 44.681122985257005 ], [ 7.237786375634322, 44.681011387874491 ], [ 7.237755705151849, 44.680953219656928 ], [ 7.237678316968068, 44.680806422701195 ], [ 7.237659615570167, 44.680770882193329 ] ] ] ] } },
{ "type": "Feature", "properties": { "id_partic": 7610872, "id_foglio": 19029, "belfiore": "G228", "istat": "004157", "comune": "Paesana", "sezione": "P", "foglio": "27", "particella": "386", "data_agg": "2021-12-31", "data_elab": "2022-03-31" }, "geometry": { "type": "MultiPolygon", "coordinates": [ [ [ [ 7.235419292021572, 44.676294067330865 ], [ 7.235531383558383, 44.676342631988568 ], [ 7.235557994393457, 44.676311521741539 ], [ 7.235540942872295, 44.676304134611073 ], [ 7.235582098138666, 44.676253482503753 ], [ 7.235485673068346, 44.676216432396302 ], [ 7.235419292021572, 44.676294067330865 ] ] ] ] } },
{ "type": "Feature", "properties": { "id_partic": 7610892, "id_foglio": 19029, "belfiore": "G228", "istat": "004157", "comune": "Paesana", "sezione": "P", "foglio": "27", "particella": "384", "data_agg": "2021-12-31", "data_elab": "2022-03-31" }, "geometry": { "type": "MultiPolygon", "coordinates": [ [ [ [ 7.235392249592801, 44.67658837133866 ], [ 7.235343283803596, 44.676499692596494 ], [ 7.235304397881263, 44.676510334799929 ], [ 7.235294610375377, 44.676491614876163 ], [ 7.235312478827307, 44.676462420185139 ], [ 7.23529676238353, 44.676434866271862 ], [ 7.235263450957548, 44.676424875358563 ], [ 7.235248621672719, 44.676394410877258 ], [ 7.235193133178837, 44.676409559665949 ], [ 7.235211305988435, 44.676440847982093 ], [ 7.235196110995313, 44.676461191575399 ], [ 7.235212529828378, 44.676491595913753 ], [ 7.235226932321344, 44.67649398390045 ], [ 7.235210749136526, 44.676520280881697 ], [ 7.235224185286743, 44.676526799210571 ], [ 7.235224510448497, 44.676533952673182 ], [ 7.235274326478972, 44.676621507146457 ], [ 7.235392249592801, 44.67658837133866 ] ] ] ] } },
{ "type": "Feature", "properties": { "id_partic": 7610893, "id_foglio": 19029, "belfiore": "G228", "istat": "004157", "comune": "Paesana", "sezione": "P", "foglio": "27", "particella": "383", "data_agg": "2021-12-31", "data_elab": "2022-03-31" }, "geometry": { "type": "MultiPolygon", "coordinates": [ [ [ [ 7.235028574550348, 44.676513581834612 ], [ 7.234955340760149, 44.676494982712484 ], [ 7.234909083841878, 44.676488844018564 ], [ 7.234899232609465, 44.676513193331601 ], [ 7.234940491794917, 44.676522051642912 ], [ 7.234934056134853, 44.676535047487448 ], [ 7.235008296310234, 44.676553593566851 ], [ 7.23503268408122, 44.676559717140123 ], [ 7.235052323029064, 44.676519616345757 ], [ 7.235028574550348, 44.676513581834612 ] ] ] ] } },
{ "type": "Feature", "properties": { "id_partic": 7610894, "id_foglio": 19029, "belfiore": "G228", "istat": "004157", "comune": "Paesana", "sezione": "P", "foglio": "27", "particella": "381", "data_agg": "2021-12-31", "data_elab": "2022-03-31" }, "geometry": { "type": "MultiPolygon", "coordinates": [ [ [ [ 7.235513811756513, 44.676833393594514 ], [ 7.235418029434576, 44.676684055290707 ], [ 7.235379067541218, 44.67666262022437 ], [ 7.235361760093387, 44.676635651067329 ], [ 7.235322066219783, 44.676648593778751 ], [ 7.235337569885937, 44.676672755094081 ], [ 7.23533651642704, 44.67672590631517 ], [ 7.235338419628049, 44.676784324652928 ], [ 7.235369099634287, 44.67683642504177 ], [ 7.235392374039338, 44.676830110211228 ], [ 7.235410667135397, 44.67685861964587 ], [ 7.235513811756513, 44.676833393594514 ] ] ] ] } },
{ "type": "Feature", "properties": { "id_partic": 7610898, "id_foglio": 19029, "belfiore": "G228", "istat": "004157", "comune": "Paesana", "sezione": "P", "foglio": "27", "particella": "385", "data_agg": "2021-12-31", "data_elab": "2022-03-31" }, "geometry": { "type": "MultiPolygon", "coordinates": [ [ [ [ 7.235732876182707, 44.67677191117351 ], [ 7.235778271603644, 44.676705074021385 ], [ 7.235652274949371, 44.676662149179954 ], [ 7.235616777141098, 44.676714986914057 ], [ 7.235687422559046, 44.676738936872177 ], [ 7.235678232960664, 44.676752931081126 ], [ 7.235732876182707, 44.67677191117351 ] ] ] ] } },
{ "type": "Feature", "properties": { "id_partic": 7611381, "id_foglio": 18975, "belfiore": "G228", "istat": "004157", "comune": "Paesana", "sezione": "P", "foglio": "28", "particella": "600", "data_agg": "2021-12-31", "data_elab": "2022-03-31" }, "geometry": { "type": "MultiPolygon", "coordinates": [ [ [ [ 7.239903656884962, 44.684876831175814 ], [ 7.239819069268885, 44.684753551877826 ], [ 7.23977544168687, 44.684694186761767 ], [ 7.239750746544162, 44.684707418429731 ], [ 7.239657538986576, 44.6847560584606 ], [ 7.239727448487336, 44.684907989980402 ], [ 7.239747923716321, 44.684952436587992 ], [ 7.239812427671691, 44.685088794588346 ], [ 7.239917998462623, 44.685311371964332 ], [ 7.239951569176721, 44.685383509074455 ], [ 7.240024853587696, 44.685541524489189 ], [ 7.24002510905954, 44.685541481493573 ], [ 7.240172796889153, 44.685516625695151 ], [ 7.240179243459028, 44.685514721187452 ], [ 7.240180263444203, 44.685514419853575 ], [ 7.24018391169814, 44.685513342051046 ], [ 7.240318433439094, 44.685473600224249 ], [ 7.240137582009934, 44.685209772016073 ], [ 7.240047366213451, 44.685083518937397 ], [ 7.240003253119212, 44.685015614818113 ], [ 7.239903656884962, 44.684876831175814 ] ] ] ] } },
{ "type": "Feature", "properties": { "id_partic": 7611411, "id_foglio": 18975, "belfiore": "G228", "istat": "004157", "comune": "Paesana", "sezione": "P", "foglio": "28", "particella": "602", "data_agg": "2021-12-31", "data_elab": "2022-03-31" }, "geometry": { "type": "MultiPolygon", "coordinates": [ [ [ [ 7.238411448044321, 44.68247066223708 ], [ 7.23842891525571, 44.682503672125101 ], [ 7.23847464113531, 44.682585474159168 ], [ 7.238546630141431, 44.682714229107205 ], [ 7.238566070083743, 44.682749979563198 ], [ 7.238674801032547, 44.682950015357235 ], [ 7.23870166105738, 44.68299945736517 ], [ 7.238838014827221, 44.683259647028102 ], [ 7.238925496180111, 44.683418537587215 ], [ 7.23891813117497, 44.683476081787212 ], [ 7.238963750713499, 44.683490936115184 ], [ 7.239038652884109, 44.683633481379616 ], [ 7.239192141278211, 44.683912764956546 ], [ 7.239221576716764, 44.683966025285279 ], [ 7.239264053762581, 44.684042829723808 ], [ 7.239266705774762, 44.684047713693545 ], [ 7.239333490217597, 44.684169950361152 ], [ 7.239388817901889, 44.684271149518231 ], [ 7.239476623486483, 44.684426557653303 ], [ 7.239528245473598, 44.684517852650615 ], [ 7.239514850098578, 44.684619656539418 ], [ 7.239497292205916, 44.684775689194581 ], [ 7.239573295258464, 44.684773939622289 ], [ 7.239771041923196, 44.684671440314155 ], [ 7.239685747268227, 44.684525404658046 ], [ 7.239616816248462, 44.684406501435291 ], [ 7.239614770224216, 44.684402735895176 ], [ 7.239549471553032, 44.684282057875357 ], [ 7.239485750108893, 44.684164191705968 ], [ 7.23948812285328, 44.684037376144651 ], [ 7.239489495495611, 44.68396553909421 ], [ 7.239362047294679, 44.683954329181404 ], [ 7.239377776758832, 44.68379852578915 ], [ 7.239313147260218, 44.683726844440478 ], [ 7.239264571826354, 44.68365961712081 ], [ 7.239264817987228, 44.683653514927755 ], [ 7.239265663568489, 44.683632305827999 ], [ 7.239178680789408, 44.683598263369497 ], [ 7.239079064364294, 44.68340922290222 ], [ 7.239057709284371, 44.683367810273566 ], [ 7.239046246223912, 44.683345567648765 ], [ 7.238957380645523, 44.683173478101658 ], [ 7.238903402188434, 44.683069204199377 ], [ 7.238886740192672, 44.683035574079874 ], [ 7.23886861218321, 44.682998960429941 ], [ 7.238779526265904, 44.682831616852447 ], [ 7.238735224652443, 44.682748373755985 ], [ 7.238596748318011, 44.682496416328902 ], [ 7.238582304214071, 44.682470498644456 ], [ 7.238444818163237, 44.682223801329584 ], [ 7.238401965730631, 44.682144304611079 ], [ 7.238324550692968, 44.682000674807917 ], [ 7.238220796632178, 44.681805604926339 ], [ 7.238209027869718, 44.681810946676393 ], [ 7.238209004888283, 44.681810956756657 ], [ 7.238094814497446, 44.681861043539527 ], [ 7.238088664675925, 44.681863916429712 ], [ 7.238089741103346, 44.681865089296956 ], [ 7.238160634158541, 44.681999733188235 ], [ 7.238213189005834, 44.68209955406261 ], [ 7.238304963365777, 44.682269474197646 ], [ 7.238411448044321, 44.68247066223708 ] ] ] ] } },
{ "type": "Feature", "properties": { "id_partic": 7611682, "id_foglio": 19031, "belfiore": "G228", "istat": "004157", "comune": "Paesana", "sezione": "P", "foglio": "30", "particella": "149", "data_agg": "2021-12-31", "data_elab": "2022-03-31" }, "geometry": { "type": "MultiPolygon", "coordinates": [ [ [ [ 7.210749930333335, 44.660533323676873 ], [ 7.210667927811496, 44.660504275132013 ], [ 7.210609610048902, 44.660363013642524 ], [ 7.210557043826307, 44.660235705970635 ], [ 7.210532263671836, 44.660176090754277 ], [ 7.210613650261086, 44.660005402352724 ], [ 7.210630533720105, 44.659994936090463 ], [ 7.210751739729092, 44.65991979302482 ], [ 7.210733939979368, 44.659895675703176 ], [ 7.210578137485204, 44.659894908377922 ], [ 7.210430239625948, 44.65981556569794 ], [ 7.210316936982088, 44.659754787936635 ], [ 7.210242836964919, 44.659541943777043 ], [ 7.210229497864416, 44.659503636486491 ], [ 7.210118911807843, 44.659409943297135 ], [ 7.210062623343977, 44.659362248333224 ], [ 7.209984829144991, 44.659278494620253 ], [ 7.21001962506137, 44.659232317653085 ], [ 7.209979521555041, 44.659211199430885 ], [ 7.209920889938183, 44.65919743374409 ], [ 7.209867054492642, 44.659115540985034 ], [ 7.209806616249148, 44.659023606011566 ], [ 7.209811856628463, 44.658905396535957 ], [ 7.209818691924001, 44.658751760581126 ], [ 7.209824883827722, 44.658682134013553 ], [ 7.209881242349614, 44.658670153231917 ], [ 7.209933017298236, 44.658659153840446 ], [ 7.21006052446859, 44.658632075118696 ], [ 7.210053061742279, 44.658597920014834 ], [ 7.209914060227558, 44.658571848339697 ], [ 7.209816606601738, 44.65855355786401 ], [ 7.209652933667976, 44.658401704477633 ], [ 7.209621626862555, 44.658372648907182 ], [ 7.2095823381913, 44.658270179547401 ], [ 7.209655207186106, 44.658168451699311 ], [ 7.20963839742648, 44.658104829147568 ], [ 7.209587835928335, 44.658013733105399 ], [ 7.209537531028968, 44.657908570297337 ], [ 7.209534287205721, 44.657880783003442 ], [ 7.209533865838885, 44.65784161591337 ], [ 7.209506499532108, 44.657781671819116 ], [ 7.209511777078307, 44.657683574300904 ], [ 7.209497475190741, 44.657678209638135 ], [ 7.20940537415282, 44.657417684876492 ], [ 7.209354009051442, 44.657384677674877 ], [ 7.209303163520117, 44.657352002685748 ], [ 7.209423371683792, 44.657030134282593 ], [ 7.209398771559858, 44.657037996240881 ], [ 7.209397358672073, 44.657038447761465 ], [ 7.209290641765445, 44.657072551515832 ], [ 7.209290640504774, 44.65707255149605 ], [ 7.209192625803075, 44.657186866196668 ], [ 7.209095759670907, 44.657347840315666 ], [ 7.209048736342429, 44.657418788896564 ], [ 7.20903172014105, 44.657506493526718 ], [ 7.209045617103173, 44.657649120644869 ], [ 7.209050094172566, 44.657808479513562 ], [ 7.209033788534181, 44.657889488489488 ], [ 7.208953766866635, 44.658088302754464 ], [ 7.209141786032968, 44.658065055071965 ], [ 7.209443983493791, 44.658027699522258 ], [ 7.209490939351837, 44.658362515320128 ], [ 7.209537190418351, 44.658413357050776 ], [ 7.20964235648723, 44.65852896771333 ], [ 7.209732271836033, 44.65862783772684 ], [ 7.209717884518351, 44.658873557926661 ], [ 7.209712619142596, 44.658978641495487 ], [ 7.209710167683502, 44.659027549148078 ], [ 7.209791656025282, 44.659144111734811 ], [ 7.20979304768646, 44.659146024061435 ], [ 7.209963103991882, 44.659381933763882 ], [ 7.21004056221795, 44.659458984431943 ], [ 7.210123392957265, 44.659541394681753 ], [ 7.210141980976752, 44.65958333121894 ], [ 7.210234758806302, 44.659792561191381 ], [ 7.21036033783531, 44.659881096834638 ], [ 7.210475275359818, 44.659962128584581 ], [ 7.210462035133174, 44.66004849720408 ], [ 7.210444904497714, 44.660219895588043 ], [ 7.210519793327186, 44.660373948240746 ], [ 7.210598435115929, 44.660538043328096 ], [ 7.210505071611639, 44.660689242825924 ], [ 7.210352951069244, 44.660935612923858 ], [ 7.210375741740628, 44.66097175472413 ], [ 7.210469971787124, 44.661121177239508 ], [ 7.210529974747679, 44.661216291861351 ], [ 7.210583366477927, 44.661277030678164 ], [ 7.210813787373874, 44.661539226876457 ], [ 7.210846741370124, 44.661576725166753 ], [ 7.210945331123707, 44.661690286999608 ], [ 7.211027663501414, 44.661654955313146 ], [ 7.210887402772774, 44.661496538758954 ], [ 7.210862376521824, 44.661468266142485 ], [ 7.210675845621878, 44.661255451903102 ], [ 7.21061027147428, 44.661181513724088 ], [ 7.210575025743234, 44.661110283442795 ], [ 7.210505570479041, 44.660969819615318 ], [ 7.210502613654908, 44.660963840686215 ], [ 7.210482021817405, 44.660918956029988 ], [ 7.210635313552186, 44.66068738606473 ], [ 7.210654346348547, 44.660657904394846 ], [ 7.210688914078967, 44.660604395699266 ], [ 7.210843546238955, 44.660599806107463 ], [ 7.210845753846525, 44.660578477992807 ], [ 7.210846868520822, 44.660567665566084 ], [ 7.210749930333335, 44.660533323676873 ] ] ] ] } },
{ "type": "Feature", "properties": { "id_partic": 7611675, "id_foglio": 19031, "belfiore": "G228", "istat": "004157", "comune": "Paesana", "sezione": "P", "foglio": "30", "particella": "155", "data_agg": "2021-12-31", "data_elab": "2022-03-31" }, "geometry": { "type": "MultiPolygon", "coordinates": [ [ [ [ 7.209518003277039, 44.656999884854351 ], [ 7.209423372944462, 44.657030134302367 ], [ 7.209423371683792, 44.657030134282593 ], [ 7.209303163520117, 44.657352002685748 ], [ 7.209354009051442, 44.657384677674877 ], [ 7.209453364338308, 44.657368168045792 ], [ 7.20942898906054, 44.657348736671089 ], [ 7.209494730313266, 44.657314631262587 ], [ 7.209589510481183, 44.657316036581896 ], [ 7.209611920808721, 44.657128048576332 ], [ 7.20957021212035, 44.657145606396206 ], [ 7.209518003277039, 44.656999884854351 ] ] ] ] } },
{ "type": "Feature", "properties": { "id_partic": 7611677, "id_foglio": 19031, "belfiore": "G228", "istat": "004157", "comune": "Paesana", "sezione": "P", "foglio": "30", "particella": "9", "data_agg": "2021-12-31", "data_elab": "2022-03-31" }, "geometry": { "type": "MultiPolygon", "coordinates": [ [ [ [ 7.208643163345755, 44.661177512161636 ], [ 7.208722620068335, 44.66129576305589 ], [ 7.208800032908573, 44.66148120278185 ], [ 7.209155718442608, 44.661458172760824 ], [ 7.209263917054725, 44.661372627543912 ], [ 7.209266313094593, 44.661330452848844 ], [ 7.209249524401839, 44.661253435023589 ], [ 7.209249679979507, 44.661249611441704 ], [ 7.209254373888956, 44.661131582513377 ], [ 7.209198233695665, 44.661054874709592 ], [ 7.208908524017653, 44.661119963844257 ], [ 7.208643163345755, 44.661177512161636 ] ] ] ] } },
{ "type": "Feature", "properties": { "id_partic": 7611718, "id_foglio": 19031, "belfiore": "G228", "istat": "004157", "comune": "Paesana", "sezione": "P", "foglio": "30", "particella": "13", "data_agg": "2021-12-31", "data_elab": "2022-03-31" }, "geometry": { "type": "MultiPolygon", "coordinates": [ [ [ [ 7.210121644787427, 44.660930609619953 ], [ 7.209929091441399, 44.660987771893282 ], [ 7.209990992799296, 44.661081008054467 ], [ 7.210004263988317, 44.661160869400334 ], [ 7.210105163737852, 44.661161596028577 ], [ 7.210469971787124, 44.661121177239508 ], [ 7.210375741740628, 44.66097175472413 ], [ 7.210326199107458, 44.660969582774918 ], [ 7.210273234169634, 44.6609199955031 ], [ 7.210181178029027, 44.660981533259076 ], [ 7.210121644787427, 44.660930609619953 ] ] ] ] } },
{ "type": "Feature", "properties": { "id_partic": 7623614, "id_foglio": 18986, "belfiore": "G228", "istat": "004157", "comune": "Paesana", "sezione": "P", "foglio": "46", "particella": "540", "data_agg": "2021-12-31", "data_elab": "2022-03-31" }, "geometry": { "type": "MultiPolygon", "coordinates": [ [ [ [ 7.210524295310267, 44.664929049546373 ], [ 7.210698800910088, 44.66486127736281 ], [ 7.210628947935986, 44.664582274692059 ], [ 7.2105976458363, 44.664560971506837 ], [ 7.210414486690311, 44.664647867725407 ], [ 7.210524295310267, 44.664929049546373 ] ] ] ] } },
{ "type": "Feature", "properties": { "id_partic": 7622339, "id_foglio": 19032, "belfiore": "G228", "istat": "004157", "comune": "Paesana", "sezione": "P", "foglio": "45", "particella": "918", "data_agg": "2021-12-31", "data_elab": "2022-03-31" }, "geometry": { "type": "MultiPolygon", "coordinates": [ [ [ [ 7.21595408174959, 44.672239106498061 ], [ 7.216028725472198, 44.672199794429382 ], [ 7.216110006711586, 44.672143545395151 ], [ 7.216252055437946, 44.672060440185149 ], [ 7.216395641904716, 44.671972513872255 ], [ 7.21652661723946, 44.671892226977739 ], [ 7.216745756827113, 44.671753969339221 ], [ 7.216721794896738, 44.671740869321489 ], [ 7.216526240388008, 44.671633815360515 ], [ 7.216502219324123, 44.671645386576337 ], [ 7.216512344712699, 44.671627551909673 ], [ 7.216445802546404, 44.671592661481952 ], [ 7.216295354202878, 44.671523968038237 ], [ 7.2162455687466, 44.671500910609431 ], [ 7.216159583253129, 44.671461122204931 ], [ 7.216058819565347, 44.67139374836318 ], [ 7.215934113191053, 44.671309036241126 ], [ 7.215842432264121, 44.671246737078086 ], [ 7.215638415938532, 44.671128734268194 ], [ 7.215618880791964, 44.671117429910481 ], [ 7.215588032654423, 44.671098641360182 ], [ 7.215282096900415, 44.670985246874707 ], [ 7.21518941874448, 44.671048436066684 ], [ 7.215072754779944, 44.671019504111626 ], [ 7.214999653617599, 44.670947059220389 ], [ 7.214972121008477, 44.670919541352575 ], [ 7.214959551267746, 44.670906976606375 ], [ 7.214937716607687, 44.67088304545512 ], [ 7.214898487015535, 44.670846663629817 ], [ 7.214867312183209, 44.670812646003533 ], [ 7.214897049418276, 44.670748320312526 ], [ 7.214963312887098, 44.670600370020544 ], [ 7.214973379598709, 44.670578205359497 ], [ 7.214997153069793, 44.670531367836666 ], [ 7.215002447947037, 44.670490389487505 ], [ 7.215014303417874, 44.670398930626611 ], [ 7.214988194315167, 44.670378843471468 ], [ 7.214984699489325, 44.67037614848045 ], [ 7.214884124161944, 44.670293413897852 ], [ 7.214849795053806, 44.670264259155267 ], [ 7.214632909101805, 44.670080196044239 ], [ 7.214578989286521, 44.670066636187293 ], [ 7.214615118966067, 44.669962196467033 ], [ 7.214627698549188, 44.669911508163636 ], [ 7.214698016082862, 44.669788254364619 ], [ 7.214767667798018, 44.669665953630776 ], [ 7.214772770848943, 44.669656796432669 ], [ 7.214916205545453, 44.669399127184413 ], [ 7.214999364148457, 44.669384995821588 ], [ 7.215067924395537, 44.66938703949581 ], [ 7.21519846350551, 44.669398946654361 ], [ 7.21521532774057, 44.66932398713513 ], [ 7.215255026142271, 44.669173827919764 ], [ 7.215257045247109, 44.669166183582178 ], [ 7.215291405492807, 44.669076296059124 ], [ 7.215019516768737, 44.66903995607607 ], [ 7.215023363060613, 44.6689062753115 ], [ 7.215074754086708, 44.668696366573279 ], [ 7.215058875423857, 44.668608477406082 ], [ 7.215047128420036, 44.668540359779549 ], [ 7.215113768780047, 44.668545122020006 ], [ 7.215047129680139, 44.668540359796545 ], [ 7.215034970376224, 44.668539487381707 ], [ 7.214881935486167, 44.668528507207157 ], [ 7.214780229154268, 44.668562568186736 ], [ 7.214780041173976, 44.66856263114034 ], [ 7.21473309238991, 44.668578354026124 ], [ 7.214722783367149, 44.668590246675542 ], [ 7.214683413622177, 44.668635664172619 ], [ 7.214616302825066, 44.668661762992052 ], [ 7.214616301564962, 44.66866176297448 ], [ 7.21450675974186, 44.668706727410445 ], [ 7.214299859585731, 44.668645298371978 ], [ 7.214299857946759, 44.668645298071979 ], [ 7.214272225298306, 44.668642265507842 ], [ 7.214157296351569, 44.668629652476106 ], [ 7.21407797132959, 44.668615373058813 ], [ 7.214144890737415, 44.66881016664599 ], [ 7.214160177213742, 44.668854647745718 ], [ 7.214184149833528, 44.668916668478786 ], [ 7.214224820383984, 44.669041239922066 ], [ 7.214222307703869, 44.66906982274012 ], [ 7.214209348777618, 44.669217490727611 ], [ 7.213989138364887, 44.669389549564592 ], [ 7.213979648098471, 44.669399988927069 ], [ 7.214210553398338, 44.669474456834614 ], [ 7.214199059043816, 44.669726239591022 ], [ 7.214146818994339, 44.66986340549601 ], [ 7.214144367086736, 44.66986707157519 ], [ 7.214055165761533, 44.670000227097212 ], [ 7.213918924537431, 44.66997536455429 ], [ 7.213780386954941, 44.669957487018117 ], [ 7.213746545060804, 44.670022849193167 ], [ 7.213711247155728, 44.670100944382249 ], [ 7.213908847435992, 44.670126378188101 ], [ 7.213885041445624, 44.670263150707946 ], [ 7.213870989389949, 44.670326734146165 ], [ 7.213837049962525, 44.670462519883543 ], [ 7.213811314646557, 44.670552353864807 ], [ 7.213769519950648, 44.670653899778301 ], [ 7.213779524334031, 44.670747671152135 ], [ 7.213736522369867, 44.670751295649779 ], [ 7.213767757656979, 44.670794941403955 ], [ 7.213765116356734, 44.670828033989103 ], [ 7.213758608995658, 44.670909595965469 ], [ 7.213758408398844, 44.670992575911988 ], [ 7.213809328668981, 44.671043421812904 ], [ 7.21385088185372, 44.67104096574144 ], [ 7.214001709982757, 44.671032072042834 ], [ 7.214003365426167, 44.671172440577273 ], [ 7.213996433156828, 44.671174627874557 ], [ 7.214010074165906, 44.671242041566451 ], [ 7.214014855872166, 44.671259555231259 ], [ 7.214060661101203, 44.671426737723564 ], [ 7.214124612945037, 44.671436172919954 ], [ 7.21436588694212, 44.671500028329817 ], [ 7.214466487815239, 44.671535977173193 ], [ 7.214575869792248, 44.67158261035874 ], [ 7.214652423966471, 44.671616988162732 ], [ 7.214900362458628, 44.671668905112831 ], [ 7.215068167584486, 44.671757975822082 ], [ 7.215163005229217, 44.671812407494606 ], [ 7.215230107496514, 44.671841586549448 ], [ 7.215332257904405, 44.67187599110455 ], [ 7.215458493412465, 44.671916899918067 ], [ 7.215690638453606, 44.671933874531469 ], [ 7.215670159992262, 44.671971880561891 ], [ 7.215563438923337, 44.672085369788029 ], [ 7.215507516411506, 44.672116617262198 ], [ 7.215729804421319, 44.672243183306811 ], [ 7.215843590320991, 44.672306269421185 ], [ 7.21595408174959, 44.672239106498061 ] ] ] ] } },
{ "type": "Feature", "properties": { "id_partic": 7622348, "id_foglio": 19032, "belfiore": "G228", "istat": "004157", "comune": "Paesana", "sezione": "P", "foglio": "45", "particella": "355", "data_agg": "2021-12-31", "data_elab": "2022-03-31" }, "geometry": { "type": "MultiPolygon", "coordinates": [ [ [ [ 7.215023363060613, 44.6689062753115 ], [ 7.215019516768737, 44.66903995607607 ], [ 7.215291405492807, 44.669076296059124 ], [ 7.215319159481516, 44.668999330443036 ], [ 7.215023363060613, 44.6689062753115 ] ] ] ] } },
{ "type": "Feature", "properties": { "id_partic": 7622351, "id_foglio": 19032, "belfiore": "G228", "istat": "004157", "comune": "Paesana", "sezione": "P", "foglio": "45", "particella": "348", "data_agg": "2021-12-31", "data_elab": "2022-03-31" }, "geometry": { "type": "MultiPolygon", "coordinates": [ [ [ [ 7.213860009621801, 44.669827864363704 ], [ 7.213883269037874, 44.669789993998599 ], [ 7.213952189299212, 44.669692888042057 ], [ 7.214199059043816, 44.669726239591022 ], [ 7.214210553398338, 44.669474456834614 ], [ 7.213979648098471, 44.669399988927069 ], [ 7.213923288456307, 44.669496677170564 ], [ 7.213797402660374, 44.669706557377189 ], [ 7.213742236990766, 44.669798655465542 ], [ 7.213632717228442, 44.669950916776244 ], [ 7.21363035379769, 44.669957084987082 ], [ 7.213615759257828, 44.669995022222658 ], [ 7.213582661690404, 44.670066108683422 ], [ 7.213537177807543, 44.670154338721467 ], [ 7.213704242947292, 44.670161879837842 ], [ 7.213711247155728, 44.670100944382249 ], [ 7.213746545060804, 44.670022849193167 ], [ 7.213780386954941, 44.669957487018117 ], [ 7.213860009621801, 44.669827864363704 ] ] ] ] } },
{ "type": "Feature", "properties": { "id_partic": 7622353, "id_foglio": 19032, "belfiore": "G228", "istat": "004157", "comune": "Paesana", "sezione": "P", "foglio": "45", "particella": "359", "data_agg": "2021-12-31", "data_elab": "2022-03-31" }, "geometry": { "type": "MultiPolygon", "coordinates": [ [ [ [ 7.216126306192159, 44.669207149242375 ], [ 7.215800153956079, 44.669150512271131 ], [ 7.215788132602248, 44.669145948881543 ], [ 7.215707200443215, 44.669101635542113 ], [ 7.215384854667892, 44.668932379165319 ], [ 7.215319159481516, 44.668999330443036 ], [ 7.215291405492807, 44.669076296059124 ], [ 7.215257045247109, 44.669166183582178 ], [ 7.215255026142271, 44.669173827919764 ], [ 7.215317148071521, 44.669182962253082 ], [ 7.215497905777825, 44.669255976247847 ], [ 7.215893216799861, 44.669407362161152 ], [ 7.216181461384492, 44.66951806358184 ], [ 7.216505473911464, 44.669562185924121 ], [ 7.21658499537024, 44.669573508868574 ], [ 7.216666836618557, 44.66939590107016 ], [ 7.216670846190638, 44.669381938317258 ], [ 7.216521225945753, 44.66933921109522 ], [ 7.2163504277519, 44.669289729761857 ], [ 7.216126306192159, 44.669207149242375 ] ] ] ] } },
{ "type": "Feature", "properties": { "id_partic": 7622360, "id_foglio": 19032, "belfiore": "G228", "istat": "004157", "comune": "Paesana", "sezione": "P", "foglio": "45", "particella": "349", "data_agg": "2021-12-31", "data_elab": "2022-03-31" }, "geometry": { "type": "MultiPolygon", "coordinates": [ [ [ [ 7.213860009621801, 44.669827864363704 ], [ 7.214144367086736, 44.66986707157519 ], [ 7.214146818994339, 44.66986340549601 ], [ 7.214199059043816, 44.669726239591022 ], [ 7.213952189299212, 44.669692888042057 ], [ 7.213883269037874, 44.669789993998599 ], [ 7.213860009621801, 44.669827864363704 ] ] ] ] } },
{ "type": "Feature", "properties": { "id_partic": 7622361, "id_foglio": 19032, "belfiore": "G228", "istat": "004157", "comune": "Paesana", "sezione": "P", "foglio": "45", "particella": "352", "data_agg": "2021-12-31", "data_elab": "2022-03-31" }, "geometry": { "type": "MultiPolygon", "coordinates": [ [ [ [ 7.215193539035464, 44.669430213205231 ], [ 7.215434700455227, 44.669490912741907 ], [ 7.215889242141677, 44.669613289374546 ], [ 7.216219048582093, 44.669701268314505 ], [ 7.216481546962782, 44.669775392732916 ], [ 7.21651473662928, 44.669714523206039 ], [ 7.216535341851146, 44.669676727296128 ], [ 7.216337976201483, 44.669652426152602 ], [ 7.216050494253728, 44.669617347149817 ], [ 7.21584691879496, 44.669532059353699 ], [ 7.215404878710093, 44.669347877046796 ], [ 7.215497905777825, 44.669255976247847 ], [ 7.215317148071521, 44.669182962253082 ], [ 7.215255026142271, 44.669173827919764 ], [ 7.21521532774057, 44.66932398713513 ], [ 7.21519846350551, 44.669398946654361 ], [ 7.215193539035464, 44.669430213205231 ] ] ] ] } },
{ "type": "Feature", "properties": { "id_partic": 7622367, "id_foglio": 19032, "belfiore": "G228", "istat": "004157", "comune": "Paesana", "sezione": "P", "foglio": "45", "particella": "806", "data_agg": "2021-12-31", "data_elab": "2022-03-31" }, "geometry": { "type": "MultiPolygon", "coordinates": [ [ [ [ 7.213860009621801, 44.669827864363704 ], [ 7.213780386954941, 44.669957487018117 ], [ 7.213918924537431, 44.66997536455429 ], [ 7.214055165761533, 44.670000227097212 ], [ 7.214144367086736, 44.66986707157519 ], [ 7.213860009621801, 44.669827864363704 ] ] ] ] } },
{ "type": "Feature", "properties": { "id_partic": 7622368, "id_foglio": 19032, "belfiore": "G228", "istat": "004157", "comune": "Paesana", "sezione": "P", "foglio": "45", "particella": "350", "data_agg": "2021-12-31", "data_elab": "2022-03-31" }, "geometry": { "type": "MultiPolygon", "coordinates": [ [ [ [ 7.215193539035464, 44.669430213205231 ], [ 7.21519846350551, 44.669398946654361 ], [ 7.215067924395537, 44.66938703949581 ], [ 7.214999364148457, 44.669384995821588 ], [ 7.214916205545453, 44.669399127184413 ], [ 7.214772770848943, 44.669656796432669 ], [ 7.214878802796297, 44.669691211725791 ], [ 7.214844744826861, 44.66980282241488 ], [ 7.214790472785996, 44.669980019442853 ], [ 7.215010249508978, 44.670007853898149 ], [ 7.215398821178375, 44.670038433983784 ], [ 7.215782662681805, 44.670085006205824 ], [ 7.216094242062098, 44.670110561574262 ], [ 7.216150523295854, 44.669958436712463 ], [ 7.216169911196578, 44.669913977013906 ], [ 7.216148313652064, 44.669910273230606 ], [ 7.215828755806463, 44.669854205882508 ], [ 7.215579935516611, 44.669810344951394 ], [ 7.215482829167226, 44.66977674328114 ], [ 7.215324392109736, 44.669719003498855 ], [ 7.21515507920668, 44.669659260707981 ], [ 7.215172708253111, 44.669562459321448 ], [ 7.215193539035464, 44.669430213205231 ] ] ] ] } },
{ "type": "Feature", "properties": { "id_partic": 7622369, "id_foglio": 19032, "belfiore": "G228", "istat": "004157", "comune": "Paesana", "sezione": "P", "foglio": "45", "particella": "360", "data_agg": "2021-12-31", "data_elab": "2022-03-31" }, "geometry": { "type": "MultiPolygon", "coordinates": [ [ [ [ 7.215497905777825, 44.669255976247847 ], [ 7.215404878710093, 44.669347877046796 ], [ 7.21584691879496, 44.669532059353699 ], [ 7.216050494253728, 44.669617347149817 ], [ 7.216337976201483, 44.669652426152602 ], [ 7.216535341851146, 44.669676727296128 ], [ 7.21658499537024, 44.669573508868574 ], [ 7.216505473911464, 44.669562185924121 ], [ 7.216181461384492, 44.66951806358184 ], [ 7.215893216799861, 44.669407362161152 ], [ 7.215497905777825, 44.669255976247847 ] ] ] ] } },
{ "type": "Feature", "properties": { "id_partic": 7622377, "id_foglio": 19032, "belfiore": "G228", "istat": "004157", "comune": "Paesana", "sezione": "P", "foglio": "45", "particella": "808", "data_agg": "2021-12-31", "data_elab": "2022-03-31" }, "geometry": { "type": "MultiPolygon", "coordinates": [ [ [ [ 7.214698016082862, 44.669788254364619 ], [ 7.214844744826861, 44.66980282241488 ], [ 7.214878802796297, 44.669691211725791 ], [ 7.214772770848943, 44.669656796432669 ], [ 7.214767667798018, 44.669665953630776 ], [ 7.214698016082862, 44.669788254364619 ] ] ] ] } },
{ "type": "Feature", "properties": { "id_partic": 7622378, "id_foglio": 19032, "belfiore": "G228", "istat": "004157", "comune": "Paesana", "sezione": "P", "foglio": "45", "particella": "809", "data_agg": "2021-12-31", "data_elab": "2022-03-31" }, "geometry": { "type": "MultiPolygon", "coordinates": [ [ [ [ 7.215193539035464, 44.669430213205231 ], [ 7.215172708253111, 44.669562459321448 ], [ 7.215422973879862, 44.669621646037335 ], [ 7.215711218198642, 44.66969117324539 ], [ 7.215987027128765, 44.669757062016529 ], [ 7.216370099643259, 44.669853915246151 ], [ 7.216431741611684, 44.669866868153221 ], [ 7.216481546962782, 44.669775392732916 ], [ 7.216219048582093, 44.669701268314505 ], [ 7.215889242141677, 44.669613289374546 ], [ 7.215434700455227, 44.669490912741907 ], [ 7.215193539035464, 44.669430213205231 ] ] ] ] } },
{ "type": "Feature", "properties": { "id_partic": 7622388, "id_foglio": 19032, "belfiore": "G228", "istat": "004157", "comune": "Paesana", "sezione": "P", "foglio": "45", "particella": "915", "data_agg": "2021-12-31", "data_elab": "2022-03-31" }, "geometry": { "type": "MultiPolygon", "coordinates": [ [ [ [ 7.214698016082862, 44.669788254364619 ], [ 7.214627698549188, 44.669911508163636 ], [ 7.214615118966067, 44.669962196467033 ], [ 7.214790472785996, 44.669980019442853 ], [ 7.214844744826861, 44.66980282241488 ], [ 7.214698016082862, 44.669788254364619 ] ] ] ] } },
{ "type": "Feature", "properties": { "id_partic": 7622389, "id_foglio": 19032, "belfiore": "G228", "istat": "004157", "comune": "Paesana", "sezione": "P", "foglio": "45", "particella": "351", "data_agg": "2021-12-31", "data_elab": "2022-03-31" }, "geometry": { "type": "MultiPolygon", "coordinates": [ [ [ [ 7.216385095993581, 44.669950650374979 ], [ 7.216431741611684, 44.669866868153221 ], [ 7.216370099643259, 44.669853915246151 ], [ 7.215987027128765, 44.669757062016529 ], [ 7.215711218198642, 44.66969117324539 ], [ 7.215422973879862, 44.669621646037335 ], [ 7.215172708253111, 44.669562459321448 ], [ 7.21515507920668, 44.669659260707981 ], [ 7.215324392109736, 44.669719003498855 ], [ 7.215482829167226, 44.66977674328114 ], [ 7.215579935516611, 44.669810344951394 ], [ 7.215828755806463, 44.669854205882508 ], [ 7.216148313652064, 44.669910273230606 ], [ 7.216169911196578, 44.669913977013906 ], [ 7.216385095993581, 44.669950650374979 ] ] ] ] } },
{ "type": "Feature", "properties": { "id_partic": 7622402, "id_foglio": 19032, "belfiore": "G228", "istat": "004157", "comune": "Paesana", "sezione": "P", "foglio": "45", "particella": "347", "data_agg": "2021-12-31", "data_elab": "2022-03-31" }, "geometry": { "type": "MultiPolygon", "coordinates": [ [ [ [ 7.214987026347261, 44.670144013551919 ], [ 7.215010249508978, 44.670007853898149 ], [ 7.214790472785996, 44.669980019442853 ], [ 7.214615118966067, 44.669962196467033 ], [ 7.214578989286521, 44.670066636187293 ], [ 7.214632909101805, 44.670080196044239 ], [ 7.214849795053806, 44.670264259155267 ], [ 7.21495102621256, 44.670276428780433 ], [ 7.214976527330045, 44.670189922658807 ], [ 7.214987026347261, 44.670144013551919 ] ] ] ] } },
{ "type": "Feature", "properties": { "id_partic": 7622415, "id_foglio": 19032, "belfiore": "G228", "istat": "004157", "comune": "Paesana", "sezione": "P", "foglio": "45", "particella": "912", "data_agg": "2021-12-31", "data_elab": "2022-03-31" }, "geometry": { "type": "MultiPolygon", "coordinates": [ [ [ [ 7.21495102621256, 44.670276428780433 ], [ 7.214849795053806, 44.670264259155267 ], [ 7.214884124161944, 44.670293413897852 ], [ 7.214984699489325, 44.67037614848045 ], [ 7.214988194315167, 44.670378843471468 ], [ 7.215309706277282, 44.670381612406111 ], [ 7.215628524704139, 44.670385848933179 ], [ 7.215798579280515, 44.670385996012449 ], [ 7.215803625212499, 44.670318527992414 ], [ 7.215770871338552, 44.670318331493029 ], [ 7.215435154684962, 44.670314355894206 ], [ 7.215347034519128, 44.670312491294247 ], [ 7.215303001379778, 44.670309098384834 ], [ 7.21495102621256, 44.670276428780433 ] ] ] ] } },
{ "type": "Feature", "properties": { "id_partic": 7622416, "id_foglio": 19032, "belfiore": "G228", "istat": "004157", "comune": "Paesana", "sezione": "P", "foglio": "45", "particella": "346", "data_agg": "2021-12-31", "data_elab": "2022-03-31" }, "geometry": { "type": "MultiPolygon", "coordinates": [ [ [ [ 7.214987026347261, 44.670144013551919 ], [ 7.21537357347811, 44.670177339179553 ], [ 7.215398821178375, 44.670038433983784 ], [ 7.215010249508978, 44.670007853898149 ], [ 7.214987026347261, 44.670144013551919 ] ] ] ] } },
{ "type": "Feature", "properties": { "id_partic": 7622418, "id_foglio": 19032, "belfiore": "G228", "istat": "004157", "comune": "Paesana", "sezione": "P", "foglio": "45", "particella": "373", "data_agg": "2021-12-31", "data_elab": "2022-03-31" }, "geometry": { "type": "MultiPolygon", "coordinates": [ [ [ [ 7.217145121855051, 44.671200834586614 ], [ 7.217056201254582, 44.671112204404871 ], [ 7.216945042959656, 44.671004443708931 ], [ 7.216926918139007, 44.6709843951975 ], [ 7.216833286016644, 44.671111583404745 ], [ 7.216786660877118, 44.671175700534668 ], [ 7.21679236000339, 44.671175216986008 ], [ 7.2166131692178, 44.671464940562089 ], [ 7.216512344712699, 44.671627551909673 ], [ 7.216502219324123, 44.671645386576337 ], [ 7.216526240388008, 44.671633815360515 ], [ 7.216980499227436, 44.671427124109201 ], [ 7.217028575777284, 44.671357699643913 ], [ 7.217120416674176, 44.671235703276515 ], [ 7.217145121855051, 44.671200834586614 ] ] ] ] } },
{ "type": "Feature", "properties": { "id_partic": 7622433, "id_foglio": 19032, "belfiore": "G228", "istat": "004157", "comune": "Paesana", "sezione": "P", "foglio": "45", "particella": "343", "data_agg": "2021-12-31", "data_elab": "2022-03-31" }, "geometry": { "type": "MultiPolygon", "coordinates": [ [ [ [ 7.216105584659155, 44.670484816537908 ], [ 7.216115462569236, 44.670321701824079 ], [ 7.215803625212499, 44.670318527992414 ], [ 7.215798579280515, 44.670385996012449 ], [ 7.215628524704139, 44.670385848933179 ], [ 7.215309706277282, 44.670381612406111 ], [ 7.214988194315167, 44.670378843471468 ], [ 7.215014303417874, 44.670398930626611 ], [ 7.215002447947037, 44.670490389487505 ], [ 7.215055843232959, 44.670489610158896 ], [ 7.215198846160034, 44.670487628047901 ], [ 7.215637795757867, 44.670460478910471 ], [ 7.21578021427561, 44.670451443513635 ], [ 7.215769199494268, 44.670500263130833 ], [ 7.215931328920163, 44.670489590224349 ], [ 7.216035333350158, 44.670484829690004 ], [ 7.216105584659155, 44.670484816537908 ] ] ] ] } },
{ "type": "Feature", "properties": { "id_partic": 7622434, "id_foglio": 19032, "belfiore": "G228", "istat": "004157", "comune": "Paesana", "sezione": "P", "foglio": "45", "particella": "344", "data_agg": "2021-12-31", "data_elab": "2022-03-31" }, "geometry": { "type": "MultiPolygon", "coordinates": [ [ [ [ 7.214987026347261, 44.670144013551919 ], [ 7.214976527330045, 44.670189922658807 ], [ 7.21495102621256, 44.670276428780433 ], [ 7.215303001379778, 44.670309098384834 ], [ 7.215347034519128, 44.670312491294247 ], [ 7.21537357347811, 44.670177339179553 ], [ 7.214987026347261, 44.670144013551919 ] ] ] ] } },
{ "type": "Feature", "properties": { "id_partic": 7622435, "id_foglio": 19032, "belfiore": "G228", "istat": "004157", "comune": "Paesana", "sezione": "P", "foglio": "45", "particella": "345", "data_agg": "2021-12-31", "data_elab": "2022-03-31" }, "geometry": { "type": "MultiPolygon", "coordinates": [ [ [ [ 7.215770871338552, 44.670318331493029 ], [ 7.215778560279034, 44.670194428739599 ], [ 7.215782662681805, 44.670085006205824 ], [ 7.215398821178375, 44.670038433983784 ], [ 7.21537357347811, 44.670177339179553 ], [ 7.215347034519128, 44.670312491294247 ], [ 7.215435154684962, 44.670314355894206 ], [ 7.215770871338552, 44.670318331493029 ] ] ] ] } },
{ "type": "Feature", "properties": { "id_partic": 7622439, "id_foglio": 19032, "belfiore": "G228", "istat": "004157", "comune": "Paesana", "sezione": "P", "foglio": "45", "particella": "651", "data_agg": "2021-12-31", "data_elab": "2022-03-31" }, "geometry": { "type": "MultiPolygon", "coordinates": [ [ [ [ 7.216721794896738, 44.671740869321489 ], [ 7.216837065067121, 44.671689930153121 ], [ 7.216851016798238, 44.671677725701763 ], [ 7.216980499227436, 44.671427124109201 ], [ 7.216526240388008, 44.671633815360515 ], [ 7.216721794896738, 44.671740869321489 ] ] ] ] } },
{ "type": "Feature", "properties": { "id_partic": 7622544, "id_foglio": 19032, "belfiore": "G228", "istat": "004157", "comune": "Paesana", "sezione": "P", "foglio": "45", "particella": "911", "data_agg": "2021-12-31", "data_elab": "2022-03-31" }, "geometry": { "type": "MultiPolygon", "coordinates": [ [ [ [ 7.215638415938532, 44.671128734268194 ], [ 7.215678920747142, 44.671042248208217 ], [ 7.215545723366684, 44.67097653947507 ], [ 7.215348687776967, 44.670881354873742 ], [ 7.215282096900415, 44.670985246874707 ], [ 7.215588032654423, 44.671098641360182 ], [ 7.215618880791964, 44.671117429910481 ], [ 7.215638415938532, 44.671128734268194 ] ] ] ] } },
{ "type": "Feature", "properties": { "id_partic": 7622460, "id_foglio": 19032, "belfiore": "G228", "istat": "004157", "comune": "Paesana", "sezione": "P", "foglio": "45", "particella": "342", "data_agg": "2021-12-31", "data_elab": "2022-03-31" }, "geometry": { "type": "MultiPolygon", "coordinates": [ [ [ [ 7.214963312887098, 44.670600370020544 ], [ 7.215058796081954, 44.670589416042247 ], [ 7.215055843232959, 44.670489610158896 ], [ 7.215002447947037, 44.670490389487505 ], [ 7.214997153069793, 44.670531367836666 ], [ 7.214973379598709, 44.670578205359497 ], [ 7.214963312887098, 44.670600370020544 ] ] ] ] } },
{ "type": "Feature", "properties": { "id_partic": 7622462, "id_foglio": 19032, "belfiore": "G228", "istat": "004157", "comune": "Paesana", "sezione": "P", "foglio": "45", "particella": "648", "data_agg": "2021-12-31", "data_elab": "2022-03-31" }, "geometry": { "type": "MultiPolygon", "coordinates": [ [ [ [ 7.216490560962734, 44.670891136350292 ], [ 7.216575547335741, 44.670830438856036 ], [ 7.21639422251122, 44.670719564292241 ], [ 7.21626606066301, 44.670641146281106 ], [ 7.216214422560306, 44.67080403238603 ], [ 7.216164959347884, 44.67096101919595 ], [ 7.216088014483664, 44.671083118320233 ], [ 7.216056244629648, 44.671131454573903 ], [ 7.216059838679349, 44.671132164748968 ], [ 7.216139008133697, 44.671144551769011 ], [ 7.216392184268595, 44.670961554662654 ], [ 7.216490560962734, 44.670891136350292 ] ] ] ] } },
{ "type": "Feature", "properties": { "id_partic": 7622485, "id_foglio": 19032, "belfiore": "G228", "istat": "004157", "comune": "Paesana", "sezione": "P", "foglio": "45", "particella": "646", "data_agg": "2021-12-31", "data_elab": "2022-03-31" }, "geometry": { "type": "MultiPolygon", "coordinates": [ [ [ [ 7.214963312887098, 44.670600370020544 ], [ 7.214897049418276, 44.670748320312526 ], [ 7.214867312183209, 44.670812646003533 ], [ 7.214898487015535, 44.670846663629817 ], [ 7.214937716607687, 44.67088304545512 ], [ 7.214959551267746, 44.670906976606375 ], [ 7.214972121008477, 44.670919541352575 ], [ 7.215189587876186, 44.670787144409175 ], [ 7.21514059670678, 44.670659084645592 ], [ 7.215255409382752, 44.670627689029601 ], [ 7.21521906006311, 44.670555647661793 ], [ 7.215080751323129, 44.670586901420066 ], [ 7.215058796081954, 44.670589416042247 ], [ 7.214963312887098, 44.670600370020544 ] ] ] ] } },
{ "type": "Feature", "properties": { "id_partic": 7622486, "id_foglio": 19032, "belfiore": "G228", "istat": "004157", "comune": "Paesana", "sezione": "P", "foglio": "45", "particella": "726", "data_agg": "2021-12-31", "data_elab": "2022-03-31" }, "geometry": { "type": "MultiPolygon", "coordinates": [ [ [ [ 7.215058796081954, 44.670589416042247 ], [ 7.215080751323129, 44.670586901420066 ], [ 7.21521906006311, 44.670555647661793 ], [ 7.215356286684778, 44.670525546168712 ], [ 7.215626256083051, 44.670493534736643 ], [ 7.215637795757867, 44.670460478910471 ], [ 7.215198846160034, 44.670487628047901 ], [ 7.215055843232959, 44.670489610158896 ], [ 7.215058796081954, 44.670589416042247 ] ] ] ] } },
{ "type": "Feature", "properties": { "id_partic": 7622487, "id_foglio": 19032, "belfiore": "G228", "istat": "004157", "comune": "Paesana", "sezione": "P", "foglio": "45", "particella": "369", "data_agg": "2021-12-31", "data_elab": "2022-03-31" }, "geometry": { "type": "MultiPolygon", "coordinates": [ [ [ [ 7.216105584659155, 44.670484816537908 ], [ 7.216035333350158, 44.670484829690004 ], [ 7.215931328920163, 44.670489590224349 ], [ 7.215769199494268, 44.670500263130833 ], [ 7.215759849147157, 44.670541497399789 ], [ 7.215727199447402, 44.670681432701855 ], [ 7.215757465622602, 44.670678265150883 ], [ 7.216087475445974, 44.670654552986349 ], [ 7.21626606066301, 44.670641146281106 ], [ 7.216279833116309, 44.670601446775613 ], [ 7.216306447256033, 44.670554033690266 ], [ 7.216350364152469, 44.670483454161094 ], [ 7.216105584659155, 44.670484816537908 ] ] ] ] } },
{ "type": "Feature", "properties": { "id_partic": 7622488, "id_foglio": 19032, "belfiore": "G228", "istat": "004157", "comune": "Paesana", "sezione": "P", "foglio": "45", "particella": "649", "data_agg": "2021-12-31", "data_elab": "2022-03-31" }, "geometry": { "type": "MultiPolygon", "coordinates": [ [ [ [ 7.21626606066301, 44.670641146281106 ], [ 7.216087475445974, 44.670654552986349 ], [ 7.215757465622602, 44.670678265150883 ], [ 7.215727199447402, 44.670681432701855 ], [ 7.215760710994233, 44.670752628201505 ], [ 7.215789118757309, 44.670820522881151 ], [ 7.215827534101924, 44.670912048870854 ], [ 7.215903273589235, 44.671101189319316 ], [ 7.216056244629648, 44.671131454573903 ], [ 7.216088014483664, 44.671083118320233 ], [ 7.216164959347884, 44.67096101919595 ], [ 7.216214422560306, 44.67080403238603 ], [ 7.21626606066301, 44.670641146281106 ] ] ] ] } },
{ "type": "Feature", "properties": { "id_partic": 7622489, "id_foglio": 19032, "belfiore": "G228", "istat": "004157", "comune": "Paesana", "sezione": "P", "foglio": "45", "particella": "371", "data_agg": "2021-12-31", "data_elab": "2022-03-31" }, "geometry": { "type": "MultiPolygon", "coordinates": [ [ [ [ 7.216490560962734, 44.670891136350292 ], [ 7.216392184268595, 44.670961554662654 ], [ 7.216139008133697, 44.671144551769011 ], [ 7.216192084649406, 44.671152808974405 ], [ 7.216501841190434, 44.671200908526622 ], [ 7.216786660877118, 44.671175700534668 ], [ 7.216833286016644, 44.671111583404745 ], [ 7.216926918139007, 44.6709843951975 ], [ 7.216490560962734, 44.670891136350292 ] ] ] ] } },
{ "type": "Feature", "properties": { "id_partic": 7622490, "id_foglio": 19032, "belfiore": "G228", "istat": "004157", "comune": "Paesana", "sezione": "P", "foglio": "45", "particella": "372", "data_agg": "2021-12-31", "data_elab": "2022-03-31" }, "geometry": { "type": "MultiPolygon", "coordinates": [ [ [ [ 7.216512344712699, 44.671627551909673 ], [ 7.2166131692178, 44.671464940562089 ], [ 7.21679236000339, 44.671175216986008 ], [ 7.216786660877118, 44.671175700534668 ], [ 7.216501841190434, 44.671200908526622 ], [ 7.216383349497855, 44.671340026101952 ], [ 7.2162455687466, 44.671500910609431 ], [ 7.216295354202878, 44.671523968038237 ], [ 7.216445802546404, 44.671592661481952 ], [ 7.216512344712699, 44.671627551909673 ] ] ] ] } },
{ "type": "Feature", "properties": { "id_partic": 7622545, "id_foglio": 19032, "belfiore": "G228", "istat": "004157", "comune": "Paesana", "sezione": "P", "foglio": "45", "particella": "728", "data_agg": "2021-12-31", "data_elab": "2022-03-31" }, "geometry": { "type": "MultiPolygon", "coordinates": [ [ [ [ 7.215189587876186, 44.670787144409175 ], [ 7.215269888758515, 44.670841381703291 ], [ 7.215324373627507, 44.670823877671978 ], [ 7.215534712826613, 44.67074694240204 ], [ 7.215402383411242, 44.670590612969939 ], [ 7.215255409382752, 44.670627689029601 ], [ 7.21514059670678, 44.670659084645592 ], [ 7.215189587876186, 44.670787144409175 ] ] ] ] } },
{ "type": "Feature", "properties": { "id_partic": 7622497, "id_foglio": 19032, "belfiore": "G228", "istat": "004157", "comune": "Paesana", "sezione": "P", "foglio": "45", "particella": "340", "data_agg": "2021-12-31", "data_elab": "2022-03-31" }, "geometry": { "type": "MultiPolygon", "coordinates": [ [ [ [ 7.215189587876186, 44.670787144409175 ], [ 7.214972121008477, 44.670919541352575 ], [ 7.214999653617599, 44.670947059220389 ], [ 7.215072754779944, 44.671019504111626 ], [ 7.21518941874448, 44.671048436066684 ], [ 7.215282096900415, 44.670985246874707 ], [ 7.215348687776967, 44.670881354873742 ], [ 7.215290398645792, 44.670853150767947 ], [ 7.215269888758515, 44.670841381703291 ], [ 7.215189587876186, 44.670787144409175 ] ] ] ] } },
{ "type": "Feature", "properties": { "id_partic": 7622519, "id_foglio": 19032, "belfiore": "G228", "istat": "004157", "comune": "Paesana", "sezione": "P", "foglio": "45", "particella": "727", "data_agg": "2021-12-31", "data_elab": "2022-03-31" }, "geometry": { "type": "MultiPolygon", "coordinates": [ [ [ [ 7.215402383411242, 44.670590612969939 ], [ 7.215534712826613, 44.67074694240204 ], [ 7.215707230042347, 44.670687246495774 ], [ 7.215727199447402, 44.670681432701855 ], [ 7.215759849147157, 44.670541497399789 ], [ 7.215769199494268, 44.670500263130833 ], [ 7.21578021427561, 44.670451443513635 ], [ 7.215637795757867, 44.670460478910471 ], [ 7.215626256083051, 44.670493534736643 ], [ 7.215600823983804, 44.670544673703361 ], [ 7.215502954663239, 44.6705660384442 ], [ 7.215402383411242, 44.670590612969939 ] ] ] ] } },
{ "type": "Feature", "properties": { "id_partic": 7622520, "id_foglio": 19032, "belfiore": "G228", "istat": "004157", "comune": "Paesana", "sezione": "P", "foglio": "45", "particella": "910", "data_agg": "2021-12-31", "data_elab": "2022-03-31" }, "geometry": { "type": "MultiPolygon", "coordinates": [ [ [ [ 7.215727199447402, 44.670681432701855 ], [ 7.215707230042347, 44.670687246495774 ], [ 7.215534712826613, 44.67074694240204 ], [ 7.215324373627507, 44.670823877671978 ], [ 7.215269888758515, 44.670841381703291 ], [ 7.215290398645792, 44.670853150767947 ], [ 7.215348687776967, 44.670881354873742 ], [ 7.215545723366684, 44.67097653947507 ], [ 7.215678920747142, 44.671042248208217 ], [ 7.215702919660146, 44.670998047067897 ], [ 7.215789118757309, 44.670820522881151 ], [ 7.215760710994233, 44.670752628201505 ], [ 7.215727199447402, 44.670681432701855 ] ] ] ] } },
{ "type": "Feature", "properties": { "id_partic": 7622521, "id_foglio": 19032, "belfiore": "G228", "istat": "004157", "comune": "Paesana", "sezione": "P", "foglio": "45", "particella": "729", "data_agg": "2021-12-31", "data_elab": "2022-03-31" }, "geometry": { "type": "MultiPolygon", "coordinates": [ [ [ [ 7.215934113191053, 44.671309036241126 ], [ 7.216058819565347, 44.67139374836318 ], [ 7.216159583253129, 44.671461122204931 ], [ 7.2162455687466, 44.671500910609431 ], [ 7.216383349497855, 44.671340026101952 ], [ 7.216501841190434, 44.671200908526622 ], [ 7.216192084649406, 44.671152808974405 ], [ 7.216139008133697, 44.671144551769011 ], [ 7.216059838679349, 44.671132164748968 ], [ 7.216056244629648, 44.671131454573903 ], [ 7.216011963338015, 44.671198952411451 ], [ 7.215934113191053, 44.671309036241126 ] ] ] ] } },
{ "type": "Feature", "properties": { "id_partic": 7622522, "id_foglio": 19032, "belfiore": "G228", "istat": "004157", "comune": "Paesana", "sezione": "P", "foglio": "45", "particella": "339", "data_agg": "2021-12-31", "data_elab": "2022-03-31" }, "geometry": { "type": "MultiPolygon", "coordinates": [ [ [ [ 7.215934113191053, 44.671309036241126 ], [ 7.216011963338015, 44.671198952411451 ], [ 7.216056244629648, 44.671131454573903 ], [ 7.215903273589235, 44.671101189319316 ], [ 7.215827534101924, 44.670912048870854 ], [ 7.215789118757309, 44.670820522881151 ], [ 7.215702919660146, 44.670998047067897 ], [ 7.215678920747142, 44.671042248208217 ], [ 7.215638415938532, 44.671128734268194 ], [ 7.215842432264121, 44.671246737078086 ], [ 7.215934113191053, 44.671309036241126 ] ] ] ] } },
{ "type": "Feature", "properties": { "id_partic": 7622543, "id_foglio": 19032, "belfiore": "G228", "istat": "004157", "comune": "Paesana", "sezione": "P", "foglio": "45", "particella": "263", "data_agg": "2021-12-31", "data_elab": "2022-03-31" }, "geometry": { "type": "MultiPolygon", "coordinates": [ [ [ [ 7.213996433156828, 44.671174627874557 ], [ 7.214003365426167, 44.671172440577273 ], [ 7.214001709982757, 44.671032072042834 ], [ 7.21385088185372, 44.67104096574144 ], [ 7.213996433156828, 44.671174627874557 ] ] ] ] } },
{ "type": "Feature", "properties": { "id_partic": 7622658, "id_foglio": 19032, "belfiore": "G228", "istat": "004157", "comune": "Paesana", "sezione": "P", "foglio": "45", "particella": "261", "data_agg": "2021-12-31", "data_elab": "2022-03-31" }, "geometry": { "type": "MultiPolygon", "coordinates": [ [ [ [ 7.213455912715301, 44.67232511181804 ], [ 7.213633066881703, 44.672287180283433 ], [ 7.213761057073549, 44.672365441984937 ], [ 7.213821888096895, 44.672333602290387 ], [ 7.213842303361895, 44.672326339900266 ], [ 7.213935097982465, 44.672326410016687 ], [ 7.213943504588185, 44.672374471234633 ], [ 7.213944507885734, 44.672376005388642 ], [ 7.214034280123872, 44.672513062570374 ], [ 7.214066621869786, 44.672562601706161 ], [ 7.214133703693595, 44.672508503129265 ], [ 7.214094207157498, 44.672486111799337 ], [ 7.214338282116391, 44.672349049409952 ], [ 7.21424315303783, 44.672284146290203 ], [ 7.214488364425866, 44.672248703949123 ], [ 7.214494496896001, 44.672247958556589 ], [ 7.214699321370931, 44.672223006661952 ], [ 7.215052525801271, 44.672181692780697 ], [ 7.215324520315327, 44.67214977245763 ], [ 7.215358779843703, 44.672169577975261 ], [ 7.215369931839176, 44.672180279818249 ], [ 7.215445147330038, 44.672133213002859 ], [ 7.215551793383582, 44.67206401532107 ], [ 7.21563877641651, 44.671963806560562 ], [ 7.21564389092664, 44.671952353296561 ], [ 7.215415416825672, 44.671927817665562 ], [ 7.21517173934424, 44.671842591520274 ], [ 7.215044096905298, 44.671770972960488 ], [ 7.215007616188179, 44.671753786227555 ], [ 7.214905492373799, 44.671694653485957 ], [ 7.214885062040042, 44.671686841384584 ], [ 7.214761818270777, 44.671658669626567 ], [ 7.214625450882835, 44.671623995441983 ], [ 7.214466505789451, 44.671559119518157 ], [ 7.214380468806804, 44.671526299938932 ], [ 7.214177826232299, 44.671477547694479 ], [ 7.214166780601237, 44.671475109948929 ], [ 7.213990399076892, 44.671548544469509 ], [ 7.213887585742978, 44.671558339930932 ], [ 7.213612624049123, 44.671582298107829 ], [ 7.213605327320402, 44.671605423542026 ], [ 7.213526441973234, 44.671806814381569 ], [ 7.213389255571937, 44.671768225087618 ], [ 7.213307442276045, 44.671919192609259 ], [ 7.213141096850341, 44.672104011416948 ], [ 7.213308623614834, 44.672168863404522 ], [ 7.213514257108765, 44.672247239236874 ], [ 7.213441258272917, 44.672317900748901 ], [ 7.213455912715301, 44.67232511181804 ] ] ] ] } },
{ "type": "Feature", "properties": { "id_partic": 7622701, "id_foglio": 19032, "belfiore": "G228", "istat": "004157", "comune": "Paesana", "sezione": "P", "foglio": "45", "particella": "171", "data_agg": "2021-12-31", "data_elab": "2022-03-31" }, "geometry": { "type": "MultiPolygon", "coordinates": [ [ [ [ 7.211834643681186, 44.67270985163168 ], [ 7.211934165221476, 44.672645212953093 ], [ 7.212366040266843, 44.672554682359262 ], [ 7.212555784408404, 44.672515251837154 ], [ 7.212978877763949, 44.67242732279729 ], [ 7.2133465698904, 44.672350630945047 ], [ 7.213358928072446, 44.672344631773527 ], [ 7.213382339946545, 44.67232748732372 ], [ 7.213416713727291, 44.672311905194739 ], [ 7.213446582369986, 44.672245904356636 ], [ 7.21327148719274, 44.672179872987471 ], [ 7.212473268653925, 44.672344945452153 ], [ 7.212407545700528, 44.672358633478431 ], [ 7.211795248794483, 44.672486177003783 ], [ 7.211133351089732, 44.672625242966618 ], [ 7.211014247157573, 44.672652107897356 ], [ 7.210717572800961, 44.672714890679948 ], [ 7.210492233021628, 44.672762467366255 ], [ 7.210287124683796, 44.672852251220355 ], [ 7.209767593541695, 44.673075175513425 ], [ 7.20916539648, 44.673337754792477 ], [ 7.208671996257018, 44.67355214621071 ], [ 7.208214726443562, 44.673748244705372 ], [ 7.208116138866358, 44.673794248707281 ], [ 7.208112383756316, 44.673795998051226 ], [ 7.207837396086473, 44.673819722846815 ], [ 7.207875197111712, 44.674117965817715 ], [ 7.207849659105777, 44.674235575117656 ], [ 7.207810008629183, 44.67440666036066 ], [ 7.207819092541163, 44.674408172294754 ], [ 7.208142665612016, 44.674255025649828 ], [ 7.209177045469543, 44.673766441473056 ], [ 7.209436955513937, 44.673607878860288 ], [ 7.209830396329621, 44.673369758615799 ], [ 7.210276147315391, 44.6730993192092 ], [ 7.210281215376886, 44.673096244979121 ], [ 7.210751546912785, 44.672994154038776 ], [ 7.211212190218735, 44.672894919384603 ], [ 7.211324499608584, 44.672870702370545 ], [ 7.211707353577135, 44.672785621914031 ], [ 7.211808652318409, 44.672725334057453 ], [ 7.211834643681186, 44.67270985163168 ] ] ] ] } },
{ "type": "Feature", "properties": { "id_partic": 7623271, "id_foglio": 18986, "belfiore": "G228", "istat": "004157", "comune": "Paesana", "sezione": "P", "foglio": "46", "particella": "622", "data_agg": "2021-12-31", "data_elab": "2022-03-31" }, "geometry": { "type": "MultiPolygon", "coordinates": [ [ [ [ 7.212837090025727, 44.664547382185134 ], [ 7.212790986741346, 44.664508305477106 ], [ 7.212691577286313, 44.664424957779644 ], [ 7.212651163163702, 44.66439105998824 ], [ 7.212553790820278, 44.664305759790714 ], [ 7.212457866373448, 44.664225419737981 ], [ 7.212441018519819, 44.664211232381511 ], [ 7.212280749233089, 44.664021648197469 ], [ 7.212229553892313, 44.663935287434256 ], [ 7.212187862816087, 44.663868625966948 ], [ 7.212131309983461, 44.663776527234937 ], [ 7.212113257382396, 44.663747138198445 ], [ 7.211978616053821, 44.66352898674478 ], [ 7.211896648426059, 44.663395080359841 ], [ 7.211797845438713, 44.66323782820168 ], [ 7.211707940147179, 44.663007147866679 ], [ 7.211669205179149, 44.662913250238702 ], [ 7.211665167613331, 44.662885752522378 ], [ 7.211642314183168, 44.662730594881978 ], [ 7.211634439561505, 44.662680074786316 ], [ 7.211614667736584, 44.662553346698644 ], [ 7.211601619699023, 44.662475591223632 ], [ 7.211582631963635, 44.662362420145115 ], [ 7.211575330397417, 44.662318497011967 ], [ 7.211552361491017, 44.662171413104119 ], [ 7.211533111760883, 44.66204827398429 ], [ 7.211426252864293, 44.661894466559957 ], [ 7.211319069172568, 44.661833483521498 ], [ 7.211326118431043, 44.661826206056155 ], [ 7.211125671236439, 44.661727308028851 ], [ 7.211107083951519, 44.661708294608069 ], [ 7.211083339272232, 44.661699373690723 ], [ 7.211078421307888, 44.661697526002008 ], [ 7.211027664762186, 44.661654955332885 ], [ 7.210945332384479, 44.661690287019361 ], [ 7.210939554610192, 44.661692766696419 ], [ 7.210941874396623, 44.661695519900569 ], [ 7.210950926017915, 44.661712449007702 ], [ 7.210967043283606, 44.661734413387116 ], [ 7.211086873142958, 44.661798309117131 ], [ 7.211128122474435, 44.661820314982691 ], [ 7.211331705370611, 44.661929041257416 ], [ 7.211379305730198, 44.661986069918875 ], [ 7.211396116804486, 44.662006208436644 ], [ 7.211442204311828, 44.662079166745571 ], [ 7.211453604250226, 44.662150689962232 ], [ 7.211470596167715, 44.66225735151729 ], [ 7.211483160855413, 44.662348644335388 ], [ 7.211496055284905, 44.662442352477349 ], [ 7.211511318455297, 44.662565784097993 ], [ 7.211530461217293, 44.662696841948659 ], [ 7.211537759754682, 44.66274676224873 ], [ 7.211558010317124, 44.662885628725085 ], [ 7.21156508544637, 44.662934172614065 ], [ 7.211589920881142, 44.663004485583798 ], [ 7.211701021840941, 44.663281938050041 ], [ 7.211832042528316, 44.663489665945832 ], [ 7.211879593845909, 44.663565060816765 ], [ 7.21205443226756, 44.663842022770275 ], [ 7.212064862312074, 44.663858134328549 ], [ 7.212094670192371, 44.663904228927521 ], [ 7.212140030631764, 44.663965130058727 ], [ 7.212147585616062, 44.663975168237471 ], [ 7.212343403509281, 44.664235601014759 ], [ 7.212354365575656, 44.664249519878616 ], [ 7.212716026142328, 44.664554537634835 ], [ 7.212724810422717, 44.664560301858813 ], [ 7.212884678568572, 44.664795168411928 ], [ 7.212894700910857, 44.664813944667159 ], [ 7.212971883338006, 44.664958884265197 ], [ 7.213015642403329, 44.664995141617503 ], [ 7.213129652430577, 44.665089537578524 ], [ 7.213212323417581, 44.665158916306964 ], [ 7.213324018294122, 44.665274719257624 ], [ 7.213425303847322, 44.665379300939691 ], [ 7.213439914060799, 44.665394364673105 ], [ 7.213666247811833, 44.665631320259529 ], [ 7.213874281779732, 44.665844484675674 ], [ 7.213884414903648, 44.665854876882776 ], [ 7.213916247797362, 44.665921133829094 ], [ 7.213955531907194, 44.665999691934395 ], [ 7.213929923378953, 44.666008088055762 ], [ 7.213904553596276, 44.666052382257305 ], [ 7.213970932157253, 44.666112072037578 ], [ 7.214014556226139, 44.666405386133981 ], [ 7.214029929602997, 44.666416353347422 ], [ 7.214243845, 44.666616838846934 ], [ 7.214289991624476, 44.666660143524119 ], [ 7.21432644066282, 44.666694320298454 ], [ 7.21434964052974, 44.666716503582371 ], [ 7.214523380710808, 44.666848046230676 ], [ 7.21465526296302, 44.666949660153094 ], [ 7.214741813654452, 44.667099024180239 ], [ 7.214778202022736, 44.667165798026467 ], [ 7.214781829240614, 44.667178893060203 ], [ 7.214792133975156, 44.667268062076403 ], [ 7.214803357640753, 44.667364881500376 ], [ 7.214808421599918, 44.667409541578635 ], [ 7.214796600317928, 44.66747526515001 ], [ 7.214772297397529, 44.667625313290536 ], [ 7.214762714441818, 44.667683896578069 ], [ 7.214792524060337, 44.667682871037279 ], [ 7.214825819461716, 44.667636892675525 ], [ 7.214954184472643, 44.667461050076398 ], [ 7.214952768588525, 44.66740512801676 ], [ 7.214984356797821, 44.667348893753086 ], [ 7.214996270665879, 44.667342615771588 ], [ 7.214987340123714, 44.667266179971364 ], [ 7.214983091727805, 44.667229837559738 ], [ 7.214971670992918, 44.667109350842829 ], [ 7.214952066989571, 44.667040785458148 ], [ 7.214901958510278, 44.666891967847036 ], [ 7.214846449528953, 44.666858015767396 ], [ 7.214700428254595, 44.666766351640796 ], [ 7.214507261447054, 44.666603666670994 ], [ 7.21425055195015, 44.666392168422249 ], [ 7.214196272707067, 44.666348672460686 ], [ 7.214187622160466, 44.666341741346088 ], [ 7.214193607783413, 44.666262167796489 ], [ 7.21434849465606, 44.666089379603349 ], [ 7.214286164492419, 44.666059036052225 ], [ 7.214241620835029, 44.666090430806349 ], [ 7.214130449888648, 44.666016354457582 ], [ 7.214105739200693, 44.665999898412409 ], [ 7.214012488932664, 44.665759539183384 ], [ 7.21397627522764, 44.665668683491731 ], [ 7.213887244603429, 44.665559005527641 ], [ 7.213738755871696, 44.665377932508015 ], [ 7.213669757833845, 44.665270407496592 ], [ 7.213575951863562, 44.665130931556774 ], [ 7.213413720793604, 44.665099810573778 ], [ 7.213257039536922, 44.665069794674928 ], [ 7.213179152254424, 44.664924681821311 ], [ 7.213086671522989, 44.664753325522071 ], [ 7.213063317082977, 44.664710082410259 ], [ 7.213020134732703, 44.664677065463131 ], [ 7.212870773841598, 44.664575939796947 ], [ 7.212837090025727, 44.664547382185134 ] ] ] ] } },
{ "type": "Feature", "properties": { "id_partic": 7623434, "id_foglio": 18986, "belfiore": "G228", "istat": "004157", "comune": "Paesana", "sezione": "P", "foglio": "46", "particella": "599", "data_agg": "2021-12-31", "data_elab": "2022-03-31" }, "geometry": { "type": "MultiPolygon", "coordinates": [ [ [ [ 7.209174137457436, 44.665194039537184 ], [ 7.209060290233873, 44.665102791237409 ], [ 7.208843711706045, 44.665190303961133 ], [ 7.20873060450378, 44.665237717076934 ], [ 7.208754410716725, 44.665316748766109 ], [ 7.208763903242023, 44.665326734602566 ], [ 7.208820713416364, 44.665356628911503 ], [ 7.20891743920949, 44.665407550344668 ], [ 7.208930541531672, 44.665414215909017 ], [ 7.209174137457436, 44.665194039537184 ] ] ] ] } },
{ "type": "Feature", "properties": { "id_partic": 7623451, "id_foglio": 18986, "belfiore": "G228", "istat": "004157", "comune": "Paesana", "sezione": "P", "foglio": "46", "particella": "612", "data_agg": "2021-12-31", "data_elab": "2022-03-31" }, "geometry": { "type": "MultiPolygon", "coordinates": [ [ [ [ 7.214913229278752, 44.66812874040788 ], [ 7.214902818581639, 44.668072755892872 ], [ 7.2148909637128, 44.668012206118874 ], [ 7.214894125047914, 44.667916571738544 ], [ 7.21489593448461, 44.667862401378983 ], [ 7.21489610378448, 44.667784916047147 ], [ 7.214909819237831, 44.667764607292781 ], [ 7.214962123703497, 44.667686902799979 ], [ 7.215007750524989, 44.667618885452519 ], [ 7.215036580069697, 44.667575801950889 ], [ 7.214999500941122, 44.667428112695305 ], [ 7.214997628818558, 44.667396530930553 ], [ 7.214981346011432, 44.667416610557062 ], [ 7.214982015314776, 44.667470692362777 ], [ 7.214899879497875, 44.667590866467805 ], [ 7.214722900578652, 44.667834854951813 ], [ 7.214660225804783, 44.6680186712085 ], [ 7.214625678937878, 44.668079973687057 ], [ 7.214601434162513, 44.668116008623741 ], [ 7.214538333214462, 44.668166739713044 ], [ 7.214486989549735, 44.66820183545606 ], [ 7.214407800841946, 44.668240435060447 ], [ 7.214371134466169, 44.668256744570293 ], [ 7.214594031860323, 44.668259951171116 ], [ 7.21467671100998, 44.668395130158807 ], [ 7.214703534843103, 44.668438993385379 ], [ 7.214780229154268, 44.668562568186736 ], [ 7.214881935486167, 44.668528507207157 ], [ 7.215034970376224, 44.668539487381707 ], [ 7.215006056875885, 44.668399229846891 ], [ 7.214967909251493, 44.668307495527742 ], [ 7.214949669540283, 44.668263622518722 ], [ 7.214929173604234, 44.668214296095925 ], [ 7.214913229278752, 44.66812874040788 ] ] ] ] } },
{ "type": "Feature", "properties": { "id_partic": 7623471, "id_foglio": 18986, "belfiore": "G228", "istat": "004157", "comune": "Paesana", "sezione": "P", "foglio": "46", "particella": "357", "data_agg": "2021-12-31", "data_elab": "2022-03-31" }, "geometry": { "type": "MultiPolygon", "coordinates": [ [ [ [ 7.212395114947121, 44.664089873426704 ], [ 7.212428716785885, 44.664127271767605 ], [ 7.212554882309958, 44.66426900436705 ], [ 7.212691577286313, 44.664424957779644 ], [ 7.212790986741346, 44.664508305477106 ], [ 7.212837090025727, 44.664547382185134 ], [ 7.212862658016307, 44.664464670075759 ], [ 7.212989700315848, 44.664275426546446 ], [ 7.213043092699688, 44.664234254857419 ], [ 7.213086568076446, 44.664166201970453 ], [ 7.213140605124249, 44.664137876545368 ], [ 7.213167981223985, 44.66412073967296 ], [ 7.213162004989021, 44.664111222383738 ], [ 7.213128088489363, 44.664062719314728 ], [ 7.213270921407832, 44.663934557508327 ], [ 7.213332287496315, 44.663880612321393 ], [ 7.213290944492551, 44.663887986327161 ], [ 7.213012977902653, 44.663950928432904 ], [ 7.212665219048026, 44.664029058761741 ], [ 7.212395114947121, 44.664089873426704 ] ] ] ] } },
{ "type": "Feature", "properties": { "id_partic": 7623492, "id_foglio": 18986, "belfiore": "G228", "istat": "004157", "comune": "Paesana", "sezione": "P", "foglio": "46", "particella": "482", "data_agg": "2021-12-31", "data_elab": "2022-03-31" }, "geometry": { "type": "MultiPolygon", "coordinates": [ [ [ [ 7.212837090025727, 44.664547382185134 ], [ 7.212870773841598, 44.664575939796947 ], [ 7.213020134732703, 44.664677065463131 ], [ 7.213063317082977, 44.664710082410259 ], [ 7.213086671522989, 44.664753325522071 ], [ 7.213245927110438, 44.664762399961752 ], [ 7.213188424113387, 44.66463611104799 ], [ 7.213077297213829, 44.664395342756265 ], [ 7.213286419250517, 44.664328675342183 ], [ 7.213167981223985, 44.66412073967296 ], [ 7.213140605124249, 44.664137876545368 ], [ 7.213086568076446, 44.664166201970453 ], [ 7.213043092699688, 44.664234254857419 ], [ 7.212989700315848, 44.664275426546446 ], [ 7.212862658016307, 44.664464670075759 ], [ 7.212837090025727, 44.664547382185134 ] ] ] ] } },
{ "type": "Feature", "properties": { "id_partic": 7623536, "id_foglio": 18986, "belfiore": "G228", "istat": "004157", "comune": "Paesana", "sezione": "P", "foglio": "46", "particella": "243", "data_agg": "2021-12-31", "data_elab": "2022-03-31" }, "geometry": { "type": "MultiPolygon", "coordinates": [ [ [ [ 7.21023512302884, 44.665536637015947 ], [ 7.210273928273787, 44.665608931854706 ], [ 7.210438731193914, 44.665594357465473 ], [ 7.210595791014049, 44.665584757464075 ], [ 7.210564060343066, 44.665513293953715 ], [ 7.210565385904304, 44.665452020525358 ], [ 7.210552808722774, 44.665414842063576 ], [ 7.21050774763041, 44.665324492216065 ], [ 7.210498150668768, 44.665311402259981 ], [ 7.210179907641017, 44.665427071614992 ], [ 7.21023512302884, 44.665536637015947 ] ] ] ] } },
{ "type": "Feature", "properties": { "id_partic": 7623537, "id_foglio": 18986, "belfiore": "G228", "istat": "004157", "comune": "Paesana", "sezione": "P", "foglio": "46", "particella": "600", "data_agg": "2021-12-31", "data_elab": "2022-03-31" }, "geometry": { "type": "MultiPolygon", "coordinates": [ [ [ [ 7.210101331475797, 44.665267774745473 ], [ 7.210179907641017, 44.665427071614992 ], [ 7.210498150668768, 44.665311402259981 ], [ 7.210446507882899, 44.66525823533285 ], [ 7.210387496295618, 44.665204808464203 ], [ 7.210342534497485, 44.665166574753172 ], [ 7.210260811798671, 44.665094010785133 ], [ 7.210060974763985, 44.665170091543587 ], [ 7.210101331475797, 44.665267774745473 ] ] ] ] } },
{ "type": "Feature", "properties": { "id_partic": 7623539, "id_foglio": 18986, "belfiore": "G228", "istat": "004157", "comune": "Paesana", "sezione": "P", "foglio": "46", "particella": "542", "data_agg": "2021-12-31", "data_elab": "2022-03-31" }, "geometry": { "type": "MultiPolygon", "coordinates": [ [ [ [ 7.209741083976624, 44.664828098355699 ], [ 7.210095919979427, 44.664986514551266 ], [ 7.210186264135839, 44.665013788961275 ], [ 7.210245955844085, 44.665048411409728 ], [ 7.210331687434275, 44.665008159066325 ], [ 7.210131397119747, 44.664762101930165 ], [ 7.210048984734729, 44.664659370485111 ], [ 7.209720718095367, 44.664739112140687 ], [ 7.209741083976624, 44.664828098355699 ] ] ] ] } },
{ "type": "Feature", "properties": { "id_partic": 7623564, "id_foglio": 18986, "belfiore": "G228", "istat": "004157", "comune": "Paesana", "sezione": "P", "foglio": "46", "particella": "477", "data_agg": "2021-12-31", "data_elab": "2022-03-31" }, "geometry": { "type": "MultiPolygon", "coordinates": [ [ [ [ 7.212924942750448, 44.664926565345873 ], [ 7.212894700910857, 44.664813944667159 ], [ 7.212884678568572, 44.664795168411928 ], [ 7.212724810422717, 44.664560301858813 ], [ 7.212716026142328, 44.664554537634835 ], [ 7.212354365575656, 44.664249519878616 ], [ 7.212343403509281, 44.664235601014759 ], [ 7.212147585616062, 44.663975168237471 ], [ 7.212143024920306, 44.664025571340048 ], [ 7.212047362605211, 44.664185826321983 ], [ 7.212110197212573, 44.664302242469887 ], [ 7.211947808227907, 44.664374444125265 ], [ 7.212001794608293, 44.664513339385806 ], [ 7.212042675280105, 44.664627112751546 ], [ 7.211947257353483, 44.664706146230465 ], [ 7.211928112266258, 44.664816833648779 ], [ 7.212293488656977, 44.664803774089414 ], [ 7.212360855912522, 44.664866132833943 ], [ 7.212388452689624, 44.664991998728624 ], [ 7.212444050118153, 44.665057777452915 ], [ 7.212568421830016, 44.665022228060614 ], [ 7.212924942750448, 44.664926565345873 ] ] ] ] } },
{ "type": "Feature", "properties": { "id_partic": 7623587, "id_foglio": 18986, "belfiore": "G228", "istat": "004157", "comune": "Paesana", "sezione": "P", "foglio": "46", "particella": "277", "data_agg": "2021-12-31", "data_elab": "2022-03-31" }, "geometry": { "type": "MultiPolygon", "coordinates": [ [ [ [ 7.210827889131443, 44.665853182495852 ], [ 7.210975740264936, 44.665984788076109 ], [ 7.211124714882369, 44.665911076178055 ], [ 7.211173181115768, 44.665840479159321 ], [ 7.211160141167338, 44.665811453460805 ], [ 7.211221079014648, 44.66574715722453 ], [ 7.211201300475737, 44.665697179285765 ], [ 7.210948900369875, 44.665782331431465 ], [ 7.210827889131443, 44.665853182495852 ] ] ] ] } },
{ "type": "Feature", "properties": { "id_partic": 7623588, "id_foglio": 18986, "belfiore": "G228", "istat": "004157", "comune": "Paesana", "sezione": "P", "foglio": "46", "particella": "279", "data_agg": "2021-12-31", "data_elab": "2022-03-31" }, "geometry": { "type": "MultiPolygon", "coordinates": [ [ [ [ 7.211006449653921, 44.665286885809806 ], [ 7.210975743074794, 44.665240951719241 ], [ 7.210578522991712, 44.665390741588041 ], [ 7.210591817923827, 44.665431851920268 ], [ 7.210594167865175, 44.665509878119259 ], [ 7.210624410602896, 44.66558395883046 ], [ 7.210693505369103, 44.66570172007966 ], [ 7.210804983545155, 44.665832788469224 ], [ 7.210827889131443, 44.665853182495852 ], [ 7.210948900369875, 44.665782331431465 ], [ 7.211201300475737, 44.665697179285765 ], [ 7.211229931548138, 44.6656799378245 ], [ 7.211292314128724, 44.665635264543802 ], [ 7.211320955517926, 44.665610712974733 ], [ 7.211508733025394, 44.665554213934051 ], [ 7.211876723340076, 44.665442831782286 ], [ 7.211848452062172, 44.6653433243292 ], [ 7.211786479606055, 44.665237223077277 ], [ 7.211495144289306, 44.665323229436758 ], [ 7.211433500946447, 44.665340616584849 ], [ 7.21128819003341, 44.665389541730534 ], [ 7.211136219555685, 44.665446899812785 ], [ 7.211087872643248, 44.665358932831417 ], [ 7.211006449653921, 44.665286885809806 ] ] ] ] } },
{ "type": "Feature", "properties": { "id_partic": 7623589, "id_foglio": 18986, "belfiore": "G228", "istat": "004157", "comune": "Paesana", "sezione": "P", "foglio": "46", "particella": "541", "data_agg": "2021-12-31", "data_elab": "2022-03-31" }, "geometry": { "type": "MultiPolygon", "coordinates": [ [ [ [ 7.209946129204666, 44.664531300951587 ], [ 7.210048984734729, 44.664659370485111 ], [ 7.210131397119747, 44.664762101930165 ], [ 7.210331687434275, 44.665008159066325 ], [ 7.210367158887162, 44.664992432921153 ], [ 7.210524295310267, 44.664929049546373 ], [ 7.210414486690311, 44.664647867725407 ], [ 7.210408824848587, 44.664650557887398 ], [ 7.210135317090258, 44.664457087651989 ], [ 7.209949074048553, 44.664509274835837 ], [ 7.209946129204666, 44.664531300951587 ] ] ] ] } },
{ "type": "Feature", "properties": { "id_partic": 7623613, "id_foglio": 18986, "belfiore": "G228", "istat": "004157", "comune": "Paesana", "sezione": "P", "foglio": "46", "particella": "287", "data_agg": "2021-12-31", "data_elab": "2022-03-31" }, "geometry": { "type": "MultiPolygon", "coordinates": [ [ [ [ 7.211006449653921, 44.665286885809806 ], [ 7.211181645665423, 44.66522612821219 ], [ 7.211500996129095, 44.665147574961502 ], [ 7.211669556919803, 44.665104456165636 ], [ 7.211645313201627, 44.665077605758377 ], [ 7.211532556339023, 44.664950817157731 ], [ 7.211512199484263, 44.664923969499256 ], [ 7.2112180213885, 44.664991944281745 ], [ 7.210862496061215, 44.665073865530886 ], [ 7.210900171918222, 44.665127864611556 ], [ 7.210975743074794, 44.665240951719241 ], [ 7.211006449653921, 44.665286885809806 ] ] ] ] } },
{ "type": "Feature", "properties": { "id_partic": 7623619, "id_foglio": 18986, "belfiore": "G228", "istat": "004157", "comune": "Paesana", "sezione": "P", "foglio": "46", "particella": "360", "data_agg": "2021-12-31", "data_elab": "2022-03-31" }, "geometry": { "type": "MultiPolygon", "coordinates": [ [ [ [ 7.211928112266258, 44.664816833648779 ], [ 7.211932462222623, 44.664900087026226 ], [ 7.211940443455318, 44.664985441434439 ], [ 7.211983621574514, 44.665044878523553 ], [ 7.212003893482838, 44.665136706529907 ], [ 7.212238417966302, 44.66509744972722 ], [ 7.212434519751637, 44.665060499920799 ], [ 7.212444050118153, 44.665057777452915 ], [ 7.212388452689624, 44.664991998728624 ], [ 7.212360855912522, 44.664866132833943 ], [ 7.212293488656977, 44.664803774089414 ], [ 7.211928112266258, 44.664816833648779 ] ] ] ] } },
{ "type": "Feature", "properties": { "id_partic": 7623638, "id_foglio": 18986, "belfiore": "G228", "istat": "004157", "comune": "Paesana", "sezione": "P", "foglio": "46", "particella": "278", "data_agg": "2021-12-31", "data_elab": "2022-03-31" }, "geometry": { "type": "MultiPolygon", "coordinates": [ [ [ [ 7.21194962341113, 44.665481519021206 ], [ 7.211876723340076, 44.665442831782286 ], [ 7.211508733025394, 44.665554213934051 ], [ 7.211320955517926, 44.665610712974733 ], [ 7.211292314128724, 44.665635264543802 ], [ 7.211229931548138, 44.6656799378245 ], [ 7.211201300475737, 44.665697179285765 ], [ 7.211221079014648, 44.66574715722453 ], [ 7.211160141167338, 44.665811453460805 ], [ 7.211173181115768, 44.665840479159321 ], [ 7.211269288899661, 44.665816743863601 ], [ 7.211412355787636, 44.665753054310478 ], [ 7.211654288319873, 44.665754625421336 ], [ 7.21181329228087, 44.66571642046825 ], [ 7.211858795462263, 44.665557341627533 ], [ 7.21194962341113, 44.665481519021206 ] ] ] ] } },
{ "type": "Feature", "properties": { "id_partic": 7623640, "id_foglio": 18986, "belfiore": "G228", "istat": "004157", "comune": "Paesana", "sezione": "P", "foglio": "46", "particella": "539", "data_agg": "2021-12-31", "data_elab": "2022-03-31" }, "geometry": { "type": "MultiPolygon", "coordinates": [ [ [ [ 7.210862496061215, 44.665073865530886 ], [ 7.2112180213885, 44.664991944281745 ], [ 7.211512199484263, 44.664923969499256 ], [ 7.211417632018571, 44.664799260319889 ], [ 7.211315202319131, 44.664663409818957 ], [ 7.211091767191591, 44.664534158447324 ], [ 7.211074576373927, 44.664523021500706 ], [ 7.21091456223967, 44.664419240815441 ], [ 7.21090800737797, 44.664412528836557 ], [ 7.210680911473202, 44.664521455974949 ], [ 7.2105976458363, 44.664560971506837 ], [ 7.210628947935986, 44.664582274692059 ], [ 7.210698800910088, 44.66486127736281 ], [ 7.210812996924808, 44.665002860987798 ], [ 7.210862496061215, 44.665073865530886 ] ] ] ] } },
{ "type": "Feature", "properties": { "id_partic": 7623643, "id_foglio": 18986, "belfiore": "G228", "istat": "004157", "comune": "Paesana", "sezione": "P", "foglio": "46", "particella": "283", "data_agg": "2021-12-31", "data_elab": "2022-03-31" }, "geometry": { "type": "MultiPolygon", "coordinates": [ [ [ [ 7.211966482591205, 44.664577999051929 ], [ 7.211911241577419, 44.664606935931864 ], [ 7.211763756755335, 44.664649118363847 ], [ 7.211544575973496, 44.664579890758695 ], [ 7.21146975654459, 44.664588623550493 ], [ 7.211216804594974, 44.664544746966754 ], [ 7.211074576373927, 44.664523021500706 ], [ 7.211091767191591, 44.664534158447324 ], [ 7.211315202319131, 44.664663409818957 ], [ 7.211417632018571, 44.664799260319889 ], [ 7.211512199484263, 44.664923969499256 ], [ 7.211532556339023, 44.664950817157731 ], [ 7.211645313201627, 44.665077605758377 ], [ 7.211669556919803, 44.665104456165636 ], [ 7.211743649435827, 44.665186554603345 ], [ 7.21195928593901, 44.665077873343691 ], [ 7.211902246338677, 44.664989698341969 ], [ 7.211868679290339, 44.664811839994542 ], [ 7.211898113184135, 44.664702308053698 ], [ 7.211966482591205, 44.664577999051929 ] ] ] ] } },
{ "type": "Feature", "properties": { "id_partic": 7623663, "id_foglio": 18986, "belfiore": "G228", "istat": "004157", "comune": "Paesana", "sezione": "P", "foglio": "46", "particella": "282", "data_agg": "2021-12-31", "data_elab": "2022-03-31" }, "geometry": { "type": "MultiPolygon", "coordinates": [ [ [ [ 7.21194962341113, 44.665481519021206 ], [ 7.211954045914865, 44.665477826953541 ], [ 7.21198417424801, 44.665430605181527 ], [ 7.212001120913551, 44.665394083213755 ], [ 7.212014641364338, 44.665314019638885 ], [ 7.21199386808043, 44.665223021129144 ], [ 7.21195928593901, 44.665077873343691 ], [ 7.211743649435827, 44.665186554603345 ], [ 7.211777723593568, 44.665224284387548 ], [ 7.211786479606055, 44.665237223077277 ], [ 7.211848452062172, 44.6653433243292 ], [ 7.211876723340076, 44.665442831782286 ], [ 7.21194962341113, 44.665481519021206 ] ] ] ] } },
{ "type": "Feature", "properties": { "id_partic": 7623681, "id_foglio": 18986, "belfiore": "G228", "istat": "004157", "comune": "Paesana", "sezione": "P", "foglio": "46", "particella": "632", "data_agg": "2021-12-31", "data_elab": "2022-03-31" }, "geometry": { "type": "MultiPolygon", "coordinates": [ [ [ [ 7.214507261447054, 44.666603666670994 ], [ 7.214688579941622, 44.666509282248676 ], [ 7.21484816566778, 44.666425072848938 ], [ 7.214747002364461, 44.666398976935412 ], [ 7.214565194505226, 44.666354251529576 ], [ 7.214196272707067, 44.666348672460686 ], [ 7.21425055195015, 44.666392168422249 ], [ 7.214507261447054, 44.666603666670994 ] ] ] ] } },
{ "type": "Feature", "properties": { "id_partic": 7623716, "id_foglio": 18986, "belfiore": "G228", "istat": "004157", "comune": "Paesana", "sezione": "P", "foglio": "46", "particella": "564", "data_agg": "2021-12-31", "data_elab": "2022-03-31" }, "geometry": { "type": "MultiPolygon", "coordinates": [ [ [ [ 7.213958370530783, 44.666536108363736 ], [ 7.21410057811641, 44.666589124909613 ], [ 7.214289991624476, 44.666660143524119 ], [ 7.214243845, 44.666616838846934 ], [ 7.214029929602997, 44.666416353347422 ], [ 7.214014556226139, 44.666405386133981 ], [ 7.213858424195464, 44.666461123112242 ], [ 7.213958370530783, 44.666536108363736 ] ] ] ] } },
{ "type": "Feature", "properties": { "id_partic": 7633401, "id_foglio": 19019, "belfiore": "G228", "istat": "004157", "comune": "Paesana", "sezione": "P", "foglio": "64", "particella": "40", "data_agg": "2021-12-31", "data_elab": "2022-03-31" }, "geometry": { "type": "MultiPolygon", "coordinates": [ [ [ [ 7.209391899727016, 44.656643116137417 ], [ 7.209334863523735, 44.656863038045103 ], [ 7.20929016232413, 44.657054958077531 ], [ 7.209288745578387, 44.657072364572905 ], [ 7.209290641765445, 44.657072551515832 ], [ 7.209397358672073, 44.657038447761465 ], [ 7.209398771559858, 44.657037996240881 ], [ 7.209391899727016, 44.656643116137417 ] ] ] ] } },
{ "type": "Feature", "properties": { "id_partic": 8386178, "id_foglio": 23171, "belfiore": "H852", "istat": "004209", "comune": "Sanfront", "sezione": "S", "foglio": "15", "particella": "764", "data_agg": "2021-12-31", "data_elab": "2022-03-31" }, "geometry": { "type": "MultiPolygon", "coordinates": [ [ [ [ 7.323815662911549, 44.651394725249823 ], [ 7.32357233818424, 44.651400584476583 ], [ 7.323462173591492, 44.651401952645834 ], [ 7.32336780189151, 44.651403142473228 ], [ 7.323224527989973, 44.651404956102006 ], [ 7.323224841456724, 44.651414789234906 ], [ 7.323434764452707, 44.651411674577957 ], [ 7.323486769701429, 44.651446859149509 ], [ 7.323700959741775, 44.651443993218443 ], [ 7.323751895816638, 44.651406563575705 ], [ 7.32382834640711, 44.651405515524445 ], [ 7.323827887147084, 44.651394803345205 ], [ 7.323815662911549, 44.651394725249823 ] ] ] ] } },
{ "type": "Feature", "properties": { "id_partic": 8386201, "id_foglio": 23171, "belfiore": "H852", "istat": "004209", "comune": "Sanfront", "sezione": "S", "foglio": "15", "particella": "763", "data_agg": "2021-12-31", "data_elab": "2022-03-31" }, "geometry": { "type": "MultiPolygon", "coordinates": [ [ [ [ 7.323224841456724, 44.651414789234906 ], [ 7.323231018283217, 44.651615864919201 ], [ 7.323834224554134, 44.651723433580869 ], [ 7.323831265444057, 44.651562800251831 ], [ 7.323829606592932, 44.651472926862098 ], [ 7.32382834640711, 44.651405515524445 ], [ 7.323751895816638, 44.651406563575705 ], [ 7.323700959741775, 44.651443993218443 ], [ 7.323486769701429, 44.651446859149509 ], [ 7.323434764452707, 44.651411674577957 ], [ 7.323224841456724, 44.651414789234906 ] ] ] ] } }
]
}
