{
"type": "FeatureCollection",
"name": "Core zone UNESCO",
"crs": { "type": "name", "properties": { "name": "urn:ogc:def:crs:OGC:1.3:CRS84" } },
"features": [
{ "type": "Feature", "properties": { "fid": 1 }, "geometry": { "type": "MultiPolygon", "coordinates": [ [ [ [ 7.387409317353465, 44.497660812880923 ], [ 7.387426415201907, 44.497625043724213 ], [ 7.387428957033428, 44.497575565021641 ], [ 7.38747158530567, 44.497526652418046 ], [ 7.387506693558191, 44.497450625640923 ], [ 7.387566267359235, 44.497356939022332 ], [ 7.387641426695359, 44.49733999501025 ], [ 7.387675277803775, 44.497295459719354 ], [ 7.387893966377987, 44.497276040756702 ], [ 7.387963368081897, 44.497268017900218 ], [ 7.388039845161275, 44.497260094883465 ], [ 7.388267563484902, 44.497240802675577 ], [ 7.388342474534271, 44.497232857351705 ], [ 7.388393945433717, 44.497233583808566 ], [ 7.388514941883304, 44.497221787470572 ], [ 7.388620486230693, 44.497214274276999 ], [ 7.388737995659738, 44.497229436459484 ], [ 7.388855460061408, 44.497217589920737 ], [ 7.389032681770652, 44.497233594304411 ], [ 7.389132756408265, 44.497239507452178 ], [ 7.389250902475254, 44.497245675432808 ], [ 7.389422101694747, 44.497180570361856 ], [ 7.389494753354454, 44.49715458710314 ], [ 7.389708701970242, 44.497036068601346 ], [ 7.389804657879156, 44.497005912455371 ], [ 7.389845104155783, 44.496992978812031 ], [ 7.389993026009502, 44.496945549955917 ], [ 7.390060043883815, 44.496923988229049 ], [ 7.390114347417682, 44.496893244553021 ], [ 7.390216774335709, 44.496813664685639 ], [ 7.390293080974681, 44.496783231115714 ], [ 7.390354989222125, 44.496761597184047 ], [ 7.390437982431624, 44.496731257774101 ], [ 7.390643553729285, 44.496702645984151 ], [ 7.390689261423609, 44.496698788850964 ], [ 7.390956705770872, 44.496621533885389 ], [ 7.391021368300175, 44.49659993840266 ], [ 7.391073209992364, 44.496587164891544 ], [ 7.391121395960269, 44.496578841176508 ], [ 7.39119093757291, 44.496579820983087 ], [ 7.391247782171227, 44.496585123191672 ], [ 7.391289603959374, 44.496608219038812 ], [ 7.391358014551544, 44.496636190777636 ], [ 7.391439777177735, 44.496821897044818 ], [ 7.391484883712757, 44.496854041747639 ], [ 7.39166995980311, 44.497027699151595 ], [ 7.391706025221963, 44.497059716421596 ], [ 7.391780617032412, 44.497105780276634 ], [ 7.391932909275734, 44.49717094365154 ], [ 7.392043408306774, 44.497226515654361 ], [ 7.392185323518102, 44.497269025926492 ], [ 7.392334055590563, 44.497320634653143 ], [ 7.392489198309001, 44.497367832106271 ], [ 7.392634922619234, 44.497414896769982 ], [ 7.392817196556916, 44.497475979669964 ], [ 7.393001960599777, 44.497532595995096 ], [ 7.393153725494916, 44.497516726422432 ], [ 7.393378246433802, 44.497456867076295 ], [ 7.393402833969656, 44.497434706383558 ], [ 7.393485094021336, 44.497044248230296 ], [ 7.393597456278975, 44.496717232070743 ], [ 7.393697178189211, 44.496277504759881 ], [ 7.393799202772068, 44.496040369508634 ], [ 7.393915390873377, 44.495573865601806 ], [ 7.394117458489659, 44.495171587952228 ], [ 7.394143774018676, 44.495086432783161 ], [ 7.394138391994185, 44.49499633050781 ], [ 7.39418164728167, 44.494866400261969 ], [ 7.394282443664495, 44.494674260545899 ], [ 7.394317722555098, 44.494548719405948 ], [ 7.39435952465293, 44.494486288594615 ], [ 7.394405013375201, 44.494275365720874 ], [ 7.39444667354562, 44.494203930219179 ], [ 7.394619331459419, 44.493999296590879 ], [ 7.394637916925624, 44.493909531282576 ], [ 7.394589896050134, 44.493625272342136 ], [ 7.394599364870468, 44.493566888172658 ], [ 7.394665980045986, 44.493459792785941 ], [ 7.39489679816135, 44.493183955064289 ], [ 7.394899143741362, 44.493098462751611 ], [ 7.394849023428458, 44.492890696997243 ], [ 7.394852233229604, 44.492773707513081 ], [ 7.394885886532524, 44.492693156617186 ], [ 7.394883845556376, 44.492567090656856 ], [ 7.394873172818683, 44.492526428651303 ], [ 7.394874094244475, 44.492449918973293 ], [ 7.394863126704841, 44.492391247496968 ], [ 7.394856602963861, 44.492328137154516 ], [ 7.394849727126125, 44.492292029849708 ], [ 7.394842273081617, 44.49221990376526 ], [ 7.394279100515785, 44.492189479105363 ], [ 7.394190876616943, 44.492210745114335 ], [ 7.394204016629104, 44.492318961852035 ], [ 7.394171209063965, 44.49235451113249 ], [ 7.393916618378157, 44.492350930526328 ], [ 7.393533349697872, 44.492381549750064 ], [ 7.393263043498828, 44.492377746588865 ], [ 7.393160062858176, 44.492349289513442 ], [ 7.393096288775458, 44.492352893403542 ], [ 7.39303047147023, 44.49214490593274 ], [ 7.392983706990733, 44.491815650605574 ], [ 7.392960728454465, 44.491779316562905 ], [ 7.392943576749901, 44.491545005924905 ], [ 7.392958855699675, 44.491275141042451 ], [ 7.392843340583917, 44.491273515262634 ], [ 7.392609543328899, 44.491243216409607 ], [ 7.39263007958053, 44.491067953539954 ], [ 7.392423911747043, 44.49104704589395 ], [ 7.392319944734679, 44.491054584826529 ], [ 7.392303611411743, 44.491076861524846 ], [ 7.392325600147226, 44.491149192424636 ], [ 7.39226659948406, 44.491265396358983 ], [ 7.392256923089687, 44.491274262781488 ], [ 7.392111784603302, 44.491249712505791 ], [ 7.392040007110144, 44.491244200445905 ], [ 7.392052532596863, 44.491217368833603 ], [ 7.392050757778706, 44.491010282565433 ], [ 7.391902719735996, 44.490891163216418 ], [ 7.391791508103496, 44.490876092981082 ], [ 7.391599707120448, 44.490904900840917 ], [ 7.391464557552697, 44.490902997101628 ], [ 7.391408153378073, 44.490924709196733 ], [ 7.391296599529655, 44.490936641651516 ], [ 7.391025776541388, 44.490937327245732 ], [ 7.390836118516993, 44.490588052105849 ], [ 7.390665372266409, 44.490437101805767 ], [ 7.390621617989443, 44.49042748247016 ], [ 7.390593129550305, 44.490463091606621 ], [ 7.390521435689834, 44.490754667708018 ], [ 7.390471409167778, 44.490830485220464 ], [ 7.390423970587528, 44.490811811213085 ], [ 7.390183086269031, 44.490610356862291 ], [ 7.390087990648595, 44.490595512168959 ], [ 7.390083657265393, 44.490752997704547 ], [ 7.390012128241744, 44.490738485207856 ], [ 7.389855488924145, 44.490646249920886 ], [ 7.389801669391336, 44.490645491006745 ], [ 7.389722351444546, 44.490671380484784 ], [ 7.389667777404438, 44.490697618861198 ], [ 7.389585175439339, 44.490714459266158 ], [ 7.389517235090564, 44.490727005064741 ], [ 7.389450860499759, 44.490739572906918 ], [ 7.389396364719435, 44.490734302931287 ], [ 7.38924698567576, 44.490507129243895 ], [ 7.389207287065243, 44.490493065243761 ], [ 7.389062788758345, 44.490545042770719 ], [ 7.388943107342695, 44.490552356931161 ], [ 7.388598566885324, 44.490633020655821 ], [ 7.388414572087759, 44.49063492532936 ], [ 7.388337963041251, 44.490633844083334 ], [ 7.388287427243856, 44.490642133466764 ], [ 7.38824710902217, 44.490650567048789 ], [ 7.388205630316866, 44.49067248823274 ], [ 7.388156164414885, 44.49069879798877 ], [ 7.388105673364076, 44.490734095916437 ], [ 7.388089073922302, 44.490751866923127 ], [ 7.388067646977825, 44.490787575108556 ], [ 7.388043865611345, 44.490823250053019 ], [ 7.388014570136476, 44.490845343153531 ], [ 7.387990867914697, 44.490849509879197 ], [ 7.387967160452882, 44.490840172529666 ], [ 7.387944590677452, 44.490817347240238 ], [ 7.387922573000717, 44.490803532404961 ], [ 7.38787919087583, 44.490780413276141 ], [ 7.387768663246763, 44.490697828795241 ], [ 7.387740068468411, 44.490580390419495 ], [ 7.387670676240204, 44.490502887973044 ], [ 7.387604260207317, 44.49031739553066 ], [ 7.387236132092705, 44.490312196754928 ], [ 7.387170281571654, 44.490320269340977 ], [ 7.387142135310392, 44.490328874453894 ], [ 7.387114794114562, 44.49035099492859 ], [ 7.387090094678519, 44.490377654044174 ], [ 7.387049268877934, 44.490404085363394 ], [ 7.387003249525219, 44.490448448634126 ], [ 7.386929844473111, 44.490487923693131 ], [ 7.386887345107828, 44.490532336641451 ], [ 7.386849036818062, 44.490567806117298 ], [ 7.386652349254109, 44.490488504654842 ], [ 7.386549127135632, 44.490469040861775 ], [ 7.386360303479745, 44.490389850010509 ], [ 7.386170351917801, 44.490351154896899 ], [ 7.385982770414762, 44.490226967650905 ], [ 7.385939497424368, 44.490185843995867 ], [ 7.385807016729805, 44.490129955292311 ], [ 7.385792543302284, 44.490084737364789 ], [ 7.3856628952654, 44.489826328566373 ], [ 7.385632999294577, 44.489798897909026 ], [ 7.385430117320577, 44.489773522750411 ], [ 7.385359487417799, 44.489741014718675 ], [ 7.385398010433658, 44.489498487460857 ], [ 7.385022511681975, 44.489547193322053 ], [ 7.38490968990654, 44.489590610935018 ], [ 7.384717393222289, 44.489637405554909 ], [ 7.384642416015045, 44.489762382230971 ], [ 7.384575852195039, 44.489824459222923 ], [ 7.384488945858106, 44.489854739045121 ], [ 7.384446137650736, 44.489867637390056 ], [ 7.384337630559878, 44.489897611481894 ], [ 7.384292095175543, 44.489923975179423 ], [ 7.38423121777061, 44.489936617770233 ], [ 7.384132527883869, 44.489966730580896 ], [ 7.384070224682832, 44.489988355574404 ], [ 7.38400452993164, 44.490018935201327 ], [ 7.383895249478547, 44.490062401924355 ], [ 7.383834911867516, 44.490084054608097 ], [ 7.383809535338582, 44.490106202098296 ], [ 7.383798847836143, 44.490137560155944 ], [ 7.383785265946384, 44.490159874580328 ], [ 7.383735775577467, 44.490258203393552 ], [ 7.383646852201935, 44.490346971341658 ], [ 7.383396280664083, 44.490482965461808 ], [ 7.383331264879196, 44.490531559639223 ], [ 7.383112803826607, 44.490956092991794 ], [ 7.383094213225974, 44.491045856384282 ], [ 7.383073447404527, 44.491086074321906 ], [ 7.383013539495882, 44.49113474064194 ], [ 7.382972225346206, 44.491179168909362 ], [ 7.382904854019986, 44.491227729480521 ], [ 7.382823997518857, 44.49128060036044 ], [ 7.382781230270657, 44.491320506646517 ], [ 7.382491459431232, 44.491253383657053 ], [ 7.382427810461325, 44.491252482027164 ], [ 7.382403345905345, 44.491270140787329 ], [ 7.382365182350195, 44.491499168055391 ], [ 7.382304684069415, 44.491682865575214 ], [ 7.382223313382614, 44.491740230071734 ], [ 7.382151080760773, 44.491779718656794 ], [ 7.382088552778646, 44.491823846031643 ], [ 7.381984546703145, 44.49190339629061 ], [ 7.381939672875996, 44.491934269744725 ], [ 7.381896749582257, 44.491951666828164 ], [ 7.381898259580583, 44.49199670153601 ], [ 7.381918492062646, 44.492046502881315 ], [ 7.382005683943921, 44.49211975968803 ], [ 7.382239206718988, 44.492316625611636 ], [ 7.38238074477974, 44.492386150740451 ], [ 7.382633219519133, 44.492466249732352 ], [ 7.382719717790123, 44.492507986850349 ], [ 7.382869715296652, 44.49254162054018 ], [ 7.382948350411418, 44.492583246125626 ], [ 7.383073028323496, 44.492679539612737 ], [ 7.383180137304623, 44.492843104155959 ], [ 7.383242420216023, 44.49289350066001 ], [ 7.383328768206341, 44.492926232525519 ], [ 7.383630673765484, 44.492953013175168 ], [ 7.383844090961172, 44.493010049949056 ], [ 7.384032795160657, 44.493093744572434 ], [ 7.384118798254116, 44.493153478940236 ], [ 7.38442468969518, 44.493306351139843 ], [ 7.384533143052339, 44.493406914799188 ], [ 7.384551395467213, 44.493614234204912 ], [ 7.384597083478536, 44.493695904498651 ], [ 7.38470528936352, 44.493805467147261 ], [ 7.384766083808215, 44.493909857714435 ], [ 7.384792573507299, 44.494103789596451 ], [ 7.384714633841885, 44.494620339976272 ], [ 7.384593877193963, 44.494965234037316 ], [ 7.384518616780415, 44.495085705184955 ], [ 7.384450490092343, 44.495246789169308 ], [ 7.384327346165786, 44.495393590678994 ], [ 7.384301016259106, 44.49547874336902 ], [ 7.384177632778841, 44.497056963607264 ], [ 7.384187772040042, 44.497273170796404 ], [ 7.384156378277213, 44.497826389781146 ], [ 7.384212543183232, 44.497813680567482 ], [ 7.384439751800064, 44.497798890115341 ], [ 7.384543855903406, 44.49778685898945 ], [ 7.384644427959907, 44.497774777802256 ], [ 7.384786252437572, 44.497763280062692 ], [ 7.384843454344143, 44.497741582553111 ], [ 7.384909605274579, 44.497751520880961 ], [ 7.385118601803207, 44.497727468825353 ], [ 7.38518783676697, 44.49769693866476 ], [ 7.385262376126271, 44.497702494088429 ], [ 7.385459948741546, 44.497664775878405 ], [ 7.38551936472734, 44.497634106681176 ], [ 7.385631072672602, 44.497631184726757 ], [ 7.385674178340564, 44.497636295470144 ], [ 7.385733626402541, 44.497632634577087 ], [ 7.385796893782142, 44.497633528971825 ], [ 7.385857254700638, 44.497625379591845 ], [ 7.385914099752827, 44.497630684462891 ], [ 7.385998349856576, 44.497654381979416 ], [ 7.386035433324426, 44.497663908791267 ], [ 7.38609623812166, 44.497682773521198 ], [ 7.386141827457778, 44.497696921845801 ], [ 7.386194239193947, 44.497706665246213 ], [ 7.386236296567182, 44.49772076361581 ], [ 7.386269988476307, 44.49773924507376 ], [ 7.386347163438641, 44.49776284234413 ], [ 7.386407568377251, 44.497781701257338 ], [ 7.386468373421573, 44.497800565792261 ], [ 7.386548523792371, 44.497801698335685 ], [ 7.386606061418391, 44.497825017955918 ], [ 7.386727908540321, 44.497853747476661 ], [ 7.386778759463621, 44.497876972537661 ], [ 7.386823944129035, 44.497877610891585 ], [ 7.386923975396299, 44.497856517401679 ], [ 7.387015461405769, 44.49781729780787 ], [ 7.387177121951467, 44.497756562698228 ], [ 7.387221721624101, 44.49772118201556 ], [ 7.387296605514924, 44.497699733014393 ], [ 7.387353930514621, 44.497673534657125 ], [ 7.387409317353465, 44.497660812880923 ] ] ] ] } },
{ "type": "Feature", "properties": { "fid": 2 }, "geometry": { "type": "MultiPolygon", "coordinates": [ [ [ [ 7.458482687745785, 44.673404023809056 ], [ 7.456072602198445, 44.672111124562633 ], [ 7.455708031182423, 44.671899139096297 ], [ 7.455508293570204, 44.671774905049801 ], [ 7.455331910690328, 44.67158796976895 ], [ 7.455143487453242, 44.671319849664798 ], [ 7.455061051737929, 44.671143187402393 ], [ 7.454994515023103, 44.670917226977771 ], [ 7.454979291849102, 44.670673956040496 ], [ 7.454894154029168, 44.670317208953982 ], [ 7.454755344106295, 44.670081267932986 ], [ 7.454593061800043, 44.669912527099513 ], [ 7.454485493094228, 44.669866059116167 ], [ 7.454295084742879, 44.669940002137174 ], [ 7.454033347080789, 44.669967967065446 ], [ 7.453815925634282, 44.669960521878579 ], [ 7.453658361100994, 44.669881867667932 ], [ 7.45352281262811, 44.669790007815365 ], [ 7.453375129103762, 44.669621462968038 ], [ 7.453197910139473, 44.669466021429187 ], [ 7.453065517989665, 44.669270676098229 ], [ 7.45296070526144, 44.669120716321387 ], [ 7.452805048387799, 44.668970067505114 ], [ 7.452674447083699, 44.668855767647088 ], [ 7.45200143175904, 44.669035695935655 ], [ 7.451676068236835, 44.669143814521412 ], [ 7.451214872608489, 44.669349116289069 ], [ 7.450823244383016, 44.669591369698814 ], [ 7.451023797083982, 44.669729126650751 ], [ 7.451176958224885, 44.669884245226903 ], [ 7.4513126898884, 44.67010214403841 ], [ 7.451430741147355, 44.670391822143685 ], [ 7.451494243210012, 44.67067175793877 ], [ 7.451527146062886, 44.670901765491642 ], [ 7.451498831921828, 44.671076928406428 ], [ 7.451368794066767, 44.671237208084307 ], [ 7.451153167049904, 44.67136931943373 ], [ 7.45094662575625, 44.67145654161309 ], [ 7.450763214788902, 44.671548578457475 ], [ 7.450651456209147, 44.671614580076501 ], [ 7.450739177344784, 44.671858835249374 ], [ 7.450757182765868, 44.672070636037198 ], [ 7.450705749489967, 44.672817137610245 ], [ 7.450501600842371, 44.67281436740361 ], [ 7.450141125787708, 44.672759961812119 ], [ 7.4498108906837, 44.672768982455622 ], [ 7.449619105764755, 44.672878908554708 ], [ 7.449399639786431, 44.673155002856454 ], [ 7.449217856269044, 44.673481121728607 ], [ 7.449148105112239, 44.673745745200783 ], [ 7.449126698622566, 44.673957010867078 ], [ 7.449320540786859, 44.674346746778461 ], [ 7.449527768771301, 44.674840191696717 ], [ 7.449667032338945, 44.675206679833025 ], [ 7.44974534733091, 44.675522827099513 ], [ 7.449814053494145, 44.675888357030701 ], [ 7.449884721591297, 44.676195397951417 ], [ 7.449980922830008, 44.676417262657885 ], [ 7.450206789721742, 44.67678942685162 ], [ 7.450380382355671, 44.677066355988607 ], [ 7.450390870248827, 44.677264551036217 ], [ 7.450343532932425, 44.677560987645883 ], [ 7.450352581259941, 44.677813177513769 ], [ 7.450439110261784, 44.678102428467049 ], [ 7.450606498134122, 44.678316256237736 ], [ 7.450695787561286, 44.678502016900673 ], [ 7.450712846222581, 44.678749814195157 ], [ 7.450778121715889, 44.678948752532435 ], [ 7.450954559678875, 44.679104187000895 ], [ 7.451210441267967, 44.679238192832571 ], [ 7.451393493150155, 44.679456733077522 ], [ 7.451491383515055, 44.679615602558975 ], [ 7.451673676696826, 44.679847635640655 ], [ 7.451899118184572, 44.680251298887107 ], [ 7.45204628644656, 44.68061789097986 ], [ 7.452063111571497, 44.680874687213823 ], [ 7.45201008913303, 44.681103529343304 ], [ 7.451925262400471, 44.681327439046044 ], [ 7.451858030114002, 44.681497572896838 ], [ 7.45177500013088, 44.681653988913951 ], [ 7.450794284087912, 44.68334213821641 ], [ 7.450687633007409, 44.683511736481798 ], [ 7.450613356107635, 44.683650265596491 ], [ 7.452146300616898, 44.683954631779137 ], [ 7.45179516675525, 44.685322734964451 ], [ 7.451788093974343, 44.68558820938761 ], [ 7.451883759488788, 44.685846074427495 ], [ 7.451792930832061, 44.686294962049892 ], [ 7.451639359247819, 44.687337155938231 ], [ 7.451487591817237, 44.688311856061532 ], [ 7.451311981370142, 44.688701077823453 ], [ 7.451009848434725, 44.689412668565993 ], [ 7.450918208477258, 44.689906556107566 ], [ 7.45081521040182, 44.691417557899442 ], [ 7.452491735442406, 44.691521313669178 ], [ 7.45290351076676, 44.691549399688334 ], [ 7.452651146871617, 44.692140136731446 ], [ 7.45250979742896, 44.69272337540945 ], [ 7.452406349513665, 44.693068564700546 ], [ 7.452380990275544, 44.693428315881569 ], [ 7.452292100314923, 44.693818714205499 ], [ 7.452147876902881, 44.69450994176507 ], [ 7.451751798051087, 44.694617101422722 ], [ 7.451278064613126, 44.694678194592782 ], [ 7.450774379057114, 44.694693867553639 ], [ 7.450473970147703, 44.694748306574361 ], [ 7.450420807290061, 44.694981646720819 ], [ 7.450381344296801, 44.695278189349253 ], [ 7.450281479928403, 44.695488389664554 ], [ 7.450116599348167, 44.695769726329139 ], [ 7.450090624035917, 44.69615197439547 ], [ 7.450193787880612, 44.696409942194286 ], [ 7.450456302285963, 44.696593552413603 ], [ 7.450862168203537, 44.696711589263906 ], [ 7.451456684065518, 44.696751162022494 ], [ 7.452147680410063, 44.69679654080889 ], [ 7.452989451159755, 44.696852960681333 ], [ 7.452982393966882, 44.69661430232938 ], [ 7.453101435322653, 44.696498884355357 ], [ 7.45312092614409, 44.696314599869254 ], [ 7.453127875661306, 44.696053625340497 ], [ 7.453189677854621, 44.695910424694446 ], [ 7.45331065326499, 44.695736517291586 ], [ 7.453422529903736, 44.695341928465837 ], [ 7.453405361130709, 44.694905080980782 ], [ 7.453418464364005, 44.694738714615553 ], [ 7.453471007670053, 44.694068749674386 ], [ 7.453504145808203, 44.693772120248603 ], [ 7.453528159364156, 44.693551887378867 ], [ 7.453623555469003, 44.693242597539708 ], [ 7.453821018159469, 44.692921186219429 ], [ 7.454106177118637, 44.692564952393923 ], [ 7.454332302269106, 44.69224842939451 ], [ 7.454520894909239, 44.691697336180411 ], [ 7.454660634484911, 44.691366139633338 ], [ 7.454815049433842, 44.691017136743739 ], [ 7.454889753595953, 44.690387981326545 ], [ 7.454959712380681, 44.689952312701642 ], [ 7.455099892543941, 44.689589613159185 ], [ 7.455253701730325, 44.68926310732261 ], [ 7.455511332380823, 44.688843480681051 ], [ 7.455650908297139, 44.688503278169783 ], [ 7.455599178027216, 44.688268516611899 ], [ 7.455492130633171, 44.687933980588674 ], [ 7.455514611708359, 44.687637206121536 ], [ 7.455582486281327, 44.68726452539471 ], [ 7.455734970897409, 44.686987513966891 ], [ 7.456059981306635, 44.686762348413929 ], [ 7.456487785124999, 44.686498060817428 ], [ 7.456935140049616, 44.686328560843208 ], [ 7.457182062643598, 44.686043821261151 ], [ 7.457416079491795, 44.685695890089654 ], [ 7.458070650337948, 44.68508806808331 ], [ 7.458265325565448, 44.684870138415178 ], [ 7.458327687900618, 44.684704436317411 ], [ 7.458339799743746, 44.684515549755233 ], [ 7.458163119855297, 44.684337617597834 ], [ 7.457928507547592, 44.684158902775344 ], [ 7.457751113529396, 44.684007967484909 ], [ 7.457508569514865, 44.683860653009702 ], [ 7.457136463945623, 44.683662074280534 ], [ 7.456755828857963, 44.683517393372668 ], [ 7.456341326504917, 44.683282229462691 ], [ 7.456754826478873, 44.682738673301373 ], [ 7.4569422379138, 44.682511645241739 ], [ 7.45726841263625, 44.682241479863272 ], [ 7.457640491789673, 44.681890912118597 ], [ 7.457918365675535, 44.681539070889279 ], [ 7.458041054883846, 44.681284159682924 ], [ 7.458214717703514, 44.681025435441192 ], [ 7.458365143748451, 44.680824912734906 ], [ 7.458685516938774, 44.680505151743375 ], [ 7.459028329252502, 44.680172189081965 ], [ 7.459201626417213, 44.679926961942705 ], [ 7.459375984030244, 44.679641238070779 ], [ 7.459700529891236, 44.67916398857983 ], [ 7.459852972721344, 44.678886970706237 ], [ 7.460003029795112, 44.678699944381769 ], [ 7.460216692588751, 44.678567789983745 ], [ 7.460438080279826, 44.67842673694603 ], [ 7.460871014501589, 44.678248024459499 ], [ 7.461420062263865, 44.678061872595165 ], [ 7.460766593921102, 44.677530926423543 ], [ 7.460472382250399, 44.677414429965886 ], [ 7.460403315185622, 44.677282963961254 ], [ 7.460268346295878, 44.677168614045371 ], [ 7.460140257816181, 44.677076862749004 ], [ 7.460113722012644, 44.676977478520143 ], [ 7.460130929134797, 44.676878684213058 ], [ 7.460220885518319, 44.676771868573738 ], [ 7.460332296826925, 44.67667434456601 ], [ 7.460488880389549, 44.676523415127754 ], [ 7.460580753575592, 44.676344605860976 ], [ 7.460564552920627, 44.67613733228913 ], [ 7.460526324460083, 44.675943265314991 ], [ 7.460366360429434, 44.675671036512995 ], [ 7.46010383082674, 44.675460441082045 ], [ 7.459947900238291, 44.675318800859138 ], [ 7.459957619981598, 44.675219905563672 ], [ 7.460048419863827, 44.675081593009054 ], [ 7.46015356521697, 44.674952476240954 ], [ 7.460120755902854, 44.674821498975909 ], [ 7.460007463116336, 44.674707441033348 ], [ 7.459770737238995, 44.674609722825046 ], [ 7.459345252630539, 44.674522960965639 ], [ 7.458971410402452, 44.674391882506576 ], [ 7.458799708425004, 44.674295039839919 ], [ 7.458696780790592, 44.674073091682899 ], [ 7.45870525072017, 44.673753620772899 ], [ 7.458667268427368, 44.673550554024445 ], [ 7.458482687745785, 44.673404023809056 ] ] ] ] } },
{ "type": "Feature", "properties": { "fid": 3 }, "geometry": { "type": "MultiPolygon", "coordinates": [ [ [ [ 7.635328082863853, 44.832236743173858 ], [ 7.635427605574843, 44.832224436543179 ], [ 7.63614216636272, 44.832183454810696 ], [ 7.637494640178837, 44.832150102156433 ], [ 7.639333311740548, 44.832086504049592 ], [ 7.63939687318544, 44.832190785072605 ], [ 7.639832018833972, 44.832767621681228 ], [ 7.640581037452437, 44.833496741606069 ], [ 7.641979335561855, 44.83445862213199 ], [ 7.643054603647502, 44.834750487369533 ], [ 7.64344543737102, 44.834858655139854 ], [ 7.642862483880151, 44.835607931065439 ], [ 7.642140875846104, 44.835963938480283 ], [ 7.640119226781282, 44.836187443902084 ], [ 7.63956315496503, 44.836428936886264 ], [ 7.639574335543754, 44.836445536545952 ], [ 7.639748415535975, 44.83659164512396 ], [ 7.639985876998104, 44.836716002946588 ], [ 7.640264943803274, 44.836836354641356 ], [ 7.640637670323079, 44.836975825035871 ], [ 7.639511977241406, 44.838204717077936 ], [ 7.638337584636185, 44.83945102135003 ], [ 7.638774491089195, 44.839753302032143 ], [ 7.639486644889196, 44.840171387961732 ], [ 7.640301631210458, 44.840622201548733 ], [ 7.640710848910016, 44.840757605066813 ], [ 7.641243770134795, 44.840912483529188 ], [ 7.641796926569981, 44.84108110343599 ], [ 7.64302814633074, 44.841370307774021 ], [ 7.643847221077607, 44.841632099194022 ], [ 7.643862767433257, 44.841609778434275 ], [ 7.644648632900171, 44.842343783033137 ], [ 7.643943382407292, 44.84273163193312 ], [ 7.643985034939059, 44.842751143642261 ], [ 7.644305927961303, 44.842606408921625 ], [ 7.644651736009033, 44.842412466970238 ], [ 7.645070335320423, 44.842165367531976 ], [ 7.645394623346879, 44.84187664228044 ], [ 7.645590687474422, 44.841676403989659 ], [ 7.64571551262839, 44.841461841916114 ], [ 7.645875193717925, 44.841279183401639 ], [ 7.646072195744661, 44.841056462106621 ], [ 7.646294721555083, 44.841009580056358 ], [ 7.646692135911909, 44.840906270081412 ], [ 7.646952927195541, 44.840508766519669 ], [ 7.647848523167569, 44.839578620196306 ], [ 7.649282582007218, 44.837565573526341 ], [ 7.649318837188094, 44.83736795417871 ], [ 7.649528944825344, 44.83706606564531 ], [ 7.649548771891845, 44.837037576366278 ], [ 7.649809780300987, 44.836577051170984 ], [ 7.650194172906512, 44.836014442764103 ], [ 7.650459481552282, 44.835522439679252 ], [ 7.650955237980543, 44.834812617791158 ], [ 7.651110558159745, 44.834544390367569 ], [ 7.651377869923015, 44.834236961683239 ], [ 7.651916419055478, 44.833725690794004 ], [ 7.652199304575478, 44.833292409844773 ], [ 7.65261077420922, 44.832923664174984 ], [ 7.653231157398273, 44.832309829757548 ], [ 7.653626351306364, 44.831823869439425 ], [ 7.653885018830276, 44.831559213423809 ], [ 7.653241042973681, 44.831444801466773 ], [ 7.653035073026706, 44.831410864353415 ], [ 7.651361404068634, 44.83114805022462 ], [ 7.651073363086449, 44.831090634762205 ], [ 7.650887941806798, 44.831056936522515 ], [ 7.650595752521741, 44.831499091588483 ], [ 7.649949657878801, 44.832333157746532 ], [ 7.64960896632019, 44.832684714987259 ], [ 7.64939610405254, 44.832911752828629 ], [ 7.649252984893681, 44.833081101184618 ], [ 7.649095739458052, 44.83311074855483 ], [ 7.648897109769088, 44.833117400602013 ], [ 7.648657855290185, 44.833069558493335 ], [ 7.648409385566921, 44.832976595939144 ], [ 7.647965128888491, 44.83276878758555 ], [ 7.647747445678471, 44.832694192463563 ], [ 7.647519191206484, 44.832632974973571 ], [ 7.647228184089027, 44.832566512514894 ], [ 7.646936030755996, 44.832549547686227 ], [ 7.646413389659258, 44.832565858760375 ], [ 7.646089481769547, 44.832571020765606 ], [ 7.645735716092545, 44.832517313606353 ], [ 7.645330449170133, 44.832417983492391 ], [ 7.6449272505271, 44.832246659091702 ], [ 7.644649387032533, 44.832058816682853 ], [ 7.64446545095181, 44.831894594115724 ], [ 7.644312235494091, 44.831735237077076 ], [ 7.644090625288766, 44.831390523094505 ], [ 7.643661003257466, 44.830998327118095 ], [ 7.643301194318763, 44.830764497096467 ], [ 7.642919521114804, 44.830552911520037 ], [ 7.642465564227488, 44.830322460955742 ], [ 7.642174997477709, 44.830237986473087 ], [ 7.641854062028737, 44.830117141332209 ], [ 7.641585713834016, 44.829978916554666 ], [ 7.641287029935381, 44.829786317110653 ], [ 7.640987775586932, 44.829634219889961 ], [ 7.640894457560104, 44.82960160157203 ], [ 7.639911871432274, 44.830971736079 ], [ 7.639770376923934, 44.831222111526088 ], [ 7.63935241548595, 44.831226133961792 ], [ 7.638548343955016, 44.831207547490976 ], [ 7.637930698630391, 44.83126319672143 ], [ 7.637040126524687, 44.831392103649179 ], [ 7.636314987675179, 44.831563489266685 ], [ 7.636167666893558, 44.831624744972849 ], [ 7.635279951925282, 44.832050744033168 ], [ 7.635320128452007, 44.83223830569159 ], [ 7.635328082863853, 44.832236743173858 ] ] ] ] } },
{ "type": "Feature", "properties": { "fid": 4 }, "geometry": { "type": "MultiPolygon", "coordinates": [ [ [ [ 7.566589415819328, 44.806048221095551 ], [ 7.566587365068289, 44.806417282787827 ], [ 7.566498392824232, 44.806834775296274 ], [ 7.566128922319729, 44.807104715782501 ], [ 7.565659772584997, 44.807314866822495 ], [ 7.564838972191171, 44.80753862741814 ], [ 7.564007281458117, 44.807739714896016 ], [ 7.563138019703812, 44.808052881047743 ], [ 7.561615478445348, 44.808636854816513 ], [ 7.561110547052444, 44.808887060448072 ], [ 7.560219393736902, 44.809713062403482 ], [ 7.559907144835872, 44.810190750365955 ], [ 7.559752127990711, 44.810575895069405 ], [ 7.559738782365748, 44.810746765370702 ], [ 7.561034302002272, 44.811951409760042 ], [ 7.56169357425391, 44.812472850142946 ], [ 7.562375500878195, 44.812720010670098 ], [ 7.562951537266047, 44.81258321512928 ], [ 7.56361107078518, 44.812348460891229 ], [ 7.564800239141976, 44.811854778917358 ], [ 7.565336017783014, 44.811604944698985 ], [ 7.565759710284125, 44.811380691875293 ], [ 7.567312593969828, 44.811980855992537 ], [ 7.568358580399148, 44.812385574093554 ], [ 7.569498195489934, 44.812903994230183 ], [ 7.569946246055502, 44.813179669535209 ], [ 7.570545913119767, 44.813862353990785 ], [ 7.570862205200194, 44.814609004671446 ], [ 7.570938895809972, 44.81480941796422 ], [ 7.571305674033479, 44.81444761938149 ], [ 7.571233559224102, 44.814199156573565 ], [ 7.571131959191423, 44.814040346730195 ], [ 7.571079525880073, 44.813891154290211 ], [ 7.571072960400997, 44.813724531440243 ], [ 7.571006091142054, 44.813615668199347 ], [ 7.570915377591787, 44.813416484492265 ], [ 7.570728554508618, 44.813283614207187 ], [ 7.570523861610723, 44.813042493495203 ], [ 7.570434265694336, 44.812829820078171 ], [ 7.570259902203356, 44.812625087398864 ], [ 7.569969889533761, 44.812414405009491 ], [ 7.569680212701107, 44.8121902227807 ], [ 7.569515740803992, 44.81201712055806 ], [ 7.569488028109609, 44.811859234833875 ], [ 7.56947098130494, 44.811701482726008 ], [ 7.568931954780735, 44.808760009620883 ], [ 7.568365484420799, 44.806083753685748 ], [ 7.568366931582121, 44.806025257460561 ], [ 7.567642977554612, 44.806313251122582 ], [ 7.567227384788156, 44.806483580095062 ], [ 7.566840184917172, 44.805938588203382 ], [ 7.566642379324341, 44.805931604179179 ], [ 7.566593709067794, 44.805930200652121 ], [ 7.566589415819328, 44.806048221095551 ] ] ] ] } },
{ "type": "Feature", "properties": { "fid": 5 }, "geometry": { "type": "MultiPolygon", "coordinates": [ [ [ [ 7.583712651401488, 44.809682799001365 ], [ 7.583891485511318, 44.809576996227229 ], [ 7.584155011308134, 44.80941822302767 ], [ 7.584147094060875, 44.809403820989495 ], [ 7.58365679912604, 44.809699793490147 ], [ 7.583667311830284, 44.809710096553935 ], [ 7.583712651401488, 44.809682799001365 ] ] ], [ [ [ 7.585711423242587, 44.808474263174311 ], [ 7.585938840914067, 44.808337549819775 ], [ 7.587635276694997, 44.808583609782332 ], [ 7.588794537971114, 44.80865644618131 ], [ 7.590831084422938, 44.809379290810014 ], [ 7.590948150619251, 44.809295225828819 ], [ 7.591538471181638, 44.808276222479073 ], [ 7.592051351697716, 44.808489612715945 ], [ 7.592193019495257, 44.808027728393355 ], [ 7.592372570672399, 44.807696861666066 ], [ 7.593419591855916, 44.807461953866401 ], [ 7.593345463036419, 44.807415972149379 ], [ 7.593190003658302, 44.807292527074289 ], [ 7.592865565492951, 44.807162498406392 ], [ 7.592540034355758, 44.807077466391597 ], [ 7.592378106708122, 44.80705746589036 ], [ 7.592242025122011, 44.807046786025708 ], [ 7.591939390826704, 44.807011546742515 ], [ 7.591336788554421, 44.807026619658224 ], [ 7.590860664961402, 44.807056753650556 ], [ 7.590489422954409, 44.807128690333776 ], [ 7.589768033123256, 44.807250315077702 ], [ 7.589005808803749, 44.807312916302777 ], [ 7.587785845794016, 44.807509386314358 ], [ 7.587243212093629, 44.807673715735937 ], [ 7.587041100778591, 44.807729729253353 ], [ 7.586881027497117, 44.807795264885875 ], [ 7.586583526756687, 44.807922114693774 ], [ 7.586542062064403, 44.807953109146446 ], [ 7.586061065207696, 44.80823072351189 ], [ 7.585920097058137, 44.80832350099287 ], [ 7.585731732747742, 44.808447198989349 ], [ 7.585699148640582, 44.80846687006094 ], [ 7.585711423242587, 44.808474263174311 ] ] ], [ [ [ 7.595313998244937, 44.810847909231356 ], [ 7.595185808372945, 44.810967867488841 ], [ 7.595058600413833, 44.811047332403092 ], [ 7.595001971992366, 44.811150158270287 ], [ 7.595010015077928, 44.81125827853932 ], [ 7.595017305530347, 44.811348395599317 ], [ 7.595025485310085, 44.811857132141029 ], [ 7.594991189369064, 44.812293331406963 ], [ 7.595015524697639, 44.812397154584723 ], [ 7.595110528198387, 44.81253785333228 ], [ 7.59525557708707, 44.812683686113388 ], [ 7.595290389289593, 44.812796634214806 ], [ 7.595280208186987, 44.812922543033736 ], [ 7.595148635524863, 44.813051457447017 ], [ 7.595047594589397, 44.813176248076743 ], [ 7.595037631392653, 44.813293162578098 ], [ 7.595052759053369, 44.813369861699968 ], [ 7.595062323437178, 44.813380206437166 ], [ 7.595082560206561, 44.813311297494238 ], [ 7.59535485630439, 44.81298606716777 ], [ 7.595411119554011, 44.812833721859988 ], [ 7.595364251567181, 44.812599088077029 ], [ 7.595272425673699, 44.812458424309 ], [ 7.595142214244404, 44.81217325295615 ], [ 7.595094399226434, 44.811961112892327 ], [ 7.595102375480824, 44.811632630620188 ], [ 7.595161225406847, 44.811390295191586 ], [ 7.59521792451767, 44.811219950893403 ], [ 7.59536130634535, 44.810978655295166 ], [ 7.595439772778567, 44.810790574236144 ], [ 7.595428436478748, 44.810732041883085 ], [ 7.595313998244937, 44.810847909231356 ] ] ], [ [ [ 7.597181757296065, 44.816303810949471 ], [ 7.596752513075673, 44.816271525657839 ], [ 7.596398084146943, 44.816235660161354 ], [ 7.596333234523049, 44.816675982337898 ], [ 7.596270745939895, 44.817296369969597 ], [ 7.596170626482179, 44.818082852883975 ], [ 7.596147848585446, 44.818321127302632 ], [ 7.596109294615887, 44.818379171243009 ], [ 7.595852367596887, 44.818493048350533 ], [ 7.595705435016984, 44.818554258425138 ], [ 7.595598812251643, 44.81890853829271 ], [ 7.595263726543926, 44.819327522002368 ], [ 7.595382085486769, 44.819382098601999 ], [ 7.595206995501644, 44.819673985584153 ], [ 7.595217383084721, 44.819673007791586 ], [ 7.595019737083495, 44.819999155986622 ], [ 7.594755200635914, 44.820413869098751 ], [ 7.594403334919625, 44.821005425058523 ], [ 7.594393677728931, 44.821022201635664 ], [ 7.594280573617821, 44.821234409206056 ], [ 7.594176431339406, 44.821438706056711 ], [ 7.594093772108735, 44.82163573637343 ], [ 7.59403526965962, 44.821815051323085 ], [ 7.594027964481834, 44.821978504910213 ], [ 7.594081653731884, 44.822134631542689 ], [ 7.594195092510144, 44.822248555579478 ], [ 7.594360979824107, 44.822367626267088 ], [ 7.594380646245587, 44.822377829531824 ], [ 7.594708429749777, 44.822530042099871 ], [ 7.595026463579735, 44.822682483862991 ], [ 7.595143977608127, 44.822710939854353 ], [ 7.595612739361335, 44.822923753699563 ], [ 7.59590386211645, 44.823062384518252 ], [ 7.596109102579956, 44.823123426730767 ], [ 7.596338115022513, 44.823166748959075 ], [ 7.596547281109734, 44.823196330406738 ], [ 7.59660946854034, 44.82319709492198 ], [ 7.596764134439288, 44.823171372706256 ], [ 7.596773063590435, 44.823199105952959 ], [ 7.5967843723988, 44.823199244960506 ], [ 7.596782404830932, 44.823228119088803 ], [ 7.596833972448163, 44.823388283409052 ], [ 7.596769253651919, 44.823693562392592 ], [ 7.596749176881168, 44.823787838608112 ], [ 7.597070173515162, 44.823737769910544 ], [ 7.597331721179438, 44.823808499536526 ], [ 7.597781691471217, 44.823868039342379 ], [ 7.598420750571444, 44.823889388721909 ], [ 7.599042868003999, 44.823843010272746 ], [ 7.599384074994877, 44.823725666643377 ], [ 7.59974877949314, 44.823437568618502 ], [ 7.600067169165529, 44.823495485749227 ], [ 7.600856056438504, 44.823532161621607 ], [ 7.601195363378815, 44.823509312239779 ], [ 7.601404395371614, 44.823430853116861 ], [ 7.601481759175493, 44.823337277739462 ], [ 7.601542406846684, 44.823166978996483 ], [ 7.601640043516452, 44.823019638677444 ], [ 7.602842772940245, 44.824627748468799 ], [ 7.60402167930692, 44.824097535361439 ], [ 7.606036905562099, 44.823226437673952 ], [ 7.605907851624733, 44.823103332586335 ], [ 7.605762456165285, 44.822903509226528 ], [ 7.605712789197947, 44.822619333867614 ], [ 7.605735553667744, 44.822462073561056 ], [ 7.605870722983606, 44.822315187897097 ], [ 7.606138770720175, 44.822115911087394 ], [ 7.606479705393479, 44.822025549448284 ], [ 7.606893428438807, 44.822030597847039 ], [ 7.60732541476894, 44.822049370782871 ], [ 7.608057903495326, 44.821324624047264 ], [ 7.608006265584666, 44.821121445290174 ], [ 7.607848007956353, 44.820651402019109 ], [ 7.607799264760855, 44.820344733246756 ], [ 7.607878888410361, 44.820156658031699 ], [ 7.60790392014423, 44.819904901861079 ], [ 7.607796327315427, 44.819678535283451 ], [ 7.607557802072424, 44.819423565410055 ], [ 7.607337053820108, 44.819218323907315 ], [ 7.607304278399719, 44.819019875916787 ], [ 7.607459052040729, 44.818846220818457 ], [ 7.607726114751195, 44.818687438018884 ], [ 7.608125039654978, 44.818534763130792 ], [ 7.608486462678596, 44.818363625443006 ], [ 7.608869663554412, 44.81807572340994 ], [ 7.609140938458642, 44.817741445803925 ], [ 7.609281821572194, 44.817356067412817 ], [ 7.609389055873711, 44.8168082395037 ], [ 7.609422438503426, 44.816191995596924 ], [ 7.609542156724737, 44.815914385397519 ], [ 7.609678274080458, 44.815726996715931 ], [ 7.609758533756147, 44.815511921194044 ], [ 7.609785825642853, 44.815165668850362 ], [ 7.609606723129854, 44.814789896852766 ], [ 7.609316001177, 44.814372255259137 ], [ 7.608999621901674, 44.813328647390179 ], [ 7.608545091083979, 44.813494151171362 ], [ 7.608482898284453, 44.813763459290321 ], [ 7.608509437008191, 44.814056354214273 ], [ 7.608538627052163, 44.814223250630853 ], [ 7.6086446690905, 44.814431593416032 ], [ 7.608752412720873, 44.814585943632729 ], [ 7.608847615280325, 44.814785151946644 ], [ 7.608854452560727, 44.814960778126029 ], [ 7.608848934019417, 44.815190266955227 ], [ 7.608776862047383, 44.815409942707028 ], [ 7.608770585605862, 44.815670929973003 ], [ 7.608786435604544, 44.815932186817115 ], [ 7.608657524971232, 44.816214185310791 ], [ 7.60861806346486, 44.816474768165776 ], [ 7.60862067912254, 44.816825885691365 ], [ 7.608541568593688, 44.817338046817603 ], [ 7.608578636958772, 44.817653575354257 ], [ 7.608195237178591, 44.817473359885078 ], [ 7.607956059224532, 44.817393925603234 ], [ 7.607776345689954, 44.817355725751369 ], [ 7.60740382251887, 44.817315174258802 ], [ 7.606669424984044, 44.817283709642211 ], [ 7.605730507939136, 44.817227237662181 ], [ 7.605019034580086, 44.817245554419081 ], [ 7.604113316872704, 44.81732000655645 ], [ 7.603859676526127, 44.817348413228991 ], [ 7.603761956856506, 44.817401231526617 ], [ 7.603711913680845, 44.81747713824533 ], [ 7.6036261210262, 44.817543605565518 ], [ 7.603492923940087, 44.817559980987348 ], [ 7.603324640843958, 44.817539918314722 ], [ 7.603109301026802, 44.817487772044139 ], [ 7.602809342801014, 44.817421086687439 ], [ 7.602365706758923, 44.817330136497624 ], [ 7.602041710801039, 44.817276658185293 ], [ 7.601812109259607, 44.817291851320938 ], [ 7.60164193410761, 44.817366286046074 ], [ 7.601472020443514, 44.817413717134642 ], [ 7.601157819817261, 44.81744587713866 ], [ 7.600917008020733, 44.817433924553555 ], [ 7.600653071931958, 44.817381178192583 ], [ 7.600389256706248, 44.817323931604896 ], [ 7.599995924692166, 44.817310107453373 ], [ 7.599606388408634, 44.817237814231014 ], [ 7.599220528558493, 44.817111551608939 ], [ 7.598933002955847, 44.817054010777376 ], [ 7.598767572109608, 44.816997967601139 ], [ 7.59865832493359, 44.81690660494143 ], [ 7.598583709691249, 44.816788660643788 ], [ 7.598420787502065, 44.816629122499727 ], [ 7.598290941374377, 44.816474491260792 ], [ 7.598041194192888, 44.816358897659775 ], [ 7.597704782359242, 44.816296252389208 ], [ 7.597283101047758, 44.81624606193963 ], [ 7.59718351232469, 44.816231471300519 ], [ 7.597181757296065, 44.816303810949471 ] ] ] ] } },
{ "type": "Feature", "properties": { "fid": 6 }, "geometry": { "type": "MultiPolygon", "coordinates": [ [ [ [ 7.259655950863176, 44.685085405880706 ], [ 7.260492934700413, 44.685026141880051 ], [ 7.261480301735829, 44.685041180700964 ], [ 7.262121074965858, 44.685055437085062 ], [ 7.262683107709473, 44.685118004810313 ], [ 7.263335733684219, 44.685289976270028 ], [ 7.263640902653636, 44.685357634295926 ], [ 7.263853729582046, 44.685387877885027 ], [ 7.264481952855139, 44.685307405251713 ], [ 7.264448172935281, 44.685131345481366 ], [ 7.264421405859739, 44.685076924350504 ], [ 7.264440353952469, 44.685036701698053 ], [ 7.264552795359043, 44.684480263640658 ], [ 7.264894349344535, 44.684570977304702 ], [ 7.265379587232891, 44.684722388422713 ], [ 7.265678837578215, 44.684803454645596 ], [ 7.265899913655216, 44.68488783397234 ], [ 7.266042885380305, 44.684853995864742 ], [ 7.266585170529511, 44.684772206473426 ], [ 7.266830469156083, 44.684771429187933 ], [ 7.267098282395779, 44.684703475286518 ], [ 7.267644547890725, 44.684567727020053 ], [ 7.268058820441578, 44.684547004852796 ], [ 7.268083748456339, 44.684385340236823 ], [ 7.268764602263565, 44.684166105526849 ], [ 7.26932689387809, 44.684008086255524 ], [ 7.270138860379448, 44.683768324737088 ], [ 7.270502870080723, 44.683872865413797 ], [ 7.270773878045052, 44.683962492848018 ], [ 7.271333009276989, 44.683804415817313 ], [ 7.27138930715697, 44.683926800263421 ], [ 7.271482321816191, 44.683941712037566 ], [ 7.271801281819655, 44.68377099406996 ], [ 7.272009685720075, 44.683724635305182 ], [ 7.272181909376498, 44.683767752409764 ], [ 7.272508920594914, 44.683777201828406 ], [ 7.27312997379406, 44.683552535037848 ], [ 7.27343418616111, 44.683426601321294 ], [ 7.273899879486457, 44.683294105806411 ], [ 7.27402416544388, 44.68305292051263 ], [ 7.273923060586578, 44.682925358782249 ], [ 7.27388993197247, 44.682699798497204 ], [ 7.273903588630884, 44.682465943126573 ], [ 7.274108309174607, 44.682410522453154 ], [ 7.274344907988434, 44.682436604635775 ], [ 7.274799107967622, 44.68242546382394 ], [ 7.275126779985975, 44.682412409777939 ], [ 7.275695027581005, 44.682384983537418 ], [ 7.275700901313836, 44.682187019912199 ], [ 7.27584696115848, 44.681982170936401 ], [ 7.276148501854378, 44.681946213394475 ], [ 7.276685632099748, 44.681850794546691 ], [ 7.276912524457509, 44.68185872014223 ], [ 7.277142875642382, 44.681776673684269 ], [ 7.2775214411094, 44.681642848585042 ], [ 7.27796972834842, 44.681618102377016 ], [ 7.278315283581843, 44.681546793421695 ], [ 7.278700001124178, 44.681471572645798 ], [ 7.279063701891242, 44.681373527841281 ], [ 7.279159112634598, 44.681307448055918 ], [ 7.279399938061427, 44.681284070371881 ], [ 7.279764835098091, 44.681145530643711 ], [ 7.280082516913871, 44.681136813031564 ], [ 7.280472988198013, 44.681133691990226 ], [ 7.280689268096055, 44.681033421678073 ], [ 7.28076590989205, 44.680935549576674 ], [ 7.281150765905285, 44.680788303563489 ], [ 7.281062821731813, 44.680602430756331 ], [ 7.281236984604113, 44.680352986006703 ], [ 7.281440269688666, 44.680252518635591 ], [ 7.282278904146752, 44.680121100535523 ], [ 7.282769634118732, 44.68000695016174 ], [ 7.283156616988856, 44.679787710283918 ], [ 7.283523090440593, 44.679595167903344 ], [ 7.283712174686678, 44.679494482977859 ], [ 7.283286765575085, 44.679132493266806 ], [ 7.28303741471791, 44.678764147259564 ], [ 7.282755994204611, 44.678413323119564 ], [ 7.282253754092475, 44.677676574905441 ], [ 7.281891810642636, 44.677716140884314 ], [ 7.280703501978795, 44.678166377067541 ], [ 7.280555296740956, 44.678204655967853 ], [ 7.28032562439619, 44.678304724362789 ], [ 7.279923868461683, 44.678343684441721 ], [ 7.279273438248508, 44.678657969535344 ], [ 7.279239317586752, 44.678905020859176 ], [ 7.279158396969476, 44.67920087991434 ], [ 7.278988284911891, 44.679139800373619 ], [ 7.278741570352464, 44.679122577692581 ], [ 7.278613406825049, 44.679296191952233 ], [ 7.278702018963819, 44.679459570795181 ], [ 7.278579406216866, 44.679552247245148 ], [ 7.27824518825014, 44.679560711314522 ], [ 7.277837735071784, 44.679671597183642 ], [ 7.277454647806133, 44.679652314657019 ], [ 7.277237699705831, 44.679761571160199 ], [ 7.27700930015613, 44.679911165157918 ], [ 7.276883674490999, 44.679985789546052 ], [ 7.276734251201798, 44.680078059378879 ], [ 7.276477655272059, 44.680128200526688 ], [ 7.275941617210828, 44.680147114674746 ], [ 7.275129838483514, 44.680157359758844 ], [ 7.274882855651141, 44.679870053224278 ], [ 7.274623477188146, 44.679668081458175 ], [ 7.274243972729849, 44.679860398278699 ], [ 7.273665199763687, 44.679977681988824 ], [ 7.272877343671232, 44.680204329920244 ], [ 7.272291467442165, 44.680307995630166 ], [ 7.27176796949039, 44.68048912278929 ], [ 7.27127255059042, 44.680468119119404 ], [ 7.270898700140159, 44.680363431817433 ], [ 7.270476057930162, 44.68037503515599 ], [ 7.269856915844723, 44.680536699918719 ], [ 7.269517845478174, 44.680720611314925 ], [ 7.268652885320074, 44.681112605422847 ], [ 7.26835754257914, 44.681112627643245 ], [ 7.268078539707204, 44.681040877920751 ], [ 7.267829123056837, 44.680915562098143 ], [ 7.267510824357657, 44.680852217192466 ], [ 7.267278974636952, 44.681010741702956 ], [ 7.267045379592558, 44.681227754715742 ], [ 7.266826930615542, 44.681386481694489 ], [ 7.266485844304512, 44.681637871291926 ], [ 7.266311753708868, 44.681644230315861 ], [ 7.266099340317924, 44.681613997578282 ], [ 7.265834680515296, 44.681695500638831 ], [ 7.265509619184825, 44.681528520081535 ], [ 7.265430856249794, 44.681630850880865 ], [ 7.26522862534108, 44.681695296196963 ], [ 7.264799089894304, 44.681765289227656 ], [ 7.264370760975778, 44.681808291845108 ], [ 7.263982644165735, 44.681838400716984 ], [ 7.263608335856337, 44.681841711136393 ], [ 7.263260283389084, 44.681876928041468 ], [ 7.262763870159371, 44.681954898468206 ], [ 7.262374540988867, 44.682025494124503 ], [ 7.261997944140647, 44.682105284646134 ], [ 7.261447517979779, 44.682209434258652 ], [ 7.260561216152187, 44.682375982490782 ], [ 7.260239307096075, 44.682420590844217 ], [ 7.260057886043204, 44.682210771557997 ], [ 7.259906071061845, 44.681947388928201 ], [ 7.259652306677824, 44.681506905738892 ], [ 7.259451339668746, 44.681094233985291 ], [ 7.25945928961293, 44.680828784978743 ], [ 7.25949350703211, 44.68058174115324 ], [ 7.259431352924653, 44.68041875079404 ], [ 7.259006265258645, 44.680353754132227 ], [ 7.258876625405222, 44.680666860546175 ], [ 7.258840113838804, 44.680990389423606 ], [ 7.258594974145558, 44.681315237618684 ], [ 7.258303562127497, 44.681499842536006 ], [ 7.257898837596893, 44.681768240400352 ], [ 7.257527142604893, 44.681960620689033 ], [ 7.256783336848327, 44.682372378397936 ], [ 7.256217473409531, 44.682687822936778 ], [ 7.255723327809021, 44.683031367462114 ], [ 7.255410821346373, 44.683130120090354 ], [ 7.255177038872485, 44.683351607036329 ], [ 7.254893553045761, 44.683455302923598 ], [ 7.254649946986161, 44.683478586362533 ], [ 7.254557748661776, 44.683751749366365 ], [ 7.254599241751471, 44.684103476317624 ], [ 7.25474849930136, 44.68425429713561 ], [ 7.254992180713054, 44.684465076380363 ], [ 7.255084511745443, 44.684660038555535 ], [ 7.255041774081708, 44.684861938803614 ], [ 7.255380388913292, 44.684826602783197 ], [ 7.255324514109025, 44.685361390205138 ], [ 7.255655883572111, 44.685343947401662 ], [ 7.256368846372467, 44.685291821176151 ], [ 7.25740202908892, 44.685199566482311 ], [ 7.258071083153986, 44.685164764192876 ], [ 7.25890016280175, 44.685132398405791 ], [ 7.259655950863176, 44.685085405880706 ] ] ] ] } },
{ "type": "Feature", "properties": { "fid": 7 }, "geometry": { "type": "MultiPolygon", "coordinates": [ [ [ [ 7.453636545198218, 44.702992335173114 ], [ 7.453433729941568, 44.702327914882709 ], [ 7.452860654353493, 44.700222601165898 ], [ 7.452965833266436, 44.699827922326747 ], [ 7.453173477898734, 44.699110546435769 ], [ 7.45327526702713, 44.698828350871686 ], [ 7.453377924357887, 44.698528162234112 ], [ 7.453334803024533, 44.698370036747363 ], [ 7.453149768885129, 44.698223492335529 ], [ 7.452998237944843, 44.698018886173614 ], [ 7.453001833033052, 44.697883899398249 ], [ 7.453072557319909, 44.697583278335486 ], [ 7.453052997670412, 44.697132895015891 ], [ 7.452989451159755, 44.696852960681333 ], [ 7.452147680410063, 44.69679654080889 ], [ 7.451456684065518, 44.696751162022494 ], [ 7.451887911143686, 44.698255903553573 ], [ 7.451627906726947, 44.699265144003199 ], [ 7.451571834843625, 44.699592969879234 ], [ 7.451467156922509, 44.699983153059065 ], [ 7.451286616615038, 44.700259777644824 ], [ 7.451011123308965, 44.700562120915976 ], [ 7.45086333498225, 44.700794177309831 ], [ 7.450857934340012, 44.700996657163401 ], [ 7.450943927182078, 44.701321908821086 ], [ 7.45096762986856, 44.701601303555925 ], [ 7.451038331652619, 44.701908342944819 ], [ 7.451144149203495, 44.702067319693626 ], [ 7.451129509334225, 44.70261626500654 ], [ 7.451201971509657, 44.702842306899285 ], [ 7.451468488365438, 44.70287742998913 ], [ 7.451815897066228, 44.702837129255421 ], [ 7.452049298218561, 44.702930317295845 ], [ 7.452171372857183, 44.703071508747286 ], [ 7.452315869041342, 44.703555093572106 ], [ 7.452712594049439, 44.704595741364237 ], [ 7.453001496269552, 44.705567409143804 ], [ 7.453034162679555, 44.706103491789762 ], [ 7.452994344282996, 44.706413533500516 ], [ 7.453174477871221, 44.706744559821566 ], [ 7.453568166758084, 44.707308038347676 ], [ 7.453979704583326, 44.707808740686218 ], [ 7.454329500677287, 44.708272596316881 ], [ 7.45485068085603, 44.708774779619965 ], [ 7.45531435165637, 44.709096135524433 ], [ 7.455854687845295, 44.709427528702221 ], [ 7.456832705256347, 44.708788080569256 ], [ 7.456095484621338, 44.708116441825588 ], [ 7.455467710684544, 44.707468784675235 ], [ 7.455168332673074, 44.7068885840403 ], [ 7.453984564401248, 44.704099836682772 ], [ 7.453636545198218, 44.702992335173114 ] ] ] ] } },
{ "type": "Feature", "properties": { "fid": 8 }, "geometry": { "type": "MultiPolygon", "coordinates": [ [ [ [ 7.577744815054845, 44.816225350537309 ], [ 7.57823001354363, 44.815443698404749 ], [ 7.578850860634808, 44.814578186968632 ], [ 7.578924891976997, 44.814444076669943 ], [ 7.579028853781085, 44.814346346540205 ], [ 7.579047081763767, 44.814297052314039 ], [ 7.579009583535106, 44.814166052155926 ], [ 7.578853744782757, 44.813623968465244 ], [ 7.578695145012012, 44.813194387837385 ], [ 7.578362829332157, 44.812533087001832 ], [ 7.57817722509655, 44.812238182319106 ], [ 7.577880450816131, 44.81177087268577 ], [ 7.577649588481349, 44.811234221618278 ], [ 7.577482158953358, 44.811315449941084 ], [ 7.577148089239352, 44.811545344817127 ], [ 7.576818397830682, 44.811838308694817 ], [ 7.57631028347866, 44.812219069099392 ], [ 7.576060119578828, 44.812427501398865 ], [ 7.575806863134473, 44.812649397871311 ], [ 7.575683152922688, 44.812778386694873 ], [ 7.575558025252895, 44.812916359899347 ], [ 7.57544333542998, 44.813031957685894 ], [ 7.57536731458853, 44.813166042225539 ], [ 7.575352490566084, 44.813206367170586 ], [ 7.575362217755464, 44.813260501736956 ], [ 7.575434139201622, 44.813405434265938 ], [ 7.575533067342369, 44.813496690466785 ], [ 7.57561304880127, 44.813619217929038 ], [ 7.575599945355305, 44.813718078664287 ], [ 7.575471118078483, 44.813797491303831 ], [ 7.575194871071036, 44.813861561050821 ], [ 7.574592142571881, 44.813894548351371 ], [ 7.57418579158519, 44.813848965030573 ], [ 7.573979786886414, 44.8138688979408 ], [ 7.573072846687981, 44.813929585237489 ], [ 7.572252629726712, 44.81406336734257 ], [ 7.571985093772873, 44.81407802614607 ], [ 7.571570046962514, 44.814144852246777 ], [ 7.571233559224102, 44.814199156573565 ], [ 7.571305674033479, 44.81444761938149 ], [ 7.571314825822379, 44.814749307529276 ], [ 7.571417860045859, 44.81510618348122 ], [ 7.57156213602754, 44.815409562083666 ], [ 7.571777619008713, 44.815646314708765 ], [ 7.572222699629292, 44.815980461168394 ], [ 7.572596634638054, 44.816219193448703 ], [ 7.57313755083366, 44.816514024435342 ], [ 7.573389224557507, 44.816629696587199 ], [ 7.574493498462277, 44.817111602272384 ], [ 7.575132253627272, 44.817398642991805 ], [ 7.575312743418967, 44.817468411603535 ], [ 7.575776713267611, 44.817694753470782 ], [ 7.576586116060371, 44.817986258164716 ], [ 7.577744815054845, 44.816225350537309 ] ] ], [ [ [ 7.579124809694572, 44.810715076201816 ], [ 7.579287786810736, 44.810726756214358 ], [ 7.579212841615797, 44.810715845989641 ], [ 7.579065918899866, 44.810696013319216 ], [ 7.578968212435853, 44.810667790772058 ], [ 7.57896124697928, 44.810673491784705 ], [ 7.579124809694572, 44.810715076201816 ] ] ], [ [ [ 7.579591130948763, 44.810747889084652 ], [ 7.579622738877264, 44.810736246300756 ], [ 7.579530215858892, 44.810743751376826 ], [ 7.579591130948763, 44.810747889084652 ] ] ], [ [ [ 7.579721131242207, 44.810700003375658 ], [ 7.579818157164632, 44.81061118313567 ], [ 7.579886176932904, 44.810594016458154 ], [ 7.580038153222109, 44.810600424290556 ], [ 7.580330833736786, 44.810671579477393 ], [ 7.580670480196869, 44.810761313584848 ], [ 7.580963714057426, 44.810809981603541 ], [ 7.581136802856143, 44.81079412017133 ], [ 7.581140937428225, 44.810793063008362 ], [ 7.581009963605037, 44.810805710061281 ], [ 7.580637151948265, 44.810747063181566 ], [ 7.580351022527793, 44.810666987333462 ], [ 7.579996142217157, 44.810586055788555 ], [ 7.579831179306076, 44.810593006363185 ], [ 7.579740181597551, 44.810677395471146 ], [ 7.579667630039942, 44.810719710612823 ], [ 7.579721131242207, 44.810700003375658 ] ] ], [ [ [ 7.581371839624221, 44.810734023647015 ], [ 7.581471085982407, 44.810699250124003 ], [ 7.581648435802768, 44.810638436204741 ], [ 7.581785166303256, 44.810590631759339 ], [ 7.58185382231447, 44.81054646199587 ], [ 7.581944852951644, 44.810412561706102 ], [ 7.582010018071024, 44.810381861945167 ], [ 7.582095656979734, 44.810337921884397 ], [ 7.582093175592827, 44.810331238672561 ], [ 7.582090050702885, 44.810337509590198 ], [ 7.581971213049206, 44.810381044844448 ], [ 7.581915488328096, 44.810429864917666 ], [ 7.581825659750454, 44.81056378233589 ], [ 7.581722111901134, 44.810612008332072 ], [ 7.581542902428519, 44.810668296546112 ], [ 7.581359617155194, 44.810729034941581 ], [ 7.581249239018079, 44.81076537145843 ], [ 7.581371839624221, 44.810734023647015 ] ] ], [ [ [ 7.582045846658412, 44.810161747045449 ], [ 7.582250457408828, 44.81010127168198 ], [ 7.583602746191561, 44.809748969450169 ], [ 7.583667311830284, 44.809710096553935 ], [ 7.58365679912604, 44.809699793490147 ], [ 7.583579343314906, 44.80974834482452 ], [ 7.582320456466223, 44.81007930655587 ], [ 7.58214121655826, 44.810104087618889 ], [ 7.582034019673936, 44.810156769692874 ], [ 7.582051389023304, 44.810238005235142 ], [ 7.582064395333378, 44.810248358971513 ], [ 7.582045846658412, 44.810161747045449 ] ] ] ] } },
{ "type": "Feature", "properties": { "fid": 9 }, "geometry": { "type": "MultiPolygon", "coordinates": [ [ [ [ 7.594160212825036, 44.807295782479677 ], [ 7.59456788472629, 44.807561867463129 ], [ 7.594827669302227, 44.807767613507004 ], [ 7.595422658325715, 44.80775694068253 ], [ 7.595695689717929, 44.80803486135742 ], [ 7.596050590873574, 44.808457836188396 ], [ 7.596282327964926, 44.808532718397444 ], [ 7.596862379222268, 44.809088991580538 ], [ 7.5967310863594, 44.809875074025079 ], [ 7.595784027682914, 44.810435082256426 ], [ 7.595643409291491, 44.810514382876939 ], [ 7.595428436478748, 44.810732041883085 ], [ 7.595439772778567, 44.810790574236144 ], [ 7.59536130634535, 44.810978655295166 ], [ 7.59521792451767, 44.811219950893403 ], [ 7.595161225406847, 44.811390295191586 ], [ 7.595102375480824, 44.811632630620188 ], [ 7.595094399226434, 44.811961112892327 ], [ 7.595142214244404, 44.81217325295615 ], [ 7.595272425673699, 44.812458424309 ], [ 7.595364251567181, 44.812599088077029 ], [ 7.595411119554011, 44.812833721859988 ], [ 7.59535485630439, 44.81298606716777 ], [ 7.595082560206561, 44.813311297494238 ], [ 7.595062323437178, 44.813380206437166 ], [ 7.595174834205277, 44.813501896569718 ], [ 7.595258417579008, 44.81354344927157 ], [ 7.595357977444893, 44.813625686650845 ], [ 7.595396713300873, 44.813707192690806 ], [ 7.595380105145314, 44.813837521806008 ], [ 7.595324120054013, 44.814043878445645 ], [ 7.595273866844158, 44.814160297194071 ], [ 7.595233942313992, 44.814420871915942 ], [ 7.595230116255625, 44.814578367186684 ], [ 7.595228077112836, 44.814938432323828 ], [ 7.595273739918016, 44.815011008656171 ], [ 7.595374093560659, 44.815061764588975 ], [ 7.59542591611447, 44.81515692797015 ], [ 7.595457533883011, 44.815238329286842 ], [ 7.595426610439451, 44.815404507021263 ], [ 7.595470442465255, 44.815553573663863 ], [ 7.595569022076983, 44.815676322030669 ], [ 7.595698574337735, 44.815776939999658 ], [ 7.596049093299999, 44.815974801282451 ], [ 7.596196533087719, 44.816039631901184 ], [ 7.596388249473152, 44.816087011899469 ], [ 7.596587026876426, 44.816120964028151 ], [ 7.596793008492607, 44.81615048787576 ], [ 7.597042467928063, 44.816180563686551 ], [ 7.597183940791098, 44.816213810515947 ], [ 7.59718351232469, 44.816231471300519 ], [ 7.597283101047758, 44.81624606193963 ], [ 7.597704782359242, 44.816296252389208 ], [ 7.598041194192888, 44.816358897659775 ], [ 7.598290941374377, 44.816474491260792 ], [ 7.598420787502065, 44.816629122499727 ], [ 7.598583709691249, 44.816788660643788 ], [ 7.59865832493359, 44.81690660494143 ], [ 7.598767572109608, 44.816997967601139 ], [ 7.598933002955847, 44.817054010777376 ], [ 7.599220528558493, 44.817111551608939 ], [ 7.599606388408634, 44.817237814231014 ], [ 7.599995924692166, 44.817310107453373 ], [ 7.600389256706248, 44.817323931604896 ], [ 7.600653071931958, 44.817381178192583 ], [ 7.600917008020733, 44.817433924553555 ], [ 7.601157819817261, 44.81744587713866 ], [ 7.601472020443514, 44.817413717134642 ], [ 7.60164193410761, 44.817366286046074 ], [ 7.601812109259607, 44.817291851320938 ], [ 7.602041710801039, 44.817276658185293 ], [ 7.602365706758923, 44.817330136497624 ], [ 7.602809342801014, 44.817421086687439 ], [ 7.603109301026802, 44.817487772044139 ], [ 7.603324640843958, 44.817539918314722 ], [ 7.603492923940087, 44.817559980987348 ], [ 7.6036261210262, 44.817543605565518 ], [ 7.603711913680845, 44.81747713824533 ], [ 7.603761956856506, 44.817401231526617 ], [ 7.603859676526127, 44.817348413228991 ], [ 7.604113316872704, 44.81732000655645 ], [ 7.605019034580086, 44.817245554419081 ], [ 7.605730507939136, 44.817227237662181 ], [ 7.606669424984044, 44.817283709642211 ], [ 7.60740382251887, 44.817315174258802 ], [ 7.607776345689954, 44.817355725751369 ], [ 7.607956059224532, 44.817393925603234 ], [ 7.608195237178591, 44.817473359885078 ], [ 7.608578636958772, 44.817653575354257 ], [ 7.608541568593688, 44.817338046817603 ], [ 7.60862067912254, 44.816825885691365 ], [ 7.60861806346486, 44.816474768165776 ], [ 7.608657524971232, 44.816214185310791 ], [ 7.608786435604544, 44.815932186817115 ], [ 7.608770585605862, 44.815670929973003 ], [ 7.608776862047383, 44.815409942707028 ], [ 7.608848934019417, 44.815190266955227 ], [ 7.608854452560727, 44.814960778126029 ], [ 7.608847615280325, 44.814785151946644 ], [ 7.608752412720873, 44.814585943632729 ], [ 7.6086446690905, 44.814431593416032 ], [ 7.608538627052163, 44.814223250630853 ], [ 7.608509437008191, 44.814056354214273 ], [ 7.608482898284453, 44.813763459290321 ], [ 7.608545091083979, 44.813494151171362 ], [ 7.608999621901674, 44.813328647390179 ], [ 7.608896056408207, 44.813115833967892 ], [ 7.608777380377511, 44.812758801107286 ], [ 7.608638534924666, 44.812270990396385 ], [ 7.608574018914093, 44.812045149161627 ], [ 7.608544869136821, 44.81158118046757 ], [ 7.608538792106692, 44.811275031476235 ], [ 7.608431035031446, 44.811269217182485 ], [ 7.607240659396528, 44.81115567954236 ], [ 7.606895095945039, 44.811556563193804 ], [ 7.606746431744393, 44.811509738297119 ], [ 7.606012995828282, 44.811392760237297 ], [ 7.605407846824505, 44.811281845475911 ], [ 7.605293495815103, 44.811221934459518 ], [ 7.605237763226051, 44.811140233858772 ], [ 7.605264911278824, 44.81096502248316 ], [ 7.605294185398452, 44.810717819425697 ], [ 7.605486934289901, 44.809918977308563 ], [ 7.605492465149174, 44.809689488594678 ], [ 7.605402834928599, 44.809571365237154 ], [ 7.604741308485756, 44.809144681080518 ], [ 7.604024594577351, 44.808613792979571 ], [ 7.603263419448601, 44.808010338807186 ], [ 7.602743209815507, 44.807967965407101 ], [ 7.602304912599009, 44.807904086810709 ], [ 7.601670038019772, 44.807815293832689 ], [ 7.600844430631636, 44.808439835927302 ], [ 7.600467545774809, 44.808255172968394 ], [ 7.6000590858899, 44.808542737581909 ], [ 7.600236687114177, 44.808666444714959 ], [ 7.599984582892981, 44.808861402497136 ], [ 7.6004107814796, 44.809213212330818 ], [ 7.599601099796213, 44.80976592283713 ], [ 7.599213836847381, 44.809455097604371 ], [ 7.598948508324973, 44.809640888630867 ], [ 7.598092672232561, 44.810157013240755 ], [ 7.598036000686282, 44.810016783245764 ], [ 7.597630183524553, 44.809917276684061 ], [ 7.59719636054963, 44.809880440058329 ], [ 7.597223345096109, 44.809826758337621 ], [ 7.597256989509657, 44.809759655117261 ], [ 7.597319208883911, 44.80958937754388 ], [ 7.597325208392652, 44.80934189056326 ], [ 7.597296441847726, 44.809093976489862 ], [ 7.597210038581355, 44.80882734991004 ], [ 7.597073766258892, 44.808726651388902 ], [ 7.596960738354297, 44.808612735011195 ], [ 7.596906920624027, 44.80843653065476 ], [ 7.596831059656065, 44.808224046553896 ], [ 7.596706695601804, 44.808105489504136 ], [ 7.596532654984586, 44.807981820633245 ], [ 7.596393271756618, 44.807944098511108 ], [ 7.596204814641788, 44.807779741980553 ], [ 7.596103529968741, 44.807670470214234 ], [ 7.595911201606077, 44.807470056756564 ], [ 7.595729465306902, 44.80717525003012 ], [ 7.59544169566743, 44.806901644273914 ], [ 7.595337265025937, 44.806792333114174 ], [ 7.594766866239769, 44.806294694278492 ], [ 7.594616307744387, 44.806441377773055 ], [ 7.593744020520139, 44.807065294088353 ], [ 7.593207365606255, 44.806757109482469 ], [ 7.592725102135706, 44.806584625870279 ], [ 7.592396941039764, 44.806526567659006 ], [ 7.592275318641065, 44.806507063867826 ], [ 7.5911548863317, 44.806398721788248 ], [ 7.590171808977328, 44.806346077983818 ], [ 7.589661488422317, 44.806384786952954 ], [ 7.588165924081665, 44.806978454995743 ], [ 7.587041189843476, 44.807450661874981 ], [ 7.586958016033361, 44.807539654705288 ], [ 7.586743333521725, 44.807802562929211 ], [ 7.586583526756687, 44.807922114693774 ], [ 7.586881027497117, 44.807795264885875 ], [ 7.587041100778591, 44.807729729253353 ], [ 7.587243212093629, 44.807673715735937 ], [ 7.587785845794016, 44.807509386314358 ], [ 7.589005808803749, 44.807312916302777 ], [ 7.589768033123256, 44.807250315077702 ], [ 7.590489422954409, 44.807128690333776 ], [ 7.590860664961402, 44.807056753650556 ], [ 7.591336788554421, 44.807026619658224 ], [ 7.591939390826704, 44.807011546742515 ], [ 7.592242025122011, 44.807046786025708 ], [ 7.592378106708122, 44.80705746589036 ], [ 7.592540034355758, 44.807077466391597 ], [ 7.592865565492951, 44.807162498406392 ], [ 7.593190003658302, 44.807292527074289 ], [ 7.593345463036419, 44.807415972149379 ], [ 7.593419591855916, 44.807461953866401 ], [ 7.594160212825036, 44.807295782479677 ] ] ] ] } },
{ "type": "Feature", "properties": { "fid": 10 }, "geometry": { "type": "MultiPolygon", "coordinates": [ [ [ [ 7.49140890032257, 44.764141344883591 ], [ 7.491542319616271, 44.764098084525308 ], [ 7.491740373115652, 44.763983662916488 ], [ 7.492030139097336, 44.763834463152158 ], [ 7.492249588943285, 44.763702310267909 ], [ 7.492473042315758, 44.763597237754581 ], [ 7.492726295019738, 44.763501556046428 ], [ 7.492889126235211, 44.76344968530455 ], [ 7.493033878794431, 44.763456094143507 ], [ 7.493098081800898, 44.763492967245334 ], [ 7.493167154842284, 44.763570392027965 ], [ 7.493201677292464, 44.763669872308583 ], [ 7.493189633113323, 44.763768738128952 ], [ 7.493150753782554, 44.76383574139814 ], [ 7.493030955614587, 44.763978208137878 ], [ 7.492973319977697, 44.764053960833152 ], [ 7.492954782927256, 44.76414374392278 ], [ 7.492965911428685, 44.764202409170714 ], [ 7.493061288425714, 44.764239675691307 ], [ 7.493165645704355, 44.764250049793311 ], [ 7.493273556674375, 44.764291980033143 ], [ 7.493352037629911, 44.764356032412167 ], [ 7.493543332801193, 44.764637636350606 ], [ 7.493708699207055, 44.764792862377583 ], [ 7.49384408326171, 44.764947693613344 ], [ 7.493997171240689, 44.765134266610787 ], [ 7.494058686148537, 44.765274608040173 ], [ 7.494111758726349, 44.765374332654766 ], [ 7.494167115332877, 44.765523609625049 ], [ 7.494201432002991, 44.765632083873186 ], [ 7.49425088144551, 44.765749773565581 ], [ 7.494295070808294, 44.765826869526464 ], [ 7.494335423809203, 44.765975947672644 ], [ 7.494301791986537, 44.766070030430363 ], [ 7.494219187439887, 44.766163467417741 ], [ 7.494089995534588, 44.766211267132711 ], [ 7.493934831936466, 44.766240730151452 ], [ 7.493798333097096, 44.766265939744024 ], [ 7.49375283310319, 44.766314842940687 ], [ 7.493697568653958, 44.766435650096682 ], [ 7.493656607548121, 44.766583655831262 ], [ 7.493647874089937, 44.766691562333015 ], [ 7.493668953720277, 44.766822374428713 ], [ 7.493703126166318, 44.766935364309376 ], [ 7.494549831206557, 44.766888010671131 ], [ 7.494935618022024, 44.766478984278301 ], [ 7.49574073888548, 44.766831689935017 ], [ 7.495997563294927, 44.766947593909492 ], [ 7.496108340692797, 44.766985059814175 ], [ 7.496261363645784, 44.766901564703332 ], [ 7.496627855530574, 44.766748846268236 ], [ 7.496919006506164, 44.766622145817649 ], [ 7.497110146726272, 44.766561643799953 ], [ 7.497278286234771, 44.766518833703152 ], [ 7.497517467240885, 44.766828071011666 ], [ 7.497850535993726, 44.767156537812518 ], [ 7.498125300087926, 44.767403224134135 ], [ 7.498316584719455, 44.767549769320951 ], [ 7.498598934215998, 44.767778541325512 ], [ 7.498882879603845, 44.767930820333135 ], [ 7.49932606828014, 44.768094189368107 ], [ 7.499807058782743, 44.768186019633454 ], [ 7.50028629726789, 44.768070796463633 ], [ 7.500958941012627, 44.767791551347806 ], [ 7.501824034851251, 44.767262757994722 ], [ 7.502640540621631, 44.766809833300755 ], [ 7.503588770840405, 44.766012052227858 ], [ 7.503981826160244, 44.765670605700976 ], [ 7.504366276072187, 44.765662146117045 ], [ 7.504686155356989, 44.7659363995676 ], [ 7.504974331185071, 44.766399307541441 ], [ 7.505282007790022, 44.767528634110356 ], [ 7.505561893138188, 44.768986179420757 ], [ 7.505603751332131, 44.769522375059189 ], [ 7.505512179199622, 44.770178342548377 ], [ 7.505103835779588, 44.771172279194779 ], [ 7.504470631721083, 44.772064226824185 ], [ 7.504308633255136, 44.772557228295391 ], [ 7.504272060376521, 44.772871836080348 ], [ 7.504466912290459, 44.773324507428036 ], [ 7.50469659426459, 44.773530063046472 ], [ 7.504942386337725, 44.773785351338482 ], [ 7.505245117456578, 44.773807327385718 ], [ 7.505592850816109, 44.773937913205486 ], [ 7.50592325321873, 44.774113276017488 ], [ 7.506267276057245, 44.774387858666934 ], [ 7.506330597914361, 44.773479433511326 ], [ 7.506383709642349, 44.772890478889927 ], [ 7.506431180463461, 44.771968349709532 ], [ 7.506498932797212, 44.770888942605922 ], [ 7.506503574912035, 44.770708966878999 ], [ 7.50620949025416, 44.770718615725556 ], [ 7.506360422234839, 44.770410001568884 ], [ 7.506466395721147, 44.770235849709628 ], [ 7.506614701957274, 44.770273797162815 ], [ 7.506862175984032, 44.770295027333859 ], [ 7.507191745363919, 44.770317349118208 ], [ 7.507483179761223, 44.770348168531314 ], [ 7.50766307763479, 44.770386527529276 ], [ 7.507786061709431, 44.770487159389127 ], [ 7.50793388522894, 44.770727664702861 ], [ 7.508364159634424, 44.771471482487875 ], [ 7.508673052764961, 44.772051671017131 ], [ 7.509287760929399, 44.771983165212909 ], [ 7.509650016722488, 44.771978896694101 ], [ 7.509827962563187, 44.771985717483517 ], [ 7.510076336341911, 44.772078986094549 ], [ 7.510286804981136, 44.772171759671224 ], [ 7.510554219545463, 44.772323775978968 ], [ 7.510841673183843, 44.772633614898652 ], [ 7.511030271115919, 44.772901639795549 ], [ 7.511125747850014, 44.773073942106926 ], [ 7.511180652551841, 44.773227684448997 ], [ 7.511207847774256, 44.773399096413598 ], [ 7.511190608901654, 44.773515891215965 ], [ 7.511144801888973, 44.773699847775703 ], [ 7.511060816526157, 44.773878808007979 ], [ 7.510892928085357, 44.774034161754635 ], [ 7.510757798403599, 44.774113411248727 ], [ 7.510451680281604, 44.774221957591635 ], [ 7.510212292302845, 44.774331355715937 ], [ 7.510013733676688, 44.774450301097573 ], [ 7.509903120643907, 44.774543383872356 ], [ 7.509809586025614, 44.774663699320755 ], [ 7.5097410752729, 44.77479333826944 ], [ 7.509621479383212, 44.775066339868715 ], [ 7.509391900109077, 44.775531475324605 ], [ 7.509286014500196, 44.77570113239409 ], [ 7.509272605515635, 44.77585400265734 ], [ 7.509250801095796, 44.776132796917189 ], [ 7.509219145497655, 44.776258419052141 ], [ 7.509142507021924, 44.776396948489406 ], [ 7.509067722166326, 44.776463488278054 ], [ 7.508938697048511, 44.776596835972022 ], [ 7.508743558632155, 44.776720322236308 ], [ 7.508630475591854, 44.776786379579633 ], [ 7.508511816433492, 44.776838831571574 ], [ 7.508328959360359, 44.776899460739116 ], [ 7.508212688969586, 44.776920453232123 ], [ 7.508004157798864, 44.776935722770283 ], [ 7.50784970746132, 44.77695171753281 ], [ 7.507893607088131, 44.777348389491593 ], [ 7.507939877332475, 44.777637070817228 ], [ 7.508232676684961, 44.777861457737828 ], [ 7.508633112861435, 44.778109760231075 ], [ 7.509447383595806, 44.778376960367126 ], [ 7.510224060061804, 44.778616653438768 ], [ 7.511139592469855, 44.779078713202701 ], [ 7.512176002574149, 44.779632367310882 ], [ 7.512349122607919, 44.779796665061902 ], [ 7.512378677562429, 44.779815062991474 ], [ 7.512595255591895, 44.780024931290598 ], [ 7.513067343781963, 44.780760277234734 ], [ 7.513368669731558, 44.781592423555914 ], [ 7.513536006037943, 44.78222927340186 ], [ 7.513846126865726, 44.782719435594728 ], [ 7.514222216897414, 44.783025902676869 ], [ 7.514678466487449, 44.783193879562326 ], [ 7.515509535904336, 44.783380243322767 ], [ 7.51662507436919, 44.783579293802966 ], [ 7.517703655958687, 44.783741827881549 ], [ 7.519223536432828, 44.78400911783497 ], [ 7.519904479862541, 44.784103475194371 ], [ 7.5204332141168, 44.784141835730352 ], [ 7.521026397949037, 44.784054994199529 ], [ 7.521796768970184, 44.783911925205096 ], [ 7.522277475352649, 44.783742590510506 ], [ 7.522566949996127, 44.78357529708385 ], [ 7.523151431925171, 44.783209252274645 ], [ 7.523597272339869, 44.782872939243312 ], [ 7.523928782059783, 44.782544125584074 ], [ 7.524232866394587, 44.782345508342864 ], [ 7.524334619807474, 44.782243300295256 ], [ 7.524551500303807, 44.782165072267631 ], [ 7.524561043801588, 44.782084183915572 ], [ 7.524433451053924, 44.781681919564726 ], [ 7.524331163269085, 44.781604084572287 ], [ 7.524174334963861, 44.781480521810032 ], [ 7.524175711802457, 44.7814265198203 ], [ 7.524182524993065, 44.781390119188053 ], [ 7.524156221852913, 44.781480442422158 ], [ 7.523773058696267, 44.78143497913851 ], [ 7.523581489093296, 44.78141899885334 ], [ 7.52340898897372, 44.781430271590743 ], [ 7.52321260796367, 44.781463740816584 ], [ 7.523085781108293, 44.781511612761072 ], [ 7.522985832045036, 44.781496816530449 ], [ 7.522992143240579, 44.781249336411705 ], [ 7.522835699822969, 44.78115729015606 ], [ 7.522872133662824, 44.781045233416762 ], [ 7.522825184236572, 44.780950102452948 ], [ 7.522701169718028, 44.780871978908245 ], [ 7.52251746998969, 44.780811087424794 ], [ 7.52226669895169, 44.780762831001326 ], [ 7.521824763721674, 44.780698596039201 ], [ 7.521389491895055, 44.780620942284024 ], [ 7.521349724672296, 44.780368364390512 ], [ 7.521329473746726, 44.78012504146114 ], [ 7.521296254505744, 44.779863546077912 ], [ 7.52122160297642, 44.779678033197577 ], [ 7.52111400830943, 44.779483091338108 ], [ 7.520978926676104, 44.779328303448729 ], [ 7.520777510868053, 44.779172656056147 ], [ 7.520601170516104, 44.779071346692852 ], [ 7.520365664038103, 44.778951265862176 ], [ 7.520057517983422, 44.778830243063041 ], [ 7.519735945555735, 44.778709045369503 ], [ 7.519388771833616, 44.7785695102951 ], [ 7.519205141067643, 44.778490609854323 ], [ 7.519009186992179, 44.778384542528535 ], [ 7.51894469387764, 44.778311688002702 ], [ 7.518881972125047, 44.778184842915415 ], [ 7.518820816115319, 44.777981498972466 ], [ 7.518707756234073, 44.777475906233732 ], [ 7.518590785896907, 44.776875738959049 ], [ 7.518457525190552, 44.776387888297286 ], [ 7.518301748689718, 44.776007772306336 ], [ 7.517971775237153, 44.775706415496813 ], [ 7.517714828156378, 44.775653567747952 ], [ 7.517524731457132, 44.775565578374547 ], [ 7.517124524379986, 44.775168783522624 ], [ 7.516549686336307, 44.774589673457882 ], [ 7.51558473632716, 44.77348335857755 ], [ 7.515088069406749, 44.772968273039446 ], [ 7.514348298607343, 44.77210793662023 ], [ 7.514098309032595, 44.772046168969638 ], [ 7.514038805216683, 44.772040893471477 ], [ 7.513810430122292, 44.772168453921097 ], [ 7.513676391581305, 44.772220722747164 ], [ 7.513523346657253, 44.772259240593272 ], [ 7.513364127386145, 44.772261668809122 ], [ 7.513192807730882, 44.772227930203641 ], [ 7.513009145573949, 44.772167023827699 ], [ 7.512865766648484, 44.772075133916964 ], [ 7.512401835473062, 44.772609226116309 ], [ 7.512265945923909, 44.772733487231243 ], [ 7.512166389056293, 44.772750194521961 ], [ 7.511981284275598, 44.77272977786059 ], [ 7.51180927060812, 44.772723034910719 ], [ 7.511665094603864, 44.772662641015074 ], [ 7.51154242822417, 44.772548513786184 ], [ 7.511394898382284, 44.772357543078563 ], [ 7.511208219046924, 44.772152558329424 ], [ 7.511071633911388, 44.772042750229922 ], [ 7.510896069749677, 44.771927932494854 ], [ 7.510706701255437, 44.771812934435637 ], [ 7.510669297666892, 44.771731426231092 ], [ 7.510559439336887, 44.771626467250556 ], [ 7.510330702799489, 44.771506453888705 ], [ 7.510199439638484, 44.771450727727412 ], [ 7.510028818629467, 44.771389986704747 ], [ 7.50993909520863, 44.771285289863478 ], [ 7.509778543802886, 44.770833081539337 ], [ 7.509612317925023, 44.770340288711999 ], [ 7.509198559435325, 44.769430159901951 ], [ 7.509141837442662, 44.769316891014356 ], [ 7.509052538758245, 44.769180691066211 ], [ 7.508982793865466, 44.769067252045112 ], [ 7.508841281766085, 44.768903363304155 ], [ 7.508649085083808, 44.76865329088389 ], [ 7.508592596524117, 44.768531022494095 ], [ 7.508588553399851, 44.768427443644924 ], [ 7.508606726986058, 44.7682431346012 ], [ 7.508664719386283, 44.768045842236219 ], [ 7.508678142990454, 44.767784951875015 ], [ 7.508666918236711, 44.767699283747383 ], [ 7.5085785495721, 44.767527086477706 ], [ 7.508456606380203, 44.767385958488873 ], [ 7.508367543833037, 44.767240758781377 ], [ 7.508245663147796, 44.767081626844814 ], [ 7.508202485933889, 44.766964033273183 ], [ 7.50819902273906, 44.766837956294061 ], [ 7.508222007263203, 44.766712224854182 ], [ 7.508239370489548, 44.766559413164764 ], [ 7.508249320493212, 44.766433511419109 ], [ 7.508235444149541, 44.766190268906691 ], [ 7.508212124230555, 44.766068433618841 ], [ 7.508196090163918, 44.765924187845201 ], [ 7.508234572387593, 44.765717638449146 ], [ 7.508346627340907, 44.765476041127769 ], [ 7.508553584637893, 44.764907100518428 ], [ 7.508091296642592, 44.764856049796563 ], [ 7.507913979232611, 44.764795218055767 ], [ 7.507710678871656, 44.764716041919414 ], [ 7.50737618834633, 44.764594640312488 ], [ 7.506908820601952, 44.764480502504362 ], [ 7.506810088117345, 44.76446570798317 ], [ 7.506493153054609, 44.765195247842868 ], [ 7.506057207256492, 44.765149034574719 ], [ 7.506033850240533, 44.76452307123828 ], [ 7.506038596707821, 44.763573393783808 ], [ 7.504354276634055, 44.763411808330765 ], [ 7.504494717103298, 44.76285100585563 ], [ 7.504548217384555, 44.762568134982807 ], [ 7.504678569428252, 44.762137733039253 ], [ 7.504681703939587, 44.762016243395948 ], [ 7.504593819816573, 44.761826044683438 ], [ 7.504414612007753, 44.761594139512468 ], [ 7.504303506583282, 44.761538670517432 ], [ 7.504151603452637, 44.761518676042847 ], [ 7.504013472452104, 44.761485358395568 ], [ 7.503955269610026, 44.761430582169687 ], [ 7.50393067125305, 44.761358241674529 ], [ 7.503971543350953, 44.761304763548921 ], [ 7.503979875401879, 44.761241856793966 ], [ 7.503876882392952, 44.761132480021153 ], [ 7.50381948163473, 44.761046206270194 ], [ 7.503795708181567, 44.760942368587564 ], [ 7.503792835377218, 44.760793793400659 ], [ 7.503783170926995, 44.760663133764737 ], [ 7.503704786090487, 44.760518070182826 ], [ 7.503582097904752, 44.760421938447401 ], [ 7.503453538386044, 44.760339233038863 ], [ 7.503236773603423, 44.760277876957495 ], [ 7.503059379764251, 44.760266549150643 ], [ 7.502866134252906, 44.760273017776058 ], [ 7.502758832884539, 44.760330125596212 ], [ 7.502744026217387, 44.760383945093942 ], [ 7.502829020347404, 44.760425569828868 ], [ 7.502953313126432, 44.760490215446225 ], [ 7.503050643233973, 44.760559008580593 ], [ 7.503114632118766, 44.76064987023117 ], [ 7.503065426776018, 44.760766254734015 ], [ 7.502963754386143, 44.760850443364546 ], [ 7.50268873972244, 44.760995374845749 ], [ 7.502514320909753, 44.76108311023031 ], [ 7.502341674212011, 44.761193374277781 ], [ 7.502236239186656, 44.76133152654873 ], [ 7.502163725951339, 44.761326074202309 ], [ 7.502105048397029, 44.761289295353862 ], [ 7.502002354771022, 44.76115291399428 ], [ 7.501952023192385, 44.761053228636293 ], [ 7.50187488637397, 44.760966694970016 ], [ 7.501763679800856, 44.760915723308102 ], [ 7.501665134508387, 44.760878421097566 ], [ 7.501593552523596, 44.760836971507949 ], [ 7.501588358815394, 44.760778388561164 ], [ 7.501622789279178, 44.760729327875453 ], [ 7.50165156063224, 44.760639682677393 ], [ 7.501626976956484, 44.760567341869809 ], [ 7.501549503750909, 44.760494306976341 ], [ 7.501438403223118, 44.760438835247605 ], [ 7.501320364297854, 44.760392274616869 ], [ 7.500941305399196, 44.76019374973913 ], [ 7.500681566953832, 44.759992289321552 ], [ 7.500618333709162, 44.759887932806038 ], [ 7.50058784910086, 44.759784006308777 ], [ 7.500635778135669, 44.759717118619669 ], [ 7.500710541865053, 44.759650583273235 ], [ 7.50087883503505, 44.759540264506278 ], [ 7.501026004160631, 44.759483681837814 ], [ 7.501132479618209, 44.759458072767664 ], [ 7.501257815543899, 44.759482223686803 ], [ 7.501362545802521, 44.75952410857375 ], [ 7.501434527911554, 44.759565563568088 ], [ 7.501506224562925, 44.759602513631954 ], [ 7.501605686692868, 44.759603818910357 ], [ 7.501699099421907, 44.759564534474322 ], [ 7.501780579046719, 44.75949808655146 ], [ 7.50184082986843, 44.759458366863122 ], [ 7.501934748908075, 44.759414587737723 ], [ 7.502048522577972, 44.759366567871673 ], [ 7.502176184242836, 44.759300725519374 ], [ 7.502285216766118, 44.759176123861991 ], [ 7.502325237794424, 44.758911081611153 ], [ 7.502308987386677, 44.758775834286105 ], [ 7.502251591224938, 44.758689559774758 ], [ 7.50217377084821, 44.758630024146903 ], [ 7.502062905797594, 44.758565553820276 ], [ 7.501924741535032, 44.758518729776597 ], [ 7.501774168029061, 44.758462740459962 ], [ 7.50166985166124, 44.758389353399153 ], [ 7.5015995521869, 44.758298408092486 ], [ 7.501535800841621, 44.758198546396947 ], [ 7.501518284372917, 44.758112794865013 ], [ 7.501527898066224, 44.758000392539927 ], [ 7.501583344348312, 44.757902095107404 ], [ 7.501664547630234, 44.757831142482381 ], [ 7.501818056873591, 44.757788145392524 ], [ 7.501997439502819, 44.757767993244116 ], [ 7.502136374388305, 44.757769815915509 ], [ 7.502321839566759, 44.757758745329369 ], [ 7.502448451102913, 44.757733399139518 ], [ 7.5025290604074, 44.757684943806645 ], [ 7.50260406326738, 44.75760940805251 ], [ 7.502632250265553, 44.757542260597695 ], [ 7.502528630693614, 44.757518395989862 ], [ 7.502217254362105, 44.757451295951768 ], [ 7.499461464005831, 44.756744443491627 ], [ 7.497746476265277, 44.756235769522284 ], [ 7.497450935894812, 44.756137356830934 ], [ 7.497234877076497, 44.756003980346406 ], [ 7.496741508359616, 44.755677904917775 ], [ 7.496175584536018, 44.755287855793959 ], [ 7.494658394695501, 44.75429561689414 ], [ 7.493891293790707, 44.753763368486084 ], [ 7.492660535676029, 44.752963928641513 ], [ 7.492064830820756, 44.752703998983364 ], [ 7.491541554382822, 44.752467528806278 ], [ 7.491006500482057, 44.752167884561217 ], [ 7.490701721466191, 44.751925295633512 ], [ 7.490455426393337, 44.751710485956444 ], [ 7.489881369499078, 44.751135750941877 ], [ 7.489084841654341, 44.750342014370432 ], [ 7.488427180381351, 44.749613126634841 ], [ 7.488091246021041, 44.749203575793373 ], [ 7.487956674069855, 44.749035251401786 ], [ 7.487934212723406, 44.748881914987663 ], [ 7.487912936363802, 44.748683582795117 ], [ 7.487890486725073, 44.748530246518698 ], [ 7.487839955274173, 44.748439554386408 ], [ 7.487796442217073, 44.748321948302262 ], [ 7.487747894566746, 44.748154762906204 ], [ 7.487685351526788, 44.748009897852675 ], [ 7.48766219856982, 44.747883559080698 ], [ 7.48754080176955, 44.747467845578214 ], [ 7.487428892378685, 44.747187292023419 ], [ 7.487243680253764, 44.746932774086147 ], [ 7.487057140231562, 44.746714247425011 ], [ 7.486805153627386, 44.746476848542244 ], [ 7.486643213995738, 44.746344169017817 ], [ 7.484208718046662, 44.746284869343334 ], [ 7.482599819757247, 44.746295007373 ], [ 7.481705222789562, 44.746328126659144 ], [ 7.481649990284524, 44.746417415161602 ], [ 7.481583730907315, 44.746430037484821 ], [ 7.480831102804562, 44.746348007935502 ], [ 7.480673821086273, 44.746791528827707 ], [ 7.480610809683629, 44.74692122363836 ], [ 7.480572361439507, 44.747123263638102 ], [ 7.478452553244268, 44.747180557036323 ], [ 7.478436608797333, 44.747036307850692 ], [ 7.478408767791625, 44.746833385207871 ], [ 7.478187191820197, 44.746942960922013 ], [ 7.478047693915442, 44.746963607331679 ], [ 7.477882820568031, 44.746943404973244 ], [ 7.477685985996946, 44.74687776478433 ], [ 7.477536494017991, 44.746767744047084 ], [ 7.477407008709511, 44.746662491049157 ], [ 7.47724579938437, 44.7465028010526 ], [ 7.477091023016394, 44.746338695477654 ], [ 7.476452941761351, 44.746690274968742 ], [ 7.476421088283926, 44.746640337310964 ], [ 7.476376453136909, 44.746581226791257 ], [ 7.476298202799483, 44.746539672266131 ], [ 7.476114626093851, 44.746465203989047 ], [ 7.475996743136307, 44.746414118007024 ], [ 7.475839652243595, 44.746353506240396 ], [ 7.475889715283107, 44.746205636626293 ], [ 7.475887859834986, 44.746021064793759 ], [ 7.475859602107009, 44.745849643972505 ], [ 7.475843262608576, 44.745705389121696 ], [ 7.473785033453791, 44.745209776581838 ], [ 7.473844038925726, 44.744467875715479 ], [ 7.473566591830606, 44.744450663531822 ], [ 7.47271472072453, 44.744376255958137 ], [ 7.471928862267702, 44.744298224338017 ], [ 7.47155233797236, 44.744266177823704 ], [ 7.47113729700508, 44.744197605146709 ], [ 7.470531505213525, 44.744072462187297 ], [ 7.470090030043051, 44.744003531606467 ], [ 7.469746887089429, 44.743962924109148 ], [ 7.469144054851333, 44.743950342181421 ], [ 7.468901919646189, 44.744001109330448 ], [ 7.468734818017335, 44.74393135122645 ], [ 7.468570420673604, 44.743893137193965 ], [ 7.468485901431076, 44.742325603363682 ], [ 7.468427026963878, 44.742297806756383 ], [ 7.468124463448049, 44.742230731778456 ], [ 7.46787366921175, 44.742191357577369 ], [ 7.467576740616939, 44.742164867114433 ], [ 7.467272361585342, 44.742151779318554 ], [ 7.46709435852269, 44.742135886263554 ], [ 7.466949711147018, 44.742097935034188 ], [ 7.466712206776262, 44.742063237867299 ], [ 7.466722413817005, 44.742184906001704 ], [ 7.466731915876669, 44.742572132542243 ], [ 7.466712786846555, 44.742787930880048 ], [ 7.466688771694048, 44.742949649791548 ], [ 7.466671947545979, 44.743093460662003 ], [ 7.466643086908099, 44.743169592638068 ], [ 7.466561635985475, 44.743249519482646 ], [ 7.466468193456265, 44.743275271414383 ], [ 7.46635525613553, 44.743291759122101 ], [ 7.466223300062903, 44.743280984343379 ], [ 7.466124224575766, 44.743266149977792 ], [ 7.466006877912856, 44.743210559709148 ], [ 7.465915339591364, 44.743164318373111 ], [ 7.465744599673776, 44.74311251160001 ], [ 7.465356692066146, 44.743003772132795 ], [ 7.465159754951022, 44.742942610076788 ], [ 7.465121134905232, 44.742910582880029 ], [ 7.465104108285584, 44.742793324094343 ], [ 7.465086519329826, 44.742712066946261 ], [ 7.465028479783536, 44.742652771759893 ], [ 7.465004663592133, 44.7425534262808 ], [ 7.464993551868778, 44.742481258493143 ], [ 7.464889787573959, 44.742389840462423 ], [ 7.46445274038445, 44.742154405023328 ], [ 7.464198495432282, 44.7420069487234 ], [ 7.464088658173775, 44.741906445970727 ], [ 7.464066273803768, 44.741753105734084 ], [ 7.464058693935427, 44.741532447373196 ], [ 7.464067750066162, 44.741190481705246 ], [ 7.46403698268756, 44.741100044797655 ], [ 7.463992256722396, 44.741045429315328 ], [ 7.463894127554124, 44.740994596528417 ], [ 7.4638295392854, 44.740944214917214 ], [ 7.463798068810356, 44.74088077539156 ], [ 7.463752703120029, 44.740835153509664 ], [ 7.463688115150169, 44.740784771821218 ], [ 7.463576493127652, 44.740751761816846 ], [ 7.46348412621217, 44.740737015425651 ], [ 7.463345234610633, 44.740735146288664 ], [ 7.463219121358957, 44.740742451273448 ], [ 7.463125919948936, 44.740759201421966 ], [ 7.463052244383523, 44.740798720085394 ], [ 7.462944833598617, 44.740860290332201 ], [ 7.462876994054619, 44.740917892049978 ], [ 7.46280255859821, 44.740970903775583 ], [ 7.462748137381951, 44.741028686064311 ], [ 7.462674103419894, 44.741081703110552 ], [ 7.462613574753231, 44.741116897346437 ], [ 7.462533898997639, 44.741129327974882 ], [ 7.462441531771325, 44.741114580736479 ], [ 7.462311728789086, 44.74102280970191 ], [ 7.462213731950858, 44.740967476101041 ], [ 7.462128426543085, 44.740939320263287 ], [ 7.462076748871858, 44.740893612701036 ], [ 7.462032339064137, 44.740811993798559 ], [ 7.462014754951224, 44.740730736217394 ], [ 7.461913536574806, 44.740558329019194 ], [ 7.461829078699792, 44.740498676310594 ], [ 7.461724042485583, 44.740470254365071 ], [ 7.461611554578202, 44.740455235379329 ], [ 7.461505802429429, 44.740453810497556 ], [ 7.461380688183681, 44.740438621153125 ], [ 7.461301577811249, 44.740415049327112 ], [ 7.461256496842585, 44.740373931438903 ], [ 7.461231721487995, 44.740310581426691 ], [ 7.461252646845452, 44.74026585190942 ], [ 7.461340576885909, 44.740195018430605 ], [ 7.461355547024791, 44.740136705186686 ], [ 7.461323829476881, 44.740082263945951 ], [ 7.461265449754151, 44.740036465694338 ], [ 7.46120813302283, 44.739950171369081 ], [ 7.461170070421019, 44.739882141115885 ], [ 7.46118551814706, 44.73980582971884 ], [ 7.461201399707944, 44.739698016099219 ], [ 7.461176755537343, 44.739630166683746 ], [ 7.461107616635296, 44.739498701448227 ], [ 7.461037849003519, 44.739376229999039 ], [ 7.461014518414101, 44.739258885570941 ], [ 7.46101047369091, 44.739173309152783 ], [ 7.460946454830493, 44.739086924348896 ], [ 7.460882197365216, 44.73900953859728 ], [ 7.460831227293333, 44.738936833078334 ], [ 7.460833734691514, 44.738842342667034 ], [ 7.460816641866035, 44.738743086886295 ], [ 7.460746028402356, 44.738652111913723 ], [ 7.460683606331801, 44.738520736949717 ], [ 7.460679399202827, 44.738426156013695 ], [ 7.460761459658384, 44.738323735755053 ], [ 7.460822583452106, 44.738266044740513 ], [ 7.460831447316903, 44.738185143465692 ], [ 7.460793386262633, 44.738117113088578 ], [ 7.460742178250326, 44.738053406619066 ], [ 7.46069793532126, 44.737980791717526 ], [ 7.460668010648656, 44.737858857141404 ], [ 7.460618128005214, 44.737745655790548 ], [ 7.460537604809522, 44.737537517070471 ], [ 7.460410885867386, 44.737315251938014 ], [ 7.460348454439775, 44.737183876636472 ], [ 7.460305721847328, 44.737039263470933 ], [ 7.460270571999484, 44.73687674792253 ], [ 7.460232990176091, 44.736790719189102 ], [ 7.460130230913033, 44.736676804531626 ], [ 7.460013946524997, 44.736567208517471 ], [ 7.459956754419149, 44.736476414042585 ], [ 7.45995866574012, 44.73640442134684 ], [ 7.460014649598339, 44.736288146407759 ], [ 7.460095860489068, 44.736217223217288 ], [ 7.460250666644828, 44.736124786666636 ], [ 7.460371847022476, 44.736049901113653 ], [ 7.460493743572237, 44.735948018156797 ], [ 7.460654025285629, 44.735887162967899 ], [ 7.460780725166654, 44.735857362941374 ], [ 7.460847681442116, 44.735817755135308 ], [ 7.460882261517111, 44.735764207407165 ], [ 7.460878173525098, 44.735665126886538 ], [ 7.460856635309932, 44.735480289185269 ], [ 7.460839304510469, 44.735390032456863 ], [ 7.460842289122311, 44.73527754380121 ], [ 7.460857843792954, 44.73519673267694 ], [ 7.460901004310999, 44.735057778642407 ], [ 7.460964613310266, 44.734653532014235 ], [ 7.460986386325586, 44.734338744559267 ], [ 7.461006086224939, 44.734086945331896 ], [ 7.460961237527977, 44.734036828103783 ], [ 7.460849510633421, 44.734008315142965 ], [ 7.460723781432559, 44.734002119089858 ], [ 7.460578072514411, 44.734004655839271 ], [ 7.460366842149363, 44.733992805446903 ], [ 7.460274606259929, 44.733973557055378 ], [ 7.460270053136321, 44.733892474838392 ], [ 7.460298873706612, 44.733802840349519 ], [ 7.460455556135697, 44.73338634549134 ], [ 7.460513565747652, 44.733193577892969 ], [ 7.460634754871834, 44.732880130807011 ], [ 7.460800877345243, 44.73259879740737 ], [ 7.460950749005086, 44.732438775965676 ], [ 7.461105543583013, 44.732346338039051 ], [ 7.461292484739587, 44.732276838904824 ], [ 7.461399165125765, 44.732242267227591 ], [ 7.461480921817498, 44.732180352673041 ], [ 7.461536063119427, 44.732095573658029 ], [ 7.461558524727977, 44.731992349669362 ], [ 7.461572755469297, 44.731708968449105 ], [ 7.461550109959481, 44.731312561393736 ], [ 7.461588623803162, 44.731110528180288 ], [ 7.461518074691663, 44.730020297124007 ], [ 7.46148726555678, 44.728935102469606 ], [ 7.461352578462247, 44.728775746954391 ], [ 7.461316225379218, 44.728658226899874 ], [ 7.461328634491815, 44.728190273418122 ], [ 7.461279354955122, 44.728054574502622 ], [ 7.461263174910902, 44.727905818144713 ], [ 7.460804569739441, 44.727728592783905 ], [ 7.459979496761123, 44.727397885075348 ], [ 7.459233154803396, 44.727104243112635 ], [ 7.459490134534346, 44.725644832862365 ], [ 7.459785006488733, 44.724005886276515 ], [ 7.460062418964307, 44.722533246117898 ], [ 7.460138862315866, 44.722403743287842 ], [ 7.460328148157533, 44.722244253930022 ], [ 7.460572370531836, 44.722022488628006 ], [ 7.460721498679275, 44.721889464171475 ], [ 7.460796344749157, 44.721804951008544 ], [ 7.460893931166847, 44.721621718684744 ], [ 7.460970805020577, 44.721460712920198 ], [ 7.461039458331096, 44.721371614954201 ], [ 7.461127717280227, 44.721287282348207 ], [ 7.461256293547278, 44.721185488347651 ], [ 7.46134610261405, 44.721042661301674 ], [ 7.46137634600615, 44.720899031530145 ], [ 7.46140035367163, 44.72073731305516 ], [ 7.461439575677562, 44.720508282085355 ], [ 7.461415024948336, 44.720183867274976 ], [ 7.461292959524269, 44.719043427104765 ], [ 7.461199533108074, 44.718578547775962 ], [ 7.461146184870621, 44.718343768063491 ], [ 7.461097542208696, 44.718199075101154 ], [ 7.460972921675529, 44.717913821828631 ], [ 7.46087242804362, 44.717700912330116 ], [ 7.460977144845088, 44.716995640342816 ], [ 7.461091344342967, 44.716929662023873 ], [ 7.46125985601278, 44.716823905009733 ], [ 7.461469570822637, 44.716637681897232 ], [ 7.461739473534538, 44.716443266929687 ], [ 7.461955918571062, 44.716270637090027 ], [ 7.462106339731529, 44.716088115244247 ], [ 7.462236419572224, 44.715914321583604 ], [ 7.462373470184182, 44.715745122812123 ], [ 7.462463971330482, 44.715575297055715 ], [ 7.462506158771808, 44.715472338221851 ], [ 7.462537587722813, 44.7152837122714 ], [ 7.462556362926662, 44.71508141241344 ], [ 7.462581198618171, 44.714888196490008 ], [ 7.462574384208446, 44.714654043860001 ], [ 7.462566000945292, 44.714568408735452 ], [ 7.462548171884553, 44.714392623002915 ], [ 7.462510486648404, 44.714072532417056 ], [ 7.462457363605561, 44.713828753834058 ], [ 7.462347078251105, 44.713494182006087 ], [ 7.462378268125188, 44.713314555162327 ], [ 7.462439797466081, 44.71327037201452 ], [ 7.462492816206654, 44.713235076577469 ], [ 7.462679931885406, 44.713156574941088 ], [ 7.462886444735762, 44.713105341156052 ], [ 7.463132672962154, 44.713059142741209 ], [ 7.463186828598582, 44.71301035876688 ], [ 7.463147711186658, 44.712744263108576 ], [ 7.462938364457099, 44.71190422707231 ], [ 7.462828010570522, 44.711065523280432 ], [ 7.46279154547616, 44.710952503024174 ], [ 7.462680338325206, 44.710905994064554 ], [ 7.46203473218804, 44.710793772889112 ], [ 7.461918983359006, 44.710769707880402 ], [ 7.461501558985599, 44.710696566580275 ], [ 7.461290011538414, 44.710684713604529 ], [ 7.461307596712502, 44.710527409501999 ], [ 7.461297524054076, 44.710401240896608 ], [ 7.461266668260702, 44.710315302776245 ], [ 7.46120354675841, 44.710210925116151 ], [ 7.461067232840217, 44.710114563303485 ], [ 7.46092398085506, 44.71002711015511 ], [ 7.46080846266182, 44.709890517771882 ], [ 7.460690786317648, 44.709834917311461 ], [ 7.460534482140666, 44.709733784186334 ], [ 7.460458559250064, 44.709606727635233 ], [ 7.460461303305943, 44.709503237621568 ], [ 7.460438580794585, 44.709363394833524 ], [ 7.460374833096006, 44.70926801060569 ], [ 7.460377219333962, 44.709178019287762 ], [ 7.460419199019507, 44.709097564190216 ], [ 7.460475381273145, 44.708972288824121 ], [ 7.460541006956659, 44.708743613724678 ], [ 7.460721760766154, 44.708160897828321 ], [ 7.460796501548825, 44.70809438775332 ], [ 7.460946069594934, 44.707943363917195 ], [ 7.461021612347595, 44.707831852744775 ], [ 7.46110672796152, 44.707612442319501 ], [ 7.46114414070751, 44.707450904214447 ], [ 7.461066311311913, 44.707395841143686 ], [ 7.46102838844486, 44.707323311195466 ], [ 7.461024106143375, 44.707246733482641 ], [ 7.460986302677862, 44.707169703951834 ], [ 7.460895659368836, 44.707091962165322 ], [ 7.460786130891591, 44.70698245749233 ], [ 7.460711165088674, 44.706819404543438 ], [ 7.460687011521678, 44.706733556570256 ], [ 7.460622550488971, 44.706665169883543 ], [ 7.46052415596488, 44.706641337414183 ], [ 7.460330859217219, 44.706611724019055 ], [ 7.460078760187158, 44.706567813735724 ], [ 7.459943908604182, 44.706520983192959 ], [ 7.460044168547999, 44.706414307197136 ], [ 7.460462648799398, 44.706059856302446 ], [ 7.460745514337844, 44.705672067494682 ], [ 7.46113417195878, 44.704984124903739 ], [ 7.461217807369832, 44.704760193164908 ], [ 7.460926331784266, 44.704729257605493 ], [ 7.459817711764016, 44.704660294751534 ], [ 7.459702898836706, 44.704586727140736 ], [ 7.459609476570069, 44.704450431497506 ], [ 7.459592740960392, 44.704337676264416 ], [ 7.459215811048082, 44.704301082268749 ], [ 7.458935332437291, 44.701655104863534 ], [ 7.458638169196136, 44.701408030029867 ], [ 7.458396420510099, 44.701197712044006 ], [ 7.458293481239209, 44.700989267867037 ], [ 7.458165639458242, 44.700857007398589 ], [ 7.457950905694164, 44.700714570955164 ], [ 7.458410005740748, 44.700374179366406 ], [ 7.458791818980187, 44.699200024107647 ], [ 7.459222752260969, 44.698017527818308 ], [ 7.459269626196681, 44.697856117744614 ], [ 7.459396120845335, 44.697488727537646 ], [ 7.459536002508318, 44.697017990554926 ], [ 7.45967553533441, 44.696560752209955 ], [ 7.459629104616456, 44.696303558350415 ], [ 7.45957052264187, 44.696118219477874 ], [ 7.459553876727256, 44.695942448714831 ], [ 7.459570605934935, 44.695713114000263 ], [ 7.460027114293683, 44.694918060959218 ], [ 7.460250920211435, 44.694479963058861 ], [ 7.460498513907458, 44.693947660514944 ], [ 7.460632058342338, 44.693715399334558 ], [ 7.460880557433854, 44.693565708939985 ], [ 7.461227880539537, 44.693273311884333 ], [ 7.461569552832125, 44.692985338806885 ], [ 7.461944312027295, 44.692684306825178 ], [ 7.462195855855699, 44.692404120127584 ], [ 7.462432055278203, 44.691943678740131 ], [ 7.462729791400508, 44.691497568899493 ], [ 7.462773507404535, 44.691336114693563 ], [ 7.463074227034769, 44.691358167634192 ], [ 7.463599745815526, 44.691410251972243 ], [ 7.464437855589979, 44.691498046484014 ], [ 7.465402052445876, 44.691605534266415 ], [ 7.465502382763932, 44.691345813761089 ], [ 7.46549598723657, 44.691080157715106 ], [ 7.465521083312267, 44.690891445076112 ], [ 7.465466235562848, 44.690683653303452 ], [ 7.465396707350465, 44.690538680833164 ], [ 7.465265906224423, 44.690190331262265 ], [ 7.465121105504405, 44.689864299279954 ], [ 7.465034524539171, 44.689633574744342 ], [ 7.46497190065681, 44.689466188860401 ], [ 7.464857523202803, 44.689257596431787 ], [ 7.465205379962836, 44.689032712070627 ], [ 7.466206792237712, 44.688416001746376 ], [ 7.466843379579799, 44.688113969054484 ], [ 7.467187898360296, 44.687925043307928 ], [ 7.467201497919338, 44.686781923371626 ], [ 7.467229558947321, 44.686345684486284 ], [ 7.467338122920599, 44.6860275571713 ], [ 7.467572168158704, 44.685436541151468 ], [ 7.467715487037054, 44.685235910873132 ], [ 7.467902666327222, 44.684986355816896 ], [ 7.467961818896546, 44.684762089872855 ], [ 7.467986468292677, 44.684559866921091 ], [ 7.468038328476585, 44.684267985179105 ], [ 7.467984831239234, 44.683889167159727 ], [ 7.468024781191935, 44.683106495452016 ], [ 7.46771758644023, 44.683151886557383 ], [ 7.467418715999185, 44.683210892148736 ], [ 7.467009302356074, 44.683304422425593 ], [ 7.466681325056248, 44.683390042459102 ], [ 7.46642395055142, 44.683490113416134 ], [ 7.466124946911943, 44.683553615019825 ], [ 7.465825705070979, 44.683626115026065 ], [ 7.465440886815896, 44.683728972521727 ], [ 7.465100179187271, 44.683773906171119 ], [ 7.464855774514773, 44.683770620481077 ], [ 7.464730472773825, 44.683692415475562 ], [ 7.464573992757182, 44.683600287494869 ], [ 7.464281764132103, 44.683407307332722 ], [ 7.463948279094764, 44.683164258282439 ], [ 7.463751019427634, 44.683004062653595 ], [ 7.46340676693295, 44.6827653683306 ], [ 7.462957119953987, 44.682516251868783 ], [ 7.463100923090501, 44.682297629033243 ], [ 7.463409158102648, 44.681869662794618 ], [ 7.463533837889006, 44.681583264111545 ], [ 7.46360189135423, 44.681008026839841 ], [ 7.463727248768107, 44.680681126260495 ], [ 7.463846991479755, 44.68017860334146 ], [ 7.463821359752203, 44.679939695101496 ], [ 7.463732476887499, 44.679677429866324 ], [ 7.463651544764923, 44.679532302643231 ], [ 7.463518693814785, 44.679336963565916 ], [ 7.463437643731105, 44.67919633579293 ], [ 7.463399350968003, 44.679033777387545 ], [ 7.463414987782674, 44.678844937543062 ], [ 7.463444319491399, 44.678615771209238 ], [ 7.463583748374763, 44.678487112705518 ], [ 7.464942881442592, 44.677263062289633 ], [ 7.465020941376793, 44.677129075744681 ], [ 7.465002856998951, 44.677007300272457 ], [ 7.46493430020726, 44.676871342659034 ], [ 7.464895607483887, 44.676753791302914 ], [ 7.465044369250421, 44.676629757645877 ], [ 7.465197720619861, 44.676451771097703 ], [ 7.465382517017668, 44.676292211761975 ], [ 7.465664229663213, 44.676075438896731 ], [ 7.465965094940689, 44.675939944232276 ], [ 7.466456241115853, 44.675825009326367 ], [ 7.466596323085854, 44.675745869044626 ], [ 7.467165821736446, 44.674857776909874 ], [ 7.468002723207605, 44.673815727854048 ], [ 7.467620898761118, 44.673747587422902 ], [ 7.467254992755913, 44.673688661800689 ], [ 7.467184264387893, 44.673530170308695 ], [ 7.465925236387574, 44.67349075581788 ], [ 7.464649038465678, 44.673460098966252 ], [ 7.464407050527615, 44.673456844821111 ], [ 7.46394321905914, 44.673329073559245 ], [ 7.463528376935164, 44.673242470447704 ], [ 7.462720472324198, 44.673006536109384 ], [ 7.461912639785703, 44.672797604224975 ], [ 7.459871122830902, 44.672382982444468 ], [ 7.459781001797656, 44.671990162259988 ], [ 7.459695604088337, 44.671745945371654 ], [ 7.459647109132376, 44.67168677554082 ], [ 7.459583239555182, 44.671582386249682 ], [ 7.459452618984516, 44.6714680939304 ], [ 7.459298000575648, 44.671321969232977 ], [ 7.459117531888262, 44.671184497882791 ], [ 7.458836510988281, 44.670973649850389 ], [ 7.45868397470555, 44.670868063239212 ], [ 7.458704887964246, 44.670733309453659 ], [ 7.458789155228538, 44.670365348258038 ], [ 7.459135025921743, 44.669289727370291 ], [ 7.459433941054377, 44.668051428343503 ], [ 7.4597039257165, 44.667339379077049 ], [ 7.458979125164939, 44.667199064403952 ], [ 7.458117346220559, 44.667065897904322 ], [ 7.457603079703047, 44.667058952245895 ], [ 7.456804203908376, 44.667169690622181 ], [ 7.456758193173591, 44.665769193699603 ], [ 7.456717632037618, 44.664787382383821 ], [ 7.456689373062853, 44.663891260126668 ], [ 7.456379032524623, 44.663405435817005 ], [ 7.456242877695799, 44.663129021361087 ], [ 7.456061122126087, 44.662788973219008 ], [ 7.45574296594061, 44.66237506075948 ], [ 7.45551339260954, 44.661831810565928 ], [ 7.455496288007354, 44.661674036869066 ], [ 7.455617583751279, 44.661500130355947 ], [ 7.455675203987891, 44.661334364930035 ], [ 7.455627739593009, 44.661117664888991 ], [ 7.455559999118757, 44.660878184516207 ], [ 7.455419848093454, 44.660574707653311 ], [ 7.455207123548849, 44.66009470155462 ], [ 7.454220425228377, 44.658303369623731 ], [ 7.454081371949634, 44.65821146282304 ], [ 7.45387926125072, 44.658267242017537 ], [ 7.453132021718594, 44.658441671038368 ], [ 7.451278027232414, 44.658821648319929 ], [ 7.450634512724964, 44.658934450845109 ], [ 7.450431485575339, 44.658994712700853 ], [ 7.450269789157915, 44.659087043639353 ], [ 7.45014848280776, 44.659260944389175 ], [ 7.450036014367575, 44.659502483139633 ], [ 7.449878731597371, 44.659680396434375 ], [ 7.449740079887425, 44.659854061252958 ], [ 7.449361588900156, 44.658926173570471 ], [ 7.448986337611855, 44.657876795778392 ], [ 7.448647016531923, 44.6570619678185 ], [ 7.448555875563845, 44.656903187036647 ], [ 7.448349988708941, 44.656657323880403 ], [ 7.448112331768831, 44.656420030976783 ], [ 7.447833822624144, 44.656119165255362 ], [ 7.447314303238956, 44.655706992636198 ], [ 7.446450611647286, 44.655092081965421 ], [ 7.445940516434777, 44.654711539754679 ], [ 7.445482327057295, 44.654394718923342 ], [ 7.445066057308982, 44.654087469536876 ], [ 7.44454441013539, 44.653756277080291 ], [ 7.444200299055386, 44.65352202691431 ], [ 7.443950350780558, 44.653347574770287 ], [ 7.443785005222535, 44.653178776390689 ], [ 7.44360009094465, 44.65296019765988 ], [ 7.443500489430736, 44.652720275534904 ], [ 7.443429890120174, 44.652575274218464 ], [ 7.443181633866373, 44.652337826408882 ], [ 7.443026086299095, 44.652200669006952 ], [ 7.442852175022098, 44.651968735417903 ], [ 7.4426960270042, 44.651854075451681 ], [ 7.442486689270804, 44.651738689742899 ], [ 7.442183603286045, 44.65157701249079 ], [ 7.441985626260605, 44.651434773555195 ], [ 7.441651692768786, 44.651218659364659 ], [ 7.441351636823665, 44.650944490821828 ], [ 7.441251164543039, 44.650722559641828 ], [ 7.44130989888377, 44.650516305442451 ], [ 7.441493711186704, 44.65039278041295 ], [ 7.441914471210877, 44.650132950881932 ], [ 7.442353859717054, 44.649972400704186 ], [ 7.442271655826731, 44.649863250043659 ], [ 7.441662115580137, 44.649049214746249 ], [ 7.441184914211522, 44.648444038925099 ], [ 7.440909882133339, 44.648030672935754 ], [ 7.44038367972259, 44.647460834336009 ], [ 7.439863352292667, 44.647098129645933 ], [ 7.438812775735523, 44.646435594518366 ], [ 7.441569772447219, 44.64438919165633 ], [ 7.441435759287494, 44.644243323387386 ], [ 7.441409427554578, 44.644049411418358 ], [ 7.440924613200306, 44.643921259676191 ], [ 7.440600423749933, 44.643754788654583 ], [ 7.440048438169167, 44.643369146126645 ], [ 7.43972022728651, 44.642941546735422 ], [ 7.439615856815815, 44.642616032437466 ], [ 7.439661474323708, 44.642472616685744 ], [ 7.439756574319798, 44.642379390530778 ], [ 7.439955219120359, 44.642098527667152 ], [ 7.440137170384607, 44.642028993899132 ], [ 7.440399594877736, 44.642014573721539 ], [ 7.440531784306079, 44.641948860846789 ], [ 7.441053638332335, 44.641487859704043 ], [ 7.442781190031362, 44.639954009404988 ], [ 7.443868629037127, 44.638911046692563 ], [ 7.442977269054412, 44.638574807103964 ], [ 7.439180275078309, 44.637361650799569 ], [ 7.438482999184374, 44.637136058360852 ], [ 7.437655546457478, 44.636872670720933 ], [ 7.43757383598312, 44.636849046522585 ], [ 7.437452063154116, 44.636820372806348 ], [ 7.437330263252742, 44.636778194907926 ], [ 7.437208864559969, 44.636736022370542 ], [ 7.437086823395852, 44.636702843364311 ], [ 7.436974866405153, 44.636660799813797 ], [ 7.436834403226886, 44.636609363450788 ], [ 7.436722847631382, 44.636567325147652 ], [ 7.436610501601612, 44.636525275912611 ], [ 7.43650760852631, 44.636483356005712 ], [ 7.436367414904932, 44.636436423985245 ], [ 7.436264280420481, 44.636403503007529 ], [ 7.436171230153314, 44.636361717594021 ], [ 7.436049794835585, 44.636306039637304 ], [ 7.435928639879904, 44.636254866618899 ], [ 7.435779330437441, 44.636180801640208 ], [ 7.435657922690207, 44.636138627325806 ], [ 7.435564362797825, 44.636101335661657 ], [ 7.435481140495967, 44.636046180655043 ], [ 7.435387701806715, 44.636004389278582 ], [ 7.435313652430565, 44.635944858615062 ], [ 7.435191761707423, 44.635920682096241 ], [ 7.43510789707694, 44.63587452046896 ], [ 7.435014848501188, 44.63583273413284 ], [ 7.434921289521683, 44.63579544195251 ], [ 7.434827972625697, 44.635749150557885 ], [ 7.434725362268156, 44.635711734143179 ], [ 7.434641498313526, 44.635665572181111 ], [ 7.434529034562964, 44.635628020506253 ], [ 7.434426534170078, 44.635586104101939 ], [ 7.434333096991359, 44.635544311880189 ], [ 7.43425822860729, 44.635529781578498 ], [ 7.434174002199335, 44.635497117985835 ], [ 7.434098744355866, 44.635482582238659 ], [ 7.434005708603847, 44.635440795253494 ], [ 7.433930692975962, 44.635417260261114 ], [ 7.433827440663732, 44.635388836689067 ], [ 7.433724578016038, 44.635360418368663 ], [ 7.43364023108983, 44.635332253956371 ], [ 7.433518596005488, 44.635299076699354 ], [ 7.433396438954751, 44.635270393379322 ], [ 7.433283734601454, 44.635241839630851 ], [ 7.433011479180863, 44.635197592590977 ], [ 7.432917680287616, 44.635169297929224 ], [ 7.432767203760304, 44.635153728949653 ], [ 7.432503891008039, 44.635114104670798 ], [ 7.432268815080547, 44.635079368709256 ], [ 7.43210848542583, 44.635063663576688 ], [ 7.431835853704698, 44.635019408564467 ], [ 7.43168536643504, 44.63500383801081 ], [ 7.431412856584195, 44.634955082433429 ], [ 7.430980153926506, 44.63489962382436 ], [ 7.430556647841748, 44.634839788753865 ], [ 7.430256160413786, 44.634790645857031 ], [ 7.430030308499592, 44.63476503454924 ], [ 7.429908154384863, 44.634736347534364 ], [ 7.429710527437531, 44.634715624932788 ], [ 7.429513033485058, 44.634690402589683 ], [ 7.429287292273478, 44.634660290105394 ], [ 7.429155322065163, 44.634644970937764 ], [ 7.428958060021037, 44.634610748367486 ], [ 7.428703973554879, 44.634580244721562 ], [ 7.428543646372098, 44.634564534614483 ], [ 7.428148394893512, 44.634523084376205 ], [ 7.427752304814987, 44.634513129822032 ], [ 7.427242664227632, 44.634506111122946 ], [ 7.426874409175675, 44.634501038149359 ], [ 7.426628560733072, 44.634515655666164 ], [ 7.4263635526101, 44.634539011057115 ], [ 7.42603326491064, 44.634543461078358 ], [ 7.425947706415803, 44.634560286562966 ], [ 7.425635800757224, 44.63456949006536 ], [ 7.42543697054183, 44.634593755757514 ], [ 7.425040357963562, 44.634588285814274 ], [ 7.424870603781521, 44.6345859442022 ], [ 7.424390173018682, 44.634547807107744 ], [ 7.423762305164703, 44.634381598378781 ], [ 7.422974604081751, 44.634181670168452 ], [ 7.422450086576882, 44.634025884046373 ], [ 7.422066223674638, 44.633899046739735 ], [ 7.421674409098504, 44.63373158716449 ], [ 7.421311807655787, 44.633533021542824 ], [ 7.420949818916234, 44.633311957090534 ], [ 7.420559831193635, 44.633077000498389 ], [ 7.420094950513296, 44.632800495251317 ], [ 7.419620034594175, 44.632559859042168 ], [ 7.419219750074743, 44.632356263938348 ], [ 7.418641113880945, 44.632105185190554 ], [ 7.418418731446416, 44.631908552202589 ], [ 7.418081550565154, 44.631543782849725 ], [ 7.417912286314431, 44.631320877380482 ], [ 7.417612761602024, 44.631208697286397 ], [ 7.417397541261048, 44.631241724306648 ], [ 7.417250305041876, 44.631136155160533 ], [ 7.417160138026699, 44.631076389262709 ], [ 7.416778391150231, 44.631075597917686 ], [ 7.416552036920211, 44.631054454194476 ], [ 7.416297726211431, 44.630902386575485 ], [ 7.416102932525489, 44.630706131693493 ], [ 7.415973100353143, 44.630569293696247 ], [ 7.415805338368487, 44.630305894830094 ], [ 7.41575443840943, 44.630120638131409 ], [ 7.415558090308792, 44.629937864423923 ], [ 7.415230723384159, 44.629879306482245 ], [ 7.414943322776563, 44.629915828278023 ], [ 7.414743180198786, 44.629872538670277 ], [ 7.414606817195552, 44.62981663060043 ], [ 7.414139799863043, 44.629432041738532 ], [ 7.413628334503216, 44.629132356830546 ], [ 7.413375271968233, 44.6290793271071 ], [ 7.413078346499899, 44.629075200769201 ], [ 7.412684877728178, 44.629114743911373 ], [ 7.41226061824669, 44.629113346456592 ], [ 7.412070354367005, 44.629083693220181 ], [ 7.411923609821639, 44.62901863509785 ], [ 7.411676303599972, 44.628812639771823 ], [ 7.411544554787693, 44.628761293453231 ], [ 7.410860902022627, 44.628751780687928 ], [ 7.410110320149163, 44.628754835610223 ], [ 7.409982898817529, 44.628631528028237 ], [ 7.409773341194871, 44.628529582569875 ], [ 7.409516966554935, 44.628598031434812 ], [ 7.409336734105569, 44.628591019532749 ], [ 7.409147600671333, 44.628534369776169 ], [ 7.408926942405638, 44.628463776728282 ], [ 7.408686251706778, 44.628347891744596 ], [ 7.408238714606941, 44.62803106864186 ], [ 7.407645697011501, 44.627617689130908 ], [ 7.407311401195359, 44.627423974836425 ], [ 7.406873546630633, 44.627300834428695 ], [ 7.406770323731789, 44.627416426222823 ], [ 7.406747974715764, 44.627614168629755 ], [ 7.406605221482753, 44.627648186476399 ], [ 7.406226978152624, 44.627462858182383 ], [ 7.405702518470815, 44.627063929169069 ], [ 7.405075452722246, 44.626974149649939 ], [ 7.40487338879177, 44.626944319581511 ], [ 7.404445767367908, 44.626735789373058 ], [ 7.403959085371242, 44.626683975196023 ], [ 7.403579053550674, 44.626665158748054 ], [ 7.403290964495992, 44.626683636661681 ], [ 7.402316972744804, 44.626818552975642 ], [ 7.401659415126842, 44.627007404494897 ], [ 7.401349759391783, 44.627079590407568 ], [ 7.401042709015042, 44.627057286066417 ], [ 7.400735295471811, 44.627061983211838 ], [ 7.400499554181305, 44.627139703295541 ], [ 7.4003205750011, 44.62725872923783 ], [ 7.400238725168852, 44.627370113320588 ], [ 7.399946032662464, 44.627226473900457 ], [ 7.399569117477728, 44.627036640915051 ], [ 7.399349095398904, 44.626943532088752 ], [ 7.399169611935694, 44.626909507230437 ], [ 7.398936238236896, 44.626915237548083 ], [ 7.398681219808118, 44.62693416753747 ], [ 7.398424833136769, 44.626989087630747 ], [ 7.398210617002178, 44.627071606141222 ], [ 7.397974766782226, 44.627167324412007 ], [ 7.397824700580424, 44.627223734836015 ], [ 7.397620971974389, 44.627297396928739 ], [ 7.397354453558606, 44.627347671194578 ], [ 7.396886215943913, 44.627413117797786 ], [ 7.396301147629822, 44.627472420396934 ], [ 7.396066532149946, 44.627523139730904 ], [ 7.395776342609796, 44.627546070395802 ], [ 7.395355991104279, 44.627517657610319 ], [ 7.394694843642557, 44.627449848255736 ], [ 7.39317535138657, 44.627365457944762 ], [ 7.392285072718798, 44.627334921028279 ], [ 7.391765041757722, 44.627350103775804 ], [ 7.390990609837949, 44.627361699490272 ], [ 7.390544357634035, 44.627386918785909 ], [ 7.390191395676, 44.627300920831132 ], [ 7.390080964548881, 44.627276857676449 ], [ 7.389733638666138, 44.627186436538878 ], [ 7.389373940503273, 44.627158857081298 ], [ 7.389162682660213, 44.627119867044826 ], [ 7.388940436676505, 44.627107728975389 ], [ 7.388591218518022, 44.627071292454126 ], [ 7.388231895340663, 44.627030210990455 ], [ 7.387990256424876, 44.626950278827486 ], [ 7.387749739408184, 44.626829850896868 ], [ 7.38755023622037, 44.626750512753723 ], [ 7.387409670872514, 44.62684755474821 ], [ 7.387182939913927, 44.626997394298222 ], [ 7.386892535004357, 44.627141832616843 ], [ 7.386636277209557, 44.627205730504677 ], [ 7.386221668425891, 44.627240382475605 ], [ 7.385818200586641, 44.627257185510011 ], [ 7.385444643731414, 44.627274410072488 ], [ 7.385087443197761, 44.627156827770058 ], [ 7.384819977865747, 44.626914479240874 ], [ 7.384404507849032, 44.626980621058401 ], [ 7.38390198312197, 44.627131052658143 ], [ 7.383430540361616, 44.627254914706832 ], [ 7.383240381241336, 44.627378256791516 ], [ 7.382913561516728, 44.627585186596718 ], [ 7.382635535597789, 44.627666772129324 ], [ 7.382431411996965, 44.62775390519284 ], [ 7.382228261957886, 44.62779153813085 ], [ 7.38203570863581, 44.627986863984908 ], [ 7.381525152772222, 44.628312719322999 ], [ 7.381277764212303, 44.628439748122119 ], [ 7.380900399753858, 44.628650456776931 ], [ 7.380543820072036, 44.628892967592229 ], [ 7.38001726392745, 44.629142068265097 ], [ 7.379717076043263, 44.629254840845384 ], [ 7.379407883714963, 44.629308968830365 ], [ 7.379068188362242, 44.62932665310705 ], [ 7.378325861216637, 44.629316112467727 ], [ 7.378038693592465, 44.629343542165174 ], [ 7.377405468150842, 44.629447076069866 ], [ 7.377147474411966, 44.629614456253542 ], [ 7.376519653325741, 44.629637039899073 ], [ 7.375970919485783, 44.629705757307917 ], [ 7.375823023260574, 44.629739663477203 ], [ 7.375632338000441, 44.629880990262123 ], [ 7.375562147895673, 44.630010527373337 ], [ 7.375053937294386, 44.630264367316116 ], [ 7.374858666750533, 44.630414629999684 ], [ 7.374513939192298, 44.630612278283714 ], [ 7.374254889148527, 44.630775135623509 ], [ 7.374029227872637, 44.630870949399977 ], [ 7.373761794465463, 44.630952664099304 ], [ 7.373568529401476, 44.63103093344877 ], [ 7.373342387024262, 44.631158247614806 ], [ 7.37323368266501, 44.631255725964117 ], [ 7.373071430824108, 44.631365944923246 ], [ 7.372898935356832, 44.63146251398814 ], [ 7.372696179846043, 44.631513639236353 ], [ 7.372469884287008, 44.631631947020779 ], [ 7.37222321702627, 44.631731959017124 ], [ 7.371921994532686, 44.631880706114281 ], [ 7.371472063514794, 44.63204983765587 ], [ 7.37121473764139, 44.632136191756544 ], [ 7.370914037416425, 44.632280442403193 ], [ 7.370570910959508, 44.63240608189701 ], [ 7.369359657164477, 44.632861419017075 ], [ 7.36911411390421, 44.632920929269645 ], [ 7.368878560458017, 44.632989584158878 ], [ 7.368589468122426, 44.633084480974517 ], [ 7.368279500396436, 44.633179078732724 ], [ 7.367980416298786, 44.633251325073175 ], [ 7.367564998193181, 44.633312905003102 ], [ 7.36707503975951, 44.633391422329773 ], [ 7.366776699080281, 44.633436668778877 ], [ 7.366039399493223, 44.633624174122808 ], [ 7.365718655926703, 44.633709608252516 ], [ 7.365086809158591, 44.633930125339099 ], [ 7.364840751729072, 44.63400762392866 ], [ 7.364487211609894, 44.63412409349813 ], [ 7.364209761823418, 44.634183136148359 ], [ 7.363932426487628, 44.634237678536373 ], [ 7.363581434387169, 44.634277660949408 ], [ 7.363050947054972, 44.634283560488555 ], [ 7.362753369682213, 44.634301799992414 ], [ 7.36242477014598, 44.634288085215353 ], [ 7.362075042806424, 44.634283068866402 ], [ 7.361713785564264, 44.634309394598745 ], [ 7.361255571865523, 44.634379339945461 ], [ 7.360959263006555, 44.634492118734357 ], [ 7.360638057457602, 44.634523517217609 ], [ 7.36041262137395, 44.63448427043344 ], [ 7.360310422398435, 44.634419785669287 ], [ 7.360087374980623, 44.634421083584051 ], [ 7.359948794841859, 44.634459604174616 ], [ 7.359848645295582, 44.634615708532699 ], [ 7.359832942218489, 44.634795532016533 ], [ 7.359606490685055, 44.634931816878122 ], [ 7.359253580441675, 44.635025773128262 ], [ 7.358338802640071, 44.635134157336076 ], [ 7.358030322202039, 44.635161230207352 ], [ 7.357840089109789, 44.635144990708753 ], [ 7.357596536072299, 44.635118981479152 ], [ 7.357270112176497, 44.635042265990712 ], [ 7.356891774926099, 44.63491979025688 ], [ 7.356619394995377, 44.634798838353682 ], [ 7.356429115318752, 44.634742084796358 ], [ 7.356438378500658, 44.634818738981068 ], [ 7.356262231902566, 44.634987249889541 ], [ 7.356218358656996, 44.635103650154406 ], [ 7.35608678196149, 44.6350612448066 ], [ 7.355914579379575, 44.634964239624907 ], [ 7.355640167799977, 44.63491527574952 ], [ 7.355344246169466, 44.634888507513224 ], [ 7.355104891007526, 44.634853550980004 ], [ 7.354824358200059, 44.634867514123961 ], [ 7.354543455191428, 44.634894974921295 ], [ 7.354295411588396, 44.634832884123377 ], [ 7.354106306365513, 44.634762639943503 ], [ 7.353843246559205, 44.634646316988636 ], [ 7.353267255504004, 44.634255407079245 ], [ 7.353096452608201, 44.634095400650125 ], [ 7.352760662750936, 44.633960021214989 ], [ 7.352212862635635, 44.633826082576178 ], [ 7.351855171442098, 44.633726394214406 ], [ 7.351613684589483, 44.633641886089109 ], [ 7.351319930528832, 44.633525114169586 ], [ 7.351021995999149, 44.633444290933966 ], [ 7.350593546278074, 44.633325571789577 ], [ 7.350306271252535, 44.633271908030075 ], [ 7.350044609688661, 44.633232117359924 ], [ 7.349388585946665, 44.633177623299794 ], [ 7.349123544658854, 44.633173791476253 ], [ 7.348826213438589, 44.633182995771037 ], [ 7.348635205933237, 44.633180233408503 ], [ 7.348477133335046, 44.633155440975365 ], [ 7.348188578070603, 44.633133261956587 ], [ 7.347907065984105, 44.633057169392302 ], [ 7.347959818780981, 44.633197470715778 ], [ 7.348576943196738, 44.634025621382783 ], [ 7.34868976965698, 44.634256815729543 ], [ 7.348733223752431, 44.634586033685849 ], [ 7.348726587011673, 44.634820001456788 ], [ 7.348707537734771, 44.635130310542856 ], [ 7.348728706750634, 44.635495215963154 ], [ 7.348797273540225, 44.635703263927873 ], [ 7.348825991397739, 44.635816209858191 ], [ 7.348769627264339, 44.635927925377828 ], [ 7.348661511499228, 44.636002882611493 ], [ 7.348137843039602, 44.636337400853137 ], [ 7.347840970961366, 44.63645463860567 ], [ 7.348364798077746, 44.63679530773603 ], [ 7.348019250719855, 44.636947851625571 ], [ 7.347596487859498, 44.637072269680658 ], [ 7.346823819428521, 44.637488701278457 ], [ 7.345395718671752, 44.63818821094705 ], [ 7.344870199580073, 44.638392151770368 ], [ 7.344452430501805, 44.638534635423241 ], [ 7.344175185198212, 44.638584629823015 ], [ 7.343685153559272, 44.638663045564797 ], [ 7.343260961713165, 44.638656891320885 ], [ 7.342920797582976, 44.638660957471345 ], [ 7.342518454810906, 44.638731638350357 ], [ 7.341941529377076, 44.63884479495438 ], [ 7.341565609515771, 44.638956367174487 ], [ 7.341159779676286, 44.63912151828324 ], [ 7.341638084432547, 44.640118735185567 ], [ 7.342481754881136, 44.641805440053282 ], [ 7.342043446153177, 44.641920609299724 ], [ 7.34189562203856, 44.642323572529733 ], [ 7.341748126409926, 44.642825567150226 ], [ 7.341645460933732, 44.643220183399926 ], [ 7.341404121278836, 44.643185169342487 ], [ 7.341115024433743, 44.643027927996464 ], [ 7.340957950977874, 44.643160682382351 ], [ 7.340622380570983, 44.643389869391505 ], [ 7.340286422557198, 44.643632553427807 ], [ 7.339973157180697, 44.643839556638994 ], [ 7.339647314207621, 44.644100390710264 ], [ 7.339410145862296, 44.644236479413955 ], [ 7.3391738594625, 44.64432756826298 ], [ 7.338926954208859, 44.644432005794123 ], [ 7.338624297951927, 44.644625655957867 ], [ 7.338460285361386, 44.644794315645164 ], [ 7.33831946699382, 44.644895794374044 ], [ 7.338180692528354, 44.644925283183831 ], [ 7.338031942009061, 44.644945624178469 ], [ 7.337827435570118, 44.645041674025883 ], [ 7.337654713448057, 44.645142687481069 ], [ 7.337481223423237, 44.645284200453595 ], [ 7.337318994027938, 44.645389867395018 ], [ 7.337114356291046, 44.645490415262337 ], [ 7.336878076574515, 44.645595003086235 ], [ 7.336566574029058, 44.645725501849277 ], [ 7.336372583141468, 44.645839707142997 ], [ 7.336147305699319, 44.645917446449225 ], [ 7.335901289075897, 44.645990381829797 ], [ 7.33571895613513, 44.646055242524604 ], [ 7.336470230238377, 44.646876409806545 ], [ 7.336319143448445, 44.646964232772447 ], [ 7.335886411446689, 44.647255006956698 ], [ 7.335659840884879, 44.647377738597697 ], [ 7.335300644064133, 44.647467027682168 ], [ 7.335225735060376, 44.6475784659048 ], [ 7.33509595004422, 44.647720612421551 ], [ 7.334931234884173, 44.647844244540117 ], [ 7.334730661893536, 44.647967353443981 ], [ 7.33443950612765, 44.648116147959215 ], [ 7.333557094127702, 44.648778454813005 ], [ 7.333028405205012, 44.649211856402836 ], [ 7.332873396532506, 44.649340128444535 ], [ 7.332534200456941, 44.649542231186459 ], [ 7.3319919075222, 44.64983139037782 ], [ 7.33126481543715, 44.650050328035583 ], [ 7.330552276718109, 44.650228962915328 ], [ 7.330198766757963, 44.650462357888465 ], [ 7.329321488661275, 44.650791616979447 ], [ 7.328678622707685, 44.650876734093302 ], [ 7.328379938541191, 44.650998395584729 ], [ 7.327161549415834, 44.651169602241225 ], [ 7.326762511102991, 44.651217769729676 ], [ 7.326879609579438, 44.651764132497711 ], [ 7.326846152750241, 44.651831160422489 ], [ 7.326926212341689, 44.652021384520552 ], [ 7.326309306322558, 44.652066357742413 ], [ 7.324968492675983, 44.652190734175029 ], [ 7.324123229900874, 44.652268354966509 ], [ 7.324017007828044, 44.652275798236708 ], [ 7.323848159198324, 44.652363343878783 ], [ 7.323694677780473, 44.652437611248004 ], [ 7.323375743311357, 44.652865044721729 ], [ 7.323078089447197, 44.653004712265286 ], [ 7.322805038816391, 44.652510069537939 ], [ 7.32190446676248, 44.652510340809016 ], [ 7.321489328080072, 44.652760807755477 ], [ 7.321211382868612, 44.652941271070681 ], [ 7.320850725338911, 44.653161028232354 ], [ 7.320542986758578, 44.652967451172451 ], [ 7.319875109762178, 44.652989133785709 ], [ 7.319335582709198, 44.653179246675514 ], [ 7.31899371776835, 44.653471293960656 ], [ 7.318460936677117, 44.653891063788883 ], [ 7.317986553843091, 44.65368152186403 ], [ 7.317838694803067, 44.653710852050651 ], [ 7.317569001310811, 44.653810406230569 ], [ 7.31718244163311, 44.653984757972516 ], [ 7.317020456507622, 44.654774583511518 ], [ 7.316672972892967, 44.655246589347946 ], [ 7.316280773845863, 44.654961731414431 ], [ 7.316032895145641, 44.65523264961697 ], [ 7.31553338691239, 44.655427835876303 ], [ 7.31521814503668, 44.655711262081418 ], [ 7.31490459449227, 44.655936196639225 ], [ 7.314659965576595, 44.656081125911811 ], [ 7.314553726966511, 44.65606155286433 ], [ 7.314432002939972, 44.656127274091119 ], [ 7.314183111717797, 44.655970558383032 ], [ 7.313880369198638, 44.655822049307865 ], [ 7.313707281878441, 44.655810490678576 ], [ 7.313423782429662, 44.655923334747591 ], [ 7.313192156560221, 44.656081956575228 ], [ 7.31324798647019, 44.656208815232247 ], [ 7.31294243543845, 44.656388850462257 ], [ 7.31257819198905, 44.656716557365151 ], [ 7.31273869986966, 44.656876471705921 ], [ 7.312439727500709, 44.657155629374998 ], [ 7.312178090039256, 44.656989718509834 ], [ 7.312016460938456, 44.657207888337354 ], [ 7.311814152005251, 44.657564993914335 ], [ 7.311645304923904, 44.657868579425489 ], [ 7.311393878996217, 44.658247463944846 ], [ 7.311184712785174, 44.658554953645435 ], [ 7.310871892435308, 44.658617844339979 ], [ 7.310349623443587, 44.658821673474094 ], [ 7.310129153960379, 44.659056974622104 ], [ 7.309949642874221, 44.659252370746408 ], [ 7.309422637498583, 44.659483132746267 ], [ 7.30863980806024, 44.659768618622266 ], [ 7.308031887581946, 44.660016180336115 ], [ 7.307459445114421, 44.660426308146874 ], [ 7.306868618132377, 44.661007206249387 ], [ 7.30682477480351, 44.661375654938375 ], [ 7.306649343492563, 44.661796166548939 ], [ 7.306461163871873, 44.662153471903416 ], [ 7.306492441201908, 44.662460017742852 ], [ 7.306275873228225, 44.66256033303172 ], [ 7.305808967159942, 44.662553405880068 ], [ 7.305481681612785, 44.662787112872699 ], [ 7.305209947000979, 44.662954125442795 ], [ 7.304526715954974, 44.662876463738066 ], [ 7.303912039243897, 44.662813319947183 ], [ 7.30386777598053, 44.662628113032845 ], [ 7.303901258526648, 44.662507077903115 ], [ 7.303528524248216, 44.662474533081507 ], [ 7.303207662655687, 44.662487769985496 ], [ 7.302914912742867, 44.662456411789414 ], [ 7.302877603115755, 44.662356830725223 ], [ 7.302962324755698, 44.662196046631983 ], [ 7.302925022495179, 44.662109969302847 ], [ 7.302687428965647, 44.662011912259793 ], [ 7.302447866291517, 44.661981343516423 ], [ 7.302088656196155, 44.662403616734245 ], [ 7.301571451335972, 44.662283394130043 ], [ 7.300882317262641, 44.662111097493188 ], [ 7.300511289302252, 44.662074067003225 ], [ 7.299651026926809, 44.662214299922191 ], [ 7.298956643313542, 44.662262472502618 ], [ 7.29847515000859, 44.662255298016362 ], [ 7.298021515077711, 44.662226030752329 ], [ 7.297448104398144, 44.662100450404495 ], [ 7.297209589233719, 44.662168912785113 ], [ 7.296739520091207, 44.662256426645058 ], [ 7.296357330270501, 44.662291235409484 ], [ 7.295790867999563, 44.662291784138191 ], [ 7.295513978772886, 44.662499207521265 ], [ 7.295170272123841, 44.662485073552809 ], [ 7.294408890038658, 44.662572728879461 ], [ 7.293845834037413, 44.662604827263657 ], [ 7.293647000295843, 44.6625568438428 ], [ 7.293423216622698, 44.662445470296056 ], [ 7.293249342050935, 44.66229883274648 ], [ 7.292976966031852, 44.662191233137015 ], [ 7.292501686702555, 44.662013080581012 ], [ 7.29252036986777, 44.661833311803463 ], [ 7.29208216930175, 44.662137340877294 ], [ 7.291719121507135, 44.662298454163427 ], [ 7.291332840081414, 44.662432211371339 ], [ 7.290909232606986, 44.662601418176145 ], [ 7.290537667522965, 44.662649870096097 ], [ 7.290533060597849, 44.662699314363728 ], [ 7.290517666788594, 44.662874630833997 ], [ 7.290667997866005, 44.663083936914163 ], [ 7.290903862687192, 44.663227005119651 ], [ 7.291257108030412, 44.663520369308138 ], [ 7.291728089384832, 44.663576930214667 ], [ 7.292342615352682, 44.663644638577253 ], [ 7.292637331231001, 44.663757074948549 ], [ 7.293032903810968, 44.663925032877295 ], [ 7.293723343223174, 44.664052384345652 ], [ 7.294293480240198, 44.664182435673169 ], [ 7.294753688196306, 44.664297338779598 ], [ 7.295278908039434, 44.664426714323305 ], [ 7.295717192105899, 44.664523281390387 ], [ 7.296132919895428, 44.664286421155566 ], [ 7.2964765335858, 44.664102497904707 ], [ 7.296817340205475, 44.664269625581944 ], [ 7.297024992212395, 44.664367248228466 ], [ 7.297295292314062, 44.664371279520218 ], [ 7.297610899443034, 44.664416496543005 ], [ 7.298047612701306, 44.66455354206505 ], [ 7.297933053667182, 44.664911930564323 ], [ 7.29822778005154, 44.664983841814703 ], [ 7.298683140135619, 44.665184179653153 ], [ 7.298958026189078, 44.665368323434173 ], [ 7.298904555855005, 44.665579083302504 ], [ 7.298855173022411, 44.665690877595814 ], [ 7.298945522524019, 44.665795751348575 ], [ 7.299262225907076, 44.66546738035899 ], [ 7.299805579844385, 44.665718537625672 ], [ 7.300257147980072, 44.665954822312898 ], [ 7.300310204253828, 44.666122156616275 ], [ 7.299945841025668, 44.666287777592451 ], [ 7.299766141448823, 44.666582181072584 ], [ 7.299566211589371, 44.666948302184636 ], [ 7.298997689927727, 44.667664527080213 ], [ 7.298288101948186, 44.668189596247416 ], [ 7.297914893267233, 44.668575637640309 ], [ 7.297380651090983, 44.668941271734866 ], [ 7.296797143856486, 44.669414197194705 ], [ 7.296118387172198, 44.669786671859285 ], [ 7.295616055444789, 44.670112263028365 ], [ 7.295085085083732, 44.670284383578363 ], [ 7.294292369869236, 44.670146510167456 ], [ 7.293332306512111, 44.670096153874304 ], [ 7.292652543745515, 44.670058983765216 ], [ 7.292171651051318, 44.670069796440394 ], [ 7.291502623403522, 44.670257839984359 ], [ 7.291139697536952, 44.67019839429711 ], [ 7.290823553117552, 44.670049623796636 ], [ 7.290335627056245, 44.669790251524041 ], [ 7.290232159777715, 44.670184807643786 ], [ 7.290543673209122, 44.67049105238619 ], [ 7.290618905278397, 44.670654221883652 ], [ 7.290877226362252, 44.670946165719322 ], [ 7.290856422464794, 44.671211424974743 ], [ 7.290941089745259, 44.671509771409688 ], [ 7.291251286924591, 44.671847502838411 ], [ 7.291533276019742, 44.672099288573691 ], [ 7.291480569966206, 44.672229034612293 ], [ 7.291396077300985, 44.672380810936531 ], [ 7.291332455677977, 44.672586913898435 ], [ 7.291375492967908, 44.672839624970351 ], [ 7.291357418366664, 44.67323996097263 ], [ 7.291458666357403, 44.67343052635006 ], [ 7.291623338453485, 44.673730069350235 ], [ 7.291572955837373, 44.674089411148913 ], [ 7.291413084915804, 44.674069014083159 ], [ 7.291017978115254, 44.673883052975427 ], [ 7.290750648043625, 44.673897056048794 ], [ 7.290561608389794, 44.67397074623247 ], [ 7.290238167131244, 44.674069430713402 ], [ 7.289901587498345, 44.674158915101252 ], [ 7.289619144489749, 44.674231204705961 ], [ 7.289203622772538, 44.674283494867424 ], [ 7.289032208153434, 44.674213408345274 ], [ 7.28893861201877, 44.67447307506864 ], [ 7.288797190082176, 44.674777036878233 ], [ 7.288633193509374, 44.674990636230937 ], [ 7.28851377006499, 44.675042860481469 ], [ 7.288179302165122, 44.675060352308101 ], [ 7.287952964156038, 44.675034452649484 ], [ 7.287383929569688, 44.674863875612694 ], [ 7.287061803976968, 44.674917558856784 ], [ 7.286817294815804, 44.675066930931223 ], [ 7.286731600284483, 44.675245692861125 ], [ 7.286458560165729, 44.675453151561378 ], [ 7.286068759027575, 44.675541825859426 ], [ 7.285798910995528, 44.675641302221699 ], [ 7.285618337517097, 44.675868151906805 ], [ 7.285120542826151, 44.675995712095826 ], [ 7.284678999654056, 44.676034091339872 ], [ 7.284672723166511, 44.676394092564742 ], [ 7.284583759697254, 44.676869882508903 ], [ 7.28420430575216, 44.677062233321344 ], [ 7.283833522871702, 44.677227706040519 ], [ 7.282966514150016, 44.677493744731912 ], [ 7.282425857348934, 44.677656658074476 ], [ 7.282253754092475, 44.677676574905441 ], [ 7.282755994204611, 44.678413323119564 ], [ 7.28303741471791, 44.678764147259564 ], [ 7.283286765575085, 44.679132493266806 ], [ 7.283712174686678, 44.679494482977859 ], [ 7.283849354692182, 44.679415523542644 ], [ 7.284307907462465, 44.679282878114662 ], [ 7.284695147984808, 44.679014123749596 ], [ 7.285061354461911, 44.678817071197926 ], [ 7.285457939826946, 44.678926554728271 ], [ 7.285710827339106, 44.67898886749304 ], [ 7.286098385353124, 44.678976681069244 ], [ 7.286478716852899, 44.678982389643451 ], [ 7.286918947400151, 44.679002499263909 ], [ 7.287191804163518, 44.679029098825936 ], [ 7.28729192050217, 44.679030600682701 ], [ 7.287551177081896, 44.679291057354206 ], [ 7.287806591009385, 44.67924087356738 ], [ 7.28814883906586, 44.679187489968015 ], [ 7.288403188287446, 44.67915979484124 ], [ 7.288531822077402, 44.679103207613799 ], [ 7.288574279860171, 44.679013820198705 ], [ 7.288630976917657, 44.678681581817358 ], [ 7.288862627756914, 44.67852751204876 ], [ 7.289026755641924, 44.678390434732627 ], [ 7.289082338730326, 44.67831024619116 ], [ 7.289107978255037, 44.678243112506429 ], [ 7.289099067183821, 44.678130449158047 ], [ 7.289635711094543, 44.677620852227996 ], [ 7.290168242676649, 44.677250728142468 ], [ 7.29026863393729, 44.677175711215256 ], [ 7.290429177462092, 44.677146606820116 ], [ 7.290668351656202, 44.677366245051047 ], [ 7.291276133674624, 44.6777759487819 ], [ 7.291705921009116, 44.677426785801181 ], [ 7.292093250208626, 44.67719401710665 ], [ 7.292320387068375, 44.677179409754089 ], [ 7.292745453352018, 44.677487346469263 ], [ 7.29305151168286, 44.677752991719153 ], [ 7.293324323976187, 44.678009136801457 ], [ 7.293341894899131, 44.678202950741287 ], [ 7.29310799758334, 44.678555048508166 ], [ 7.293010889181069, 44.678679630115354 ], [ 7.292915851083782, 44.678961784322439 ], [ 7.292896079207917, 44.679393603146046 ], [ 7.292863546278276, 44.67981622875228 ], [ 7.292824982417853, 44.680229761762249 ], [ 7.292807229158562, 44.680378035623391 ], [ 7.292850413409919, 44.680572232541486 ], [ 7.292922509317435, 44.680762360517988 ], [ 7.292947851289311, 44.680812252512006 ], [ 7.29300644368513, 44.68087164400059 ], [ 7.293240302294628, 44.68085713532485 ], [ 7.293387011199462, 44.68109789143022 ], [ 7.293453982658863, 44.681314949602736 ], [ 7.293487972946428, 44.681527013593545 ], [ 7.293631825794823, 44.681623688581567 ], [ 7.294144865045911, 44.681662863197303 ], [ 7.294237078692508, 44.681704751603114 ], [ 7.294124725952293, 44.681892123008431 ], [ 7.293877557830869, 44.682117990544263 ], [ 7.293880423538966, 44.68224856787549 ], [ 7.294124751807986, 44.682576304265332 ], [ 7.2943249474792, 44.682808855845536 ], [ 7.29441492229476, 44.682967741580562 ], [ 7.294470577554668, 44.683301660968297 ], [ 7.294388546328482, 44.683597514052742 ], [ 7.29445209085749, 44.683931551269566 ], [ 7.294357023272767, 44.684443266608497 ], [ 7.294352626664264, 44.684821300738435 ], [ 7.294377653211679, 44.685339311210384 ], [ 7.2942743232601, 44.685661853064445 ], [ 7.294143406633143, 44.686024493332958 ], [ 7.293991059368128, 44.686445328644993 ], [ 7.293853786332533, 44.687023930511259 ], [ 7.293653476468027, 44.687480058067614 ], [ 7.293600368687047, 44.687636805874448 ], [ 7.293484972288796, 44.687765615561034 ], [ 7.293477043682304, 44.688035568206196 ], [ 7.293561614252533, 44.688338411646576 ], [ 7.293595746931129, 44.688532472754858 ], [ 7.293578610991938, 44.68888781028366 ], [ 7.293708763942787, 44.689236346671123 ], [ 7.293807403498723, 44.689516894201681 ], [ 7.293901052967787, 44.689738851670469 ], [ 7.294075557362452, 44.689705449644919 ], [ 7.294349265657654, 44.689718541235273 ], [ 7.294600753163587, 44.689789815665499 ], [ 7.294763040175123, 44.689715719440215 ], [ 7.294948207512595, 44.689560943347928 ], [ 7.295046650992723, 44.689391368403108 ], [ 7.295107913864465, 44.68911771093142 ], [ 7.295302553622025, 44.688855047248374 ], [ 7.29550282516453, 44.688695994560412 ], [ 7.295642665225268, 44.688419008617217 ], [ 7.295799588921497, 44.688205294083943 ], [ 7.296073165930409, 44.688128355866098 ], [ 7.296449231480554, 44.688012435541083 ], [ 7.296681955175819, 44.687822356654564 ], [ 7.296901535932466, 44.68762307886896 ], [ 7.296856109139484, 44.687302817028083 ], [ 7.296760509072203, 44.686824265159977 ], [ 7.29646333776117, 44.686455235518999 ], [ 7.296173261938311, 44.686126821653744 ], [ 7.296159361748844, 44.68586104417242 ], [ 7.296111320770781, 44.685482227495861 ], [ 7.296680233539073, 44.685526725698814 ], [ 7.297116848804189, 44.685510732538226 ], [ 7.297515907142878, 44.685215104055231 ], [ 7.297722857231782, 44.685110161211249 ], [ 7.297969487164398, 44.685010310697287 ], [ 7.298402822589547, 44.684917743522504 ], [ 7.298532631034287, 44.684915176838437 ], [ 7.298672173572808, 44.684876745549346 ], [ 7.298726695319163, 44.684805538952098 ], [ 7.298585603952826, 44.684614386626627 ], [ 7.297956944371615, 44.684186406252948 ], [ 7.297806645084328, 44.68408063826795 ], [ 7.297729141432147, 44.683980456622145 ], [ 7.298138267741936, 44.68406757704409 ], [ 7.298562522892918, 44.684069398862732 ], [ 7.29882109374585, 44.684100258905801 ], [ 7.298961546535525, 44.684084346763186 ], [ 7.299205005257846, 44.683984446313872 ], [ 7.299274522527555, 44.683886455687563 ], [ 7.299281107449803, 44.683688501459805 ], [ 7.299212530392006, 44.683498429998579 ], [ 7.299163665537189, 44.683335659273858 ], [ 7.299052665221337, 44.683032425997034 ], [ 7.298855478825085, 44.682696400185534 ], [ 7.298656455919686, 44.682409859739572 ], [ 7.298364675168876, 44.682166948442401 ], [ 7.298197045605404, 44.681912383375582 ], [ 7.298148049539408, 44.681848636408482 ], [ 7.298278132682721, 44.68164802172663 ], [ 7.298591487418315, 44.681450138088039 ], [ 7.298788314593003, 44.681340541203241 ], [ 7.299028217932131, 44.681213580963103 ], [ 7.299009454749075, 44.680938728784945 ], [ 7.298787034205046, 44.680791376833746 ], [ 7.298340494698296, 44.680528154647646 ], [ 7.298292946536276, 44.680333894758228 ], [ 7.298206694591743, 44.679630423300658 ], [ 7.29806811420005, 44.679340281381783 ], [ 7.297842413415065, 44.67929190488713 ], [ 7.297347250502522, 44.679329533738041 ], [ 7.296823572259362, 44.67943875414889 ], [ 7.296287945412881, 44.679484777171744 ], [ 7.295995114429485, 44.679453400066812 ], [ 7.29591905355603, 44.679317229116648 ], [ 7.296096559133515, 44.679180341305639 ], [ 7.296390593420688, 44.67907670033852 ], [ 7.296708807405588, 44.678928407406715 ], [ 7.296952643487995, 44.678815013725881 ], [ 7.297017296364368, 44.678653935138982 ], [ 7.296893824658735, 44.678535062427898 ], [ 7.296770204431769, 44.678434192136606 ], [ 7.296699537453872, 44.678329610498054 ], [ 7.29675184797853, 44.678145841957608 ], [ 7.296907810037343, 44.677923108804634 ], [ 7.296939877612237, 44.677743539405135 ], [ 7.296648241634742, 44.677671671055968 ], [ 7.296342939800234, 44.677608600435327 ], [ 7.295758736599253, 44.677496354391394 ], [ 7.295871086659833, 44.677308981199971 ], [ 7.296078545533538, 44.677064511785666 ], [ 7.296391228846659, 44.676875626405064 ], [ 7.296948808395413, 44.676523849124379 ], [ 7.29700715280055, 44.67636267638553 ], [ 7.296876056050879, 44.67627519824191 ], [ 7.296718819595452, 44.67617832760736 ], [ 7.296455825578252, 44.676030365724337 ], [ 7.296235018042903, 44.675869529175095 ], [ 7.29621939806326, 44.675729759054221 ], [ 7.296335153585721, 44.675600951701192 ], [ 7.296706561842189, 44.675223891462529 ], [ 7.296970512617905, 44.6748677331991 ], [ 7.297042520963775, 44.67469776181612 ], [ 7.297368326840853, 44.674518071796506 ], [ 7.29775717126639, 44.674460852980133 ], [ 7.297875132118173, 44.674525628329782 ], [ 7.297939628407574, 44.674612112532536 ], [ 7.298236797322724, 44.674400484754933 ], [ 7.297885812715971, 44.674080169173244 ], [ 7.297594733844134, 44.673760745729055 ], [ 7.297420957987592, 44.673555600705221 ], [ 7.297180191012626, 44.673335952735499 ], [ 7.297567471092113, 44.673103164555052 ], [ 7.297934777485201, 44.672879079690304 ], [ 7.29823153318311, 44.672761970839737 ], [ 7.298300116181939, 44.672695475079827 ], [ 7.298437528336446, 44.672566988299558 ], [ 7.298814931912998, 44.67244207739531 ], [ 7.299115489091862, 44.672437552806763 ], [ 7.299192213731257, 44.67232166462319 ], [ 7.299612434607484, 44.672336926005009 ], [ 7.299964349724749, 44.672409684378749 ], [ 7.300357241995515, 44.672442540891488 ], [ 7.300577532033246, 44.672432316357764 ], [ 7.30092827673859, 44.67231600405399 ], [ 7.301411685206194, 44.672219669162651 ], [ 7.301762415559098, 44.67210335407627 ], [ 7.301945803141677, 44.671993551667406 ], [ 7.302052985227952, 44.671914124096702 ], [ 7.302299688772, 44.671755749512585 ], [ 7.302608907886201, 44.671683826548843 ], [ 7.302980385879612, 44.671545310158258 ], [ 7.303145111118901, 44.671480240407497 ], [ 7.303293683151064, 44.671414930375953 ], [ 7.30342950576762, 44.671340428308326 ], [ 7.303659775646134, 44.671231319754042 ], [ 7.304297634749562, 44.670867195313775 ], [ 7.304748187848888, 44.670531794772117 ], [ 7.30508274006222, 44.670239682478098 ], [ 7.305216060101897, 44.670061613540526 ], [ 7.305504758717578, 44.669773320544721 ], [ 7.305541125325141, 44.669431769102871 ], [ 7.305693488161821, 44.669249480990466 ], [ 7.30592269677064, 44.669176361677415 ], [ 7.306098312443165, 44.669102446820112 ], [ 7.306197211528481, 44.668914863633276 ], [ 7.306116946493994, 44.668828150077935 ], [ 7.3056502444725, 44.668582661688895 ], [ 7.305233458229156, 44.668450442320079 ], [ 7.305668610285041, 44.668303859816874 ], [ 7.305977804135519, 44.668110394888522 ], [ 7.306206077956157, 44.667758186681667 ], [ 7.306257811166424, 44.667551898887773 ], [ 7.306573819864725, 44.667327025005463 ], [ 7.306883909535856, 44.666967026427578 ], [ 7.307170885524274, 44.666575175882727 ], [ 7.307265285291121, 44.666216479312723 ], [ 7.307360091361278, 44.665830781453856 ], [ 7.307636156099754, 44.665609813598223 ], [ 7.308112272719802, 44.665409814451927 ], [ 7.308230860414538, 44.665236024741503 ], [ 7.308522822636167, 44.665064803501615 ], [ 7.30923809362013, 44.664800824308841 ], [ 7.309456086628152, 44.664448457158812 ], [ 7.30977649604663, 44.663976073250019 ], [ 7.310029697841602, 44.663754761075459 ], [ 7.310180334250417, 44.663617453279919 ], [ 7.31046012582821, 44.663864658863822 ], [ 7.310581680251653, 44.664375093506187 ], [ 7.310577516802511, 44.664667610110662 ], [ 7.31056037371856, 44.665108474340066 ], [ 7.310605492120434, 44.665577267007578 ], [ 7.310621279711009, 44.665753047497816 ], [ 7.310712755755328, 44.666200019971136 ], [ 7.310742590991477, 44.666326495045617 ], [ 7.310860322524021, 44.666602810147069 ], [ 7.31130943785057, 44.666857019602062 ], [ 7.31177919121724, 44.667134038443969 ], [ 7.311857343702768, 44.667184707197102 ], [ 7.312624080144341, 44.667457110757518 ], [ 7.313179727833805, 44.667654371561468 ], [ 7.31407101064024, 44.667969116141556 ], [ 7.314674991405902, 44.668090562913143 ], [ 7.315203674611614, 44.668062355794142 ], [ 7.315656502806942, 44.667753952775513 ], [ 7.316051856858858, 44.667129616198082 ], [ 7.315964497901469, 44.666525166714116 ], [ 7.315635551134592, 44.666313259196826 ], [ 7.313308713869377, 44.665518206239923 ], [ 7.312653777131261, 44.665278967893656 ], [ 7.312450159536425, 44.665082406857849 ], [ 7.31231538591122, 44.664958882326374 ], [ 7.312271502348354, 44.664881713210178 ], [ 7.312152470807109, 44.664663895910749 ], [ 7.311917810236036, 44.664232812426533 ], [ 7.311721015574244, 44.663937324454494 ], [ 7.311536047887093, 44.663669018252683 ], [ 7.311367881367874, 44.663405461428304 ], [ 7.311365724355874, 44.66304533319272 ], [ 7.311373563044786, 44.662775376859507 ], [ 7.311487156637758, 44.662651023075583 ], [ 7.311698976445078, 44.662442598771442 ], [ 7.312135232017492, 44.662174475227296 ], [ 7.312442277155513, 44.662012469242583 ], [ 7.312822719231943, 44.661752520511399 ], [ 7.313074580741421, 44.661508675660521 ], [ 7.313536851309308, 44.661348960007253 ], [ 7.313823821454086, 44.661348697162872 ], [ 7.313974221815897, 44.661463448328831 ], [ 7.314157564805623, 44.661448150743254 ], [ 7.314658694385044, 44.66119898018119 ], [ 7.314929488991751, 44.661103950469858 ], [ 7.315080779728334, 44.661079175943435 ], [ 7.314739398657506, 44.660876084587962 ], [ 7.314709827934275, 44.660754115555825 ], [ 7.31471478222572, 44.660583142849802 ], [ 7.314779093609041, 44.660417547454216 ], [ 7.314948100856919, 44.66029850925581 ], [ 7.315100959763885, 44.660273757841999 ], [ 7.315461328349156, 44.660175547444219 ], [ 7.315705733594561, 44.660188155485208 ], [ 7.315915366229552, 44.660258765804826 ], [ 7.31622311038089, 44.660371333494744 ], [ 7.316426627392072, 44.660189785125581 ], [ 7.316716179176757, 44.660018507221302 ], [ 7.316862993959064, 44.659971158304884 ], [ 7.317078485838633, 44.659839298561359 ], [ 7.31743305451444, 44.659709487990987 ], [ 7.317632281367411, 44.659689917679415 ], [ 7.317925256986697, 44.659617713694594 ], [ 7.318478108230223, 44.659378290646508 ], [ 7.318813268782319, 44.659401230990369 ], [ 7.319228811081584, 44.659425353654846 ], [ 7.319741654339711, 44.659369885020432 ], [ 7.320039738515152, 44.659243736292254 ], [ 7.320236512619494, 44.658967556518988 ], [ 7.320310997466676, 44.658599553278691 ], [ 7.320558611455937, 44.658351128073633 ], [ 7.320826067117753, 44.658166011042049 ], [ 7.321266451319413, 44.657875407051542 ], [ 7.321810486797327, 44.65729824751277 ], [ 7.322247021879199, 44.656935563773658 ], [ 7.322573441667934, 44.656755810227423 ], [ 7.322890002277556, 44.656562407296136 ], [ 7.32363128127735, 44.656429254550382 ], [ 7.323966540981951, 44.656366658238682 ], [ 7.324337755606924, 44.65627308015145 ], [ 7.3249320266021, 44.655975717821413 ], [ 7.325331171905075, 44.655788020845812 ], [ 7.325688202223881, 44.655680726678987 ], [ 7.326204274285363, 44.655593767827476 ], [ 7.326346556280384, 44.655757897094823 ], [ 7.326420356338842, 44.655740974015842 ], [ 7.32652417693247, 44.655611960644308 ], [ 7.326634701771667, 44.655483045431716 ], [ 7.326815778686466, 44.655449689432309 ], [ 7.327009231071869, 44.655466027790858 ], [ 7.32709499372988, 44.655498792868961 ], [ 7.32745466809311, 44.655436544011316 ], [ 7.327713211221599, 44.655354808019538 ], [ 7.327802466303177, 44.655266091037205 ], [ 7.327894933829072, 44.655298953711586 ], [ 7.328076785412508, 44.655238599791758 ], [ 7.328120422870269, 44.655311258140614 ], [ 7.328269330627611, 44.655272927572447 ], [ 7.32832031164358, 44.655350194575213 ], [ 7.328469333582438, 44.655280356944978 ], [ 7.328651701631931, 44.655202004827409 ], [ 7.328821589474819, 44.655105464907408 ], [ 7.329427563807283, 44.654920780661982 ], [ 7.329811105285866, 44.654809360254724 ], [ 7.330290104103243, 44.654681329697098 ], [ 7.330780252989339, 44.654535455289725 ], [ 7.331340852292219, 44.654489635040619 ], [ 7.331595940000524, 44.654610394235497 ], [ 7.331672485222302, 44.654580004235477 ], [ 7.331604327736344, 44.654317938075764 ], [ 7.331657465232026, 44.654224189084509 ], [ 7.332100757917248, 44.653897575869898 ], [ 7.332272789857479, 44.653891086340501 ], [ 7.332364817454498, 44.65384291716606 ], [ 7.332656317756073, 44.653532089502193 ], [ 7.332939801063862, 44.653225645236873 ], [ 7.333217212680358, 44.652856094643461 ], [ 7.333351288056083, 44.652605983913702 ], [ 7.333488961885663, 44.652463954642265 ], [ 7.333974473762616, 44.652286490282023 ], [ 7.334148463904143, 44.652032459785651 ], [ 7.334466944691401, 44.652100122936865 ], [ 7.334719610545427, 44.652126314395282 ], [ 7.335039895276552, 44.652130985276557 ], [ 7.335287674528773, 44.652107590877776 ], [ 7.335871308379811, 44.651999067201174 ], [ 7.336515993719728, 44.651864422744779 ], [ 7.337233677379855, 44.651712832879383 ], [ 7.337818604860941, 44.651572809578461 ], [ 7.338428617949942, 44.651451153188326 ], [ 7.338825910985002, 44.651353406161824 ], [ 7.33926298414822, 44.65122922908121 ], [ 7.339545770139391, 44.65113881639612 ], [ 7.340440116861488, 44.650679191581197 ], [ 7.341623915303589, 44.650115735053141 ], [ 7.341510810492501, 44.649866525408044 ], [ 7.341410858271636, 44.649626509130115 ], [ 7.341372556411185, 44.649490916290326 ], [ 7.341962525650288, 44.649476978947973 ], [ 7.342308804678829, 44.649495510540831 ], [ 7.342517678479346, 44.649440027069801 ], [ 7.342589601411447, 44.649391557755948 ], [ 7.342583196198404, 44.649242924676344 ], [ 7.342574029175775, 44.649094251502163 ], [ 7.342649482435955, 44.649018826101717 ], [ 7.342909028654279, 44.648941571352402 ], [ 7.343271042187365, 44.648753272466323 ], [ 7.343669963327651, 44.648570009046402 ], [ 7.344030585928017, 44.648458208230267 ], [ 7.344155028433135, 44.64840599840133 ], [ 7.34421772802892, 44.648321384565143 ], [ 7.344297353842134, 44.648210008845048 ], [ 7.344324067962181, 44.648102367036557 ], [ 7.344433119412773, 44.648022926420985 ], [ 7.344662191539393, 44.647936223364475 ], [ 7.344753943613414, 44.647897042582777 ], [ 7.344791575669922, 44.647821067450167 ], [ 7.344783344580701, 44.647694914067422 ], [ 7.344752402371548, 44.647590937523525 ], [ 7.344823652769183, 44.647524452169506 ], [ 7.344989211379486, 44.647495343531709 ], [ 7.345945865905529, 44.647432685466029 ], [ 7.346547319739265, 44.64736037496079 ], [ 7.346894610678476, 44.647342897559533 ], [ 7.346721695388457, 44.646854262493655 ], [ 7.346582962046189, 44.646577679337767 ], [ 7.346539277899615, 44.646464516307816 ], [ 7.346527671807475, 44.646401331191754 ], [ 7.346825492564834, 44.646252602278423 ], [ 7.34731901094468, 44.646025683456706 ], [ 7.347557877836824, 44.645885101714541 ], [ 7.347774021585179, 44.645739689437676 ], [ 7.347945766515865, 44.645575629477442 ], [ 7.348110168221337, 44.645433969106698 ], [ 7.348260412067738, 44.645305607340319 ], [ 7.348430877338896, 44.645186540309524 ], [ 7.348592978402924, 44.645125867887451 ], [ 7.348771765239126, 44.645060935322718 ], [ 7.348937814173955, 44.645013823157932 ], [ 7.34899907895444, 44.644938188333434 ], [ 7.349040904493123, 44.644713732180222 ], [ 7.349031651814586, 44.644470532574857 ], [ 7.348949594415088, 44.644307302155035 ], [ 7.349184060948102, 44.644265680155769 ], [ 7.349544224702659, 44.644279889324174 ], [ 7.349864067595356, 44.644284512200379 ], [ 7.350199237878873, 44.644235341021137 ], [ 7.350534396164391, 44.644186168683497 ], [ 7.350834934730615, 44.644177006302982 ], [ 7.351037752760624, 44.644125920929852 ], [ 7.351335189690874, 44.644031189271772 ], [ 7.351503291692342, 44.643925587157092 ], [ 7.351752698461144, 44.643843664604645 ], [ 7.352049495758832, 44.643771427943499 ], [ 7.352357863119845, 44.64370835990885 ], [ 7.352677025010709, 44.643681456535852 ], [ 7.352963790919572, 44.643699097158127 ], [ 7.353194814596224, 44.643778950177619 ], [ 7.35335360825961, 44.643835254981461 ], [ 7.353559516099061, 44.643869732853126 ], [ 7.353707059543725, 44.643835850548285 ], [ 7.353677804042216, 44.643713895795607 ], [ 7.353626995936507, 44.643420583912764 ], [ 7.353817065569379, 44.643373810989026 ], [ 7.35398262746103, 44.643358192984373 ], [ 7.354097938718095, 44.6436974467453 ], [ 7.354277145191149, 44.643826064028659 ], [ 7.354331094818747, 44.643952875765471 ], [ 7.354689137933422, 44.643791490569861 ], [ 7.355238138493181, 44.643551833208711 ], [ 7.355763884636063, 44.643311838322923 ], [ 7.357073588725544, 44.64277253986787 ], [ 7.357512346419552, 44.642598803489328 ], [ 7.358153468650044, 44.642333449869994 ], [ 7.359051553888373, 44.641954754163592 ], [ 7.360974617423317, 44.641181158172792 ], [ 7.361325066008164, 44.641078158935059 ], [ 7.362146094124228, 44.64101341838925 ], [ 7.362990865965504, 44.640917503801028 ], [ 7.363000341857606, 44.640818612774474 ], [ 7.363083335496275, 44.640711773299444 ], [ 7.363312361812701, 44.640638535689611 ], [ 7.363447277505306, 44.640590956090605 ], [ 7.363535834505345, 44.640524707022642 ], [ 7.363744899628476, 44.640446681226926 ], [ 7.364180205975724, 44.640394402676115 ], [ 7.364428282831556, 44.640343941863897 ], [ 7.364556252464487, 44.640305263896416 ], [ 7.364637978273295, 44.640243417345694 ], [ 7.364700628947192, 44.640145287760092 ], [ 7.364758241527007, 44.640002073758382 ], [ 7.364850967573766, 44.639787343019051 ], [ 7.365075187910568, 44.63940794986928 ], [ 7.365238382948983, 44.639293254718751 ], [ 7.365360416411013, 44.639227483511526 ], [ 7.365502271408547, 44.639170998368968 ], [ 7.365730772792253, 44.639102249592447 ], [ 7.366511295994851, 44.638879355026297 ], [ 7.366793728516142, 44.638797871987563 ], [ 7.367069354031725, 44.638720792122641 ], [ 7.367447289458436, 44.638577656115245 ], [ 7.36774350357962, 44.638482864098741 ], [ 7.368161963443639, 44.638299794010855 ], [ 7.368391100208603, 44.638222046527723 ], [ 7.368600150717199, 44.638144011593177 ], [ 7.368709241339036, 44.638132066552309 ], [ 7.368981354779301, 44.638095442899314 ], [ 7.369442373687556, 44.638052513986665 ], [ 7.369867311232612, 44.638018070536397 ], [ 7.37042347442656, 44.637940486187226 ], [ 7.370878839680177, 44.63777593772101 ], [ 7.371269158304012, 44.637668975507459 ], [ 7.371585172159313, 44.637569954709342 ], [ 7.371875439006677, 44.637461563454082 ], [ 7.372079678498635, 44.637315935158973 ], [ 7.372269504882394, 44.637206110824309 ], [ 7.372386207351915, 44.637090742604038 ], [ 7.372448715729673, 44.636997107904747 ], [ 7.37251097229955, 44.636912472030801 ], [ 7.372561116306191, 44.636796154902306 ], [ 7.372645470337483, 44.636639814305589 ], [ 7.37269687168254, 44.636478502777848 ], [ 7.37278210531422, 44.636290666028728 ], [ 7.37286406833349, 44.636219814470124 ], [ 7.373026358912968, 44.636136603804388 ], [ 7.373234264200263, 44.636099055062282 ], [ 7.373374331526206, 44.636092048113532 ], [ 7.373749606507935, 44.636043379001741 ], [ 7.374265073557068, 44.635983201163292 ], [ 7.374568820132565, 44.63595601701887 ], [ 7.374868323011481, 44.635883759405615 ], [ 7.375165253854569, 44.635761950917527 ], [ 7.375429608178035, 44.635621673251457 ], [ 7.375769329658445, 44.635392442575899 ], [ 7.375913310969201, 44.635259453846693 ], [ 7.376106135869286, 44.635041636300471 ], [ 7.376250366539852, 44.634899648230785 ], [ 7.376441067119562, 44.634758320751835 ], [ 7.376583515013127, 44.634665820400372 ], [ 7.376772320629428, 44.634591983824144 ], [ 7.376988364814341, 44.634559045162099 ], [ 7.377414527257264, 44.634479578717453 ], [ 7.377946259086483, 44.634428617816049 ], [ 7.378347805461268, 44.634398311682617 ], [ 7.378844864225008, 44.634333350460444 ], [ 7.379149377211844, 44.634292661312244 ], [ 7.379349317185744, 44.634300000614743 ], [ 7.37951599414322, 44.634356380992756 ], [ 7.379922689821631, 44.634551203756082 ], [ 7.380189271447323, 44.634712528847878 ], [ 7.38042040567456, 44.634873350519534 ], [ 7.380637189680196, 44.634997958384361 ], [ 7.380827258739872, 44.635077174731443 ], [ 7.38101499963097, 44.635084338122276 ], [ 7.381309411673292, 44.635052502446264 ], [ 7.381697916818574, 44.634994992287126 ], [ 7.382139734107605, 44.634947238667095 ], [ 7.382455616327036, 44.634866190752199 ], [ 7.382811265957231, 44.634785705211236 ], [ 7.383047072533639, 44.634708022709844 ], [ 7.383396808476279, 44.634627451595257 ], [ 7.383610474461519, 44.634580963042374 ], [ 7.383881688484007, 44.63457579968594 ], [ 7.38414414563393, 44.634602020350627 ], [ 7.38435648208499, 44.63464553612922 ], [ 7.384548859104444, 44.634684267897114 ], [ 7.384829885341364, 44.634652233749215 ], [ 7.385138992007574, 44.634701618143922 ], [ 7.385357324626651, 44.634713708273921 ], [ 7.385814979824276, 44.634819206108013 ], [ 7.386258504381807, 44.634865986443522 ], [ 7.386597898752987, 44.634888787582305 ], [ 7.386938057002611, 44.634898094822091 ], [ 7.387105032188565, 44.634886949921466 ], [ 7.38728663599773, 44.634830999124112 ], [ 7.387589740355256, 44.634727250379285 ], [ 7.387799251880136, 44.634631181815834 ], [ 7.387994621596572, 44.634561920576807 ], [ 7.38826338902315, 44.634502697537101 ], [ 7.38861067548658, 44.63445358445378 ], [ 7.38897357460811, 44.634395688144728 ], [ 7.389388233124155, 44.634361026937491 ], [ 7.389843044092331, 44.634313426769666 ], [ 7.390203878708713, 44.634287006026142 ], [ 7.390505855632247, 44.634223744677449 ], [ 7.390788261342275, 44.634155705475372 ], [ 7.391016838797575, 44.634082405836388 ], [ 7.39127928313955, 44.634009582901534 ], [ 7.391554594960671, 44.633941441852308 ], [ 7.391810318930718, 44.633855019341318 ], [ 7.39210028230262, 44.633755574736881 ], [ 7.392323780965824, 44.633623684988521 ], [ 7.392405857790217, 44.633561823411547 ], [ 7.392508126154713, 44.633482241129194 ], [ 7.392583494813491, 44.633406781297147 ], [ 7.392594037014395, 44.633267391627911 ], [ 7.392576437508898, 44.633177119296896 ], [ 7.392565416172607, 44.633091440797713 ], [ 7.392554880351597, 44.632987764216907 ], [ 7.392618983844628, 44.632849128561205 ], [ 7.392767979942098, 44.632761201377498 ], [ 7.39301081752904, 44.632670093536532 ], [ 7.393212876949189, 44.632600917487771 ], [ 7.393461777619188, 44.632518896463466 ], [ 7.393863896330237, 44.632452533936494 ], [ 7.394244458233262, 44.632453385271639 ], [ 7.394537485777633, 44.632471009496498 ], [ 7.394796551644312, 44.632506160443633 ], [ 7.395281585293303, 44.63257599541295 ], [ 7.395606490486403, 44.632652580878386 ], [ 7.39587087351569, 44.632737317617398 ], [ 7.396082356309477, 44.632812308201267 ], [ 7.396248816873698, 44.632819147601438 ], [ 7.39659827010741, 44.632734030792562 ], [ 7.39679957077259, 44.63269184511136 ], [ 7.39691386197807, 44.632661941195941 ], [ 7.397055033973025, 44.632614409621624 ], [ 7.397251158893341, 44.632531639420549 ], [ 7.397480577654421, 44.63242683001485 ], [ 7.397756771417127, 44.632340681440496 ], [ 7.397970949688578, 44.63230317562244 ], [ 7.398125283597929, 44.632278333535837 ], [ 7.39830539509911, 44.632276358988854 ], [ 7.398440100481435, 44.632291752196622 ], [ 7.398745389839195, 44.632336544982493 ], [ 7.399016535796921, 44.632376356988644 ], [ 7.399269025652482, 44.632406904349764 ], [ 7.399425073868956, 44.632463106665455 ], [ 7.399647732566069, 44.632475230099509 ], [ 7.399968024663514, 44.632461713909855 ], [ 7.400161889388571, 44.632446425469496 ], [ 7.400282992957822, 44.632412112398939 ], [ 7.400478723220308, 44.632329331116907 ], [ 7.400707300510636, 44.632269515724751 ], [ 7.401156515765326, 44.632194784688181 ], [ 7.401759313284018, 44.632108698045826 ], [ 7.402603798877431, 44.631958471239464 ], [ 7.402939463382953, 44.63188664577968 ], [ 7.403236363092288, 44.63186379076204 ], [ 7.403413692910608, 44.631848265562446 ], [ 7.403613875508189, 44.631846563286565 ], [ 7.403793511725756, 44.63187608204079 ], [ 7.403991331335526, 44.631946365745641 ], [ 7.404157204991646, 44.631989195244827 ], [ 7.404329256856339, 44.632036612072156 ], [ 7.404479111591455, 44.632074716010081 ], [ 7.404607321178493, 44.632126021006862 ], [ 7.404817426213271, 44.632236986000279 ], [ 7.40502024457795, 44.63238385865511 ], [ 7.405256776299958, 44.632522199358185 ], [ 7.405436642154148, 44.632529212584409 ], [ 7.405669914888793, 44.632527968807281 ], [ 7.40582375357052, 44.63252111431192 ], [ 7.405950447669071, 44.632527384344357 ], [ 7.406143079489556, 44.632557080824604 ], [ 7.406287609223704, 44.632631117888515 ], [ 7.406541613826941, 44.632621159238454 ], [ 7.406696663986061, 44.632555804491581 ], [ 7.407269570649327, 44.632352239675193 ], [ 7.407538658389907, 44.632265968296998 ], [ 7.408096054260302, 44.632125200210332 ], [ 7.408358211968039, 44.632061336426936 ], [ 7.408559759800672, 44.632010130978379 ], [ 7.408833444385841, 44.632000441518791 ], [ 7.408959891842803, 44.632015707233087 ], [ 7.409090796353867, 44.632098553355341 ], [ 7.409161121771515, 44.632221066390542 ], [ 7.409198195434265, 44.632320609966818 ], [ 7.409261819000478, 44.632443029564037 ], [ 7.409549332151796, 44.632663093746167 ], [ 7.409819578498325, 44.632779388454288 ], [ 7.40995831521569, 44.632835335273683 ], [ 7.410171162032809, 44.632932824895981 ], [ 7.410493226965543, 44.633027333352388 ], [ 7.410784421072021, 44.633112408775389 ], [ 7.410861789612775, 44.633208011398267 ], [ 7.410831227775963, 44.633360627831323 ], [ 7.410823062877204, 44.633414528939689 ], [ 7.411095648602513, 44.633445329825683 ], [ 7.411465320780195, 44.633585510292832 ], [ 7.411985901874717, 44.633826815497592 ], [ 7.412651274451635, 44.634133148493412 ], [ 7.412961960226991, 44.634240995460623 ], [ 7.413239046066681, 44.634352875882293 ], [ 7.413437752890101, 44.63446366657557 ], [ 7.413625748786243, 44.634605816707165 ], [ 7.413773477315445, 44.63469339239802 ], [ 7.413843830648724, 44.634685367276951 ], [ 7.413972001622623, 44.634637634183342 ], [ 7.414107721569882, 44.634558497197709 ], [ 7.4142839566577, 44.634452915347175 ], [ 7.41452191603042, 44.634294175575178 ], [ 7.414722118719876, 44.634292454097007 ], [ 7.415065519336136, 44.634414253223142 ], [ 7.415592814283285, 44.634655635144334 ], [ 7.415918672572471, 44.634799694416074 ], [ 7.416246535736336, 44.634898768283691 ], [ 7.416398788624313, 44.634950393505285 ], [ 7.416697683014801, 44.634999550793374 ], [ 7.416809009788044, 44.635064111641569 ], [ 7.416809460080952, 44.635293680501761 ], [ 7.41677744404966, 44.63550029304885 ], [ 7.416800894004447, 44.635608647658835 ], [ 7.416955569305163, 44.635817848678769 ], [ 7.417006408167701, 44.635904076827984 ], [ 7.417044265577628, 44.635990124986257 ], [ 7.417081722075379, 44.636076167572924 ], [ 7.417104583543892, 44.636220523768714 ], [ 7.417124975570423, 44.636441366580513 ], [ 7.417100118214084, 44.636616569831482 ], [ 7.417144422886571, 44.636711709778197 ], [ 7.417201965636488, 44.636798030761241 ], [ 7.417298334206765, 44.636934403386519 ], [ 7.417482790970387, 44.637265549563629 ], [ 7.417487525186976, 44.637337634797937 ], [ 7.417570879292048, 44.637460323127527 ], [ 7.417668472937749, 44.637551700143966 ], [ 7.417753050808944, 44.637629393035482 ], [ 7.417957510680868, 44.637717749399506 ], [ 7.418109527891444, 44.637778371505043 ], [ 7.418551896746131, 44.637942042191405 ], [ 7.418795308876745, 44.63807594880052 ], [ 7.419003774785121, 44.638263385724677 ], [ 7.419192900434473, 44.638423547152655 ], [ 7.41942641319355, 44.638660843535867 ], [ 7.41954847989817, 44.638838080975972 ], [ 7.419652159765762, 44.638952046645748 ], [ 7.419815599184399, 44.639071340483966 ], [ 7.419997561109406, 44.639262909993214 ], [ 7.420113148689991, 44.639417551033617 ], [ 7.420223289612808, 44.639540608022784 ], [ 7.42038091814555, 44.639641815745257 ], [ 7.420544593730113, 44.639752109345523 ], [ 7.420707915125135, 44.639875901483776 ], [ 7.420816715260799, 44.640048452814845 ], [ 7.421034927766905, 44.640371057497852 ], [ 7.421157613149387, 44.640525795606308 ], [ 7.421338450644375, 44.64074435473092 ], [ 7.421454933859035, 44.640881001865552 ], [ 7.421540120269429, 44.640936194206702 ], [ 7.421598893860608, 44.640977517696228 ], [ 7.421676656525427, 44.641059614653535 ], [ 7.421801419218655, 44.641137859967998 ], [ 7.4219043869668, 44.641278821050449 ], [ 7.4219940818443, 44.641415097381774 ], [ 7.422077805656291, 44.64152428378376 ], [ 7.422219485764402, 44.641719794226006 ], [ 7.422459727361935, 44.641957177265247 ], [ 7.422673813322806, 44.642185196029502 ], [ 7.422848102890286, 44.642399161030198 ], [ 7.423051611950704, 44.642523504856413 ], [ 7.423562205225751, 44.642890653240457 ], [ 7.423811099051501, 44.643056133294138 ], [ 7.423829480874514, 44.643119404149871 ], [ 7.423941708063331, 44.64316596550487 ], [ 7.424094488316682, 44.643199582792001 ], [ 7.424201328314697, 44.64318305242891 ], [ 7.424359449438007, 44.643266256512561 ], [ 7.424501850237337, 44.643362747131953 ], [ 7.424620524970442, 44.643476915111471 ], [ 7.424725330525811, 44.643550380627758 ], [ 7.424837169662635, 44.643596935745855 ], [ 7.425009297594054, 44.643657826041256 ], [ 7.4251939451469, 44.643736893636039 ], [ 7.425444454289091, 44.643857380169763 ], [ 7.425567621125437, 44.643980611545061 ], [ 7.425661951598668, 44.644193469623062 ], [ 7.425689192124851, 44.644409903837641 ], [ 7.425754334289827, 44.644536836177807 ], [ 7.42575189856622, 44.644815878304136 ], [ 7.42578292222356, 44.645140393932586 ], [ 7.425770874109212, 44.645338281535672 ], [ 7.425774036597937, 44.645468860533413 ], [ 7.425804965544836, 44.645563812577123 ], [ 7.425862773083127, 44.645641130287189 ], [ 7.426009708997056, 44.645643155885452 ], [ 7.426231463490932, 44.645632708882566 ], [ 7.426603476200079, 44.645646838169384 ], [ 7.427136247400711, 44.645676684478339 ], [ 7.427416236844677, 44.645698545892152 ], [ 7.427667316202152, 44.645711006077832 ], [ 7.428034816456305, 44.645761078323567 ], [ 7.428433953119465, 44.645807083603948 ], [ 7.428635524583805, 44.645872874880716 ], [ 7.428890817492167, 44.64594840744514 ], [ 7.428992827515263, 44.64612535861481 ], [ 7.429059663412986, 44.646364842840121 ], [ 7.429080614462082, 44.646581189641765 ], [ 7.429041673828103, 44.646783208776 ], [ 7.428998119177232, 44.646922147333726 ], [ 7.428987649237427, 44.647061541084277 ], [ 7.429029890628354, 44.647219664948466 ], [ 7.429145178510941, 44.647401299848099 ], [ 7.429301349596281, 44.647542986055619 ], [ 7.429531319822433, 44.647681185891862 ], [ 7.429720614791425, 44.647836830760873 ], [ 7.429836634531173, 44.647991467697175 ], [ 7.429899199920431, 44.648140868261564 ], [ 7.429914687379186, 44.64831212753429 ], [ 7.429942577730965, 44.648519567094162 ], [ 7.429989815750559, 44.648740776328772 ], [ 7.430051775259178, 44.648912674551518 ], [ 7.430188020839088, 44.64906308798092 ], [ 7.430299657685252, 44.649132141018569 ], [ 7.430470204376612, 44.649238013472306 ], [ 7.43071441931516, 44.649344898170447 ], [ 7.430919182870181, 44.649424232905993 ], [ 7.431130639899963, 44.649503659242477 ], [ 7.431395285592751, 44.64958381589252 ], [ 7.431554015108189, 44.649631008548724 ], [ 7.431719838934734, 44.649678298423972 ], [ 7.4318314788009, 44.649747349998883 ], [ 7.431947239485156, 44.649897479969688 ], [ 7.432029792827618, 44.650051655031454 ], [ 7.432118944245596, 44.650223925499965 ], [ 7.43220940395061, 44.650333196818103 ], [ 7.432325651691262, 44.650465328210977 ], [ 7.432514235781118, 44.650647965923497 ], [ 7.432683241262253, 44.650825833358688 ], [ 7.432803286743816, 44.65106604558482 ], [ 7.432803798515268, 44.651295614652803 ], [ 7.432954719293707, 44.651545252907233 ], [ 7.432981116018103, 44.651896710035821 ], [ 7.433041187809891, 44.652388166965636 ], [ 7.433135234680689, 44.652862085193121 ], [ 7.433252366321584, 44.653210286046843 ], [ 7.43329988878898, 44.653435998866634 ], [ 7.433374412801877, 44.653639576061238 ], [ 7.433349231980316, 44.653828281583237 ], [ 7.433355844669889, 44.654080440327128 ], [ 7.433349786024102, 44.654305417916284 ], [ 7.433324604774796, 44.654494123406401 ], [ 7.433266322554632, 44.654682374698254 ], [ 7.433222987748788, 44.654798811638507 ], [ 7.433160556334014, 44.654892480442584 ], [ 7.433127699593586, 44.6551170902545 ], [ 7.433081966295742, 44.655337022130659 ], [ 7.433016356660375, 44.65553417514068 ], [ 7.432931649964909, 44.655708559947499 ], [ 7.432806879157909, 44.655877893583082 ], [ 7.432710227277811, 44.655998099706039 ], [ 7.432646702584075, 44.656132264119613 ], [ 7.432650001663973, 44.656258343365742 ], [ 7.432758477126849, 44.656430878420721 ], [ 7.432954260007222, 44.656595609195612 ], [ 7.433256823068397, 44.656761804863905 ], [ 7.433586428208193, 44.656919368284228 ], [ 7.433917125421048, 44.657036434817357 ], [ 7.434135065629123, 44.657124946846153 ], [ 7.434341435533022, 44.657145781623498 ], [ 7.43475292710366, 44.657218941432632 ], [ 7.435292783313558, 44.65725334798497 ], [ 7.435719517787835, 44.657272698645059 ], [ 7.436251435673514, 44.657279984635011 ], [ 7.436826290506649, 44.657287855969962 ], [ 7.437307522660231, 44.657303445552152 ], [ 7.437740749146523, 44.657345383565008 ], [ 7.438149979104392, 44.657400495332837 ], [ 7.438594431952151, 44.657465089725974 ], [ 7.439144595302491, 44.657526626277182 ], [ 7.43933514264871, 44.657578744214689 ], [ 7.439533615319324, 44.657644473781431 ], [ 7.439703869261715, 44.657777335575929 ], [ 7.439991610773907, 44.657997325370253 ], [ 7.440332188706842, 44.658231539798159 ], [ 7.440693746431454, 44.658448034864968 ], [ 7.440851301727641, 44.65854021061218 ], [ 7.441016648368529, 44.658591981618095 ], [ 7.441209385662539, 44.658621620262949 ], [ 7.441454744981409, 44.658687986557865 ], [ 7.441679288100003, 44.658781075500848 ], [ 7.441836094553088, 44.658886743297884 ], [ 7.441913547810166, 44.658982325657547 ], [ 7.441992765279653, 44.659262481684891 ], [ 7.441940080004501, 44.660243026678756 ], [ 7.44329967658701, 44.660180549062737 ], [ 7.443423645064137, 44.660173236699954 ], [ 7.443569650142325, 44.660697367377082 ], [ 7.443606237725392, 44.660832902396649 ], [ 7.443676268285103, 44.660955389612184 ], [ 7.443778360178753, 44.661132328275976 ], [ 7.443479871652621, 44.66131280928029 ], [ 7.443127820672313, 44.661506062813338 ], [ 7.442924994028816, 44.661602323691305 ], [ 7.442872842346088, 44.6616511257985 ], [ 7.443164951778964, 44.663446589980403 ], [ 7.444629302892997, 44.663007423353775 ], [ 7.444800082276099, 44.663770453701439 ], [ 7.445208984002865, 44.664046094817358 ], [ 7.445012502548575, 44.665659352467841 ], [ 7.444936911047484, 44.665685330236023 ], [ 7.444883805702936, 44.665725117828465 ], [ 7.444839490130519, 44.66612962280432 ], [ 7.444763058654354, 44.666673227672192 ], [ 7.444614546697558, 44.667553440956894 ], [ 7.444577827571469, 44.667687976907359 ], [ 7.444498771034762, 44.667695902354744 ], [ 7.444437374978874, 44.668266718917096 ], [ 7.445699640141974, 44.66834242415085 ], [ 7.446565081054858, 44.668471233004261 ], [ 7.447830235027448, 44.668704496121094 ], [ 7.448366123416224, 44.668788300115018 ], [ 7.448224646484155, 44.669835157936035 ], [ 7.448159670263295, 44.670275392773149 ], [ 7.448099268292863, 44.670544644009055 ], [ 7.448029986569249, 44.670629225198233 ], [ 7.44796157489225, 44.670695813359764 ], [ 7.447813264257246, 44.670743310550627 ], [ 7.447686630758957, 44.67074609022734 ], [ 7.44737341330242, 44.670723826761702 ], [ 7.446727230686431, 44.670665525007109 ], [ 7.446248376509477, 44.670600494267944 ], [ 7.445981822028786, 44.670587864355085 ], [ 7.445833739213314, 44.670626359669143 ], [ 7.445710043503118, 44.670755210812928 ], [ 7.445638629466572, 44.671037814426825 ], [ 7.444984791924105, 44.673166982566606 ], [ 7.444779681801117, 44.673848371508818 ], [ 7.444351095481704, 44.675278415819427 ], [ 7.443405290460201, 44.676395326811679 ], [ 7.443248021225179, 44.676555225846521 ], [ 7.44308125933583, 44.676642976053287 ], [ 7.442915931816204, 44.676676731197915 ], [ 7.4426922886168, 44.676709690756326 ], [ 7.442514054328939, 44.676783780066089 ], [ 7.442286271306635, 44.676956219496034 ], [ 7.442004705441336, 44.677384492884606 ], [ 7.441626034723449, 44.67791946901179 ], [ 7.441492209181778, 44.678102191532297 ], [ 7.441406325999377, 44.678231553958142 ], [ 7.441353999834652, 44.678433393545141 ], [ 7.441299489919052, 44.678716224830211 ], [ 7.44117187509332, 44.678917036519181 ], [ 7.440927673418022, 44.679318810028967 ], [ 7.440794570080848, 44.679591565468733 ], [ 7.440428512253331, 44.680243740739449 ], [ 7.440261522847693, 44.680633063744295 ], [ 7.440071800686494, 44.681134605780599 ], [ 7.44138613729189, 44.681337103494904 ], [ 7.441955730173907, 44.681403392749601 ], [ 7.443230508124739, 44.681596327029901 ], [ 7.444002678977626, 44.681710379819947 ], [ 7.445149786609724, 44.681856540822942 ], [ 7.445324651755326, 44.68190843503222 ], [ 7.445355888990429, 44.682052898567555 ], [ 7.445521560956961, 44.68280235236918 ], [ 7.444895349291102, 44.684733839509484 ], [ 7.444654517469036, 44.685495761858078 ], [ 7.445084915074009, 44.685578144066284 ], [ 7.445565782639592, 44.685616199830719 ], [ 7.446269255646181, 44.685661784099914 ], [ 7.446379511681883, 44.685667785556539 ], [ 7.446368407147459, 44.685744154718257 ], [ 7.446121861515397, 44.687059648767104 ], [ 7.445943682158659, 44.687970965432328 ], [ 7.445472157687242, 44.68998558074734 ], [ 7.445479641679951, 44.690089209972015 ], [ 7.446091805179945, 44.690174062843603 ], [ 7.445851726958046, 44.690922493733488 ], [ 7.445133797450577, 44.690795688666412 ], [ 7.44484077866132, 44.690751187401098 ], [ 7.444767098144163, 44.690763687403511 ], [ 7.444677831137924, 44.69085699642806 ], [ 7.444228298491437, 44.692430788921314 ], [ 7.444000830710532, 44.693192891012217 ], [ 7.443778608362096, 44.694009078271279 ], [ 7.444393799048333, 44.694454076290747 ], [ 7.444714355051843, 44.694737516584041 ], [ 7.445473033369586, 44.695229474973715 ], [ 7.445469661940731, 44.695355462240663 ], [ 7.444979689478878, 44.69630304143854 ], [ 7.444852924143244, 44.696544378881562 ], [ 7.444821610199405, 44.696742004456574 ], [ 7.445882953011894, 44.697008521607614 ], [ 7.447469841990231, 44.697417211489203 ], [ 7.448263117966461, 44.697635049406536 ], [ 7.447812457086532, 44.699001784597613 ], [ 7.447660298460932, 44.699440831845116 ], [ 7.447373367566458, 44.700436192758104 ], [ 7.448239318629884, 44.700474971726472 ], [ 7.448481898024776, 44.700460263489823 ], [ 7.447866552490308, 44.703530707281665 ], [ 7.447859930102034, 44.703719666756314 ], [ 7.447953812695145, 44.703896488886876 ], [ 7.448070490169695, 44.704091625475222 ], [ 7.448233766371699, 44.704314402312896 ], [ 7.448535337824364, 44.704440032206769 ], [ 7.448787136924635, 44.704479462746264 ], [ 7.449224138748445, 44.704467394123945 ], [ 7.449588674325002, 44.704436335151918 ], [ 7.450783324501885, 44.704281505766431 ], [ 7.451123401258068, 44.704250110028369 ], [ 7.451418994519926, 44.704245117045737 ], [ 7.451619709036207, 44.704247839064763 ], [ 7.451784745016004, 44.704331098165753 ], [ 7.451901310564066, 44.704427203394879 ], [ 7.451993184617708, 44.704576987886618 ], [ 7.452039203377447, 44.704789167134585 ], [ 7.452004508548018, 44.705099278025592 ], [ 7.45191857112661, 44.705318670600327 ], [ 7.451842611848362, 44.705785763135637 ], [ 7.45167857588754, 44.706404701281009 ], [ 7.451404458772647, 44.707260708515491 ], [ 7.451114040559467, 44.707913940951464 ], [ 7.450772102339773, 44.708724014675589 ], [ 7.450475021392188, 44.709449173712628 ], [ 7.449923692486864, 44.710742529631389 ], [ 7.44515177692167, 44.709750406259182 ], [ 7.443536983174582, 44.709399819743972 ], [ 7.441247965058843, 44.708918476365128 ], [ 7.438464635041293, 44.708335803214794 ], [ 7.435872471727052, 44.70780519397821 ], [ 7.435358665475515, 44.707694627283637 ], [ 7.430102931323715, 44.706596217540586 ], [ 7.42813551876514, 44.706177547700364 ], [ 7.422257168424399, 44.704948671698794 ], [ 7.420842656284963, 44.704641041798439 ], [ 7.419209389192454, 44.704298857713724 ], [ 7.41956953103519, 44.703574652457057 ], [ 7.41960059546504, 44.703534571833657 ], [ 7.419391035180095, 44.703509165158998 ], [ 7.419266389154417, 44.703421917215152 ], [ 7.418814498120384, 44.703343641377359 ], [ 7.418866843203172, 44.70289874961491 ], [ 7.418053861762796, 44.702869484036739 ], [ 7.41801485208844, 44.703215534275792 ], [ 7.417930452594257, 44.703605967349048 ], [ 7.417792746620591, 44.703824616923519 ], [ 7.417669585726109, 44.703957945522014 ], [ 7.416983442290873, 44.703862912338145 ], [ 7.41653858490599, 44.703757717944214 ], [ 7.416277274400113, 44.703547039574886 ], [ 7.415837403553592, 44.703027803234086 ], [ 7.415583646853892, 44.702772216273956 ], [ 7.41537240137366, 44.702620745838921 ], [ 7.415277749786983, 44.702475394478121 ], [ 7.415100992839545, 44.702346908095315 ], [ 7.414961137565833, 44.702340465534434 ], [ 7.414811971283751, 44.702414914749745 ], [ 7.414521843548551, 44.702523415917405 ], [ 7.414083331425195, 44.702431803579103 ], [ 7.413704752657526, 44.703092719002015 ], [ 7.413486796989363, 44.703490295569715 ], [ 7.413332831508184, 44.703740222078757 ], [ 7.412925694142253, 44.704463754388613 ], [ 7.412385542539957, 44.705405993374271 ], [ 7.411928887985736, 44.706236861616581 ], [ 7.411536725402632, 44.706902081665831 ], [ 7.411454534166785, 44.707022469920751 ], [ 7.41029213867547, 44.708788756993329 ], [ 7.40979715625601, 44.709533560297849 ], [ 7.409655179188956, 44.709675620400589 ], [ 7.409468553920205, 44.709979100602929 ], [ 7.409055032658824, 44.710644014171272 ], [ 7.409065206609506, 44.710747682896546 ], [ 7.408995162753427, 44.710899746764106 ], [ 7.408858638473274, 44.711073390027863 ], [ 7.408732019676001, 44.711130140700384 ], [ 7.408768737625093, 44.71122967820159 ], [ 7.408738616792976, 44.711364293583017 ], [ 7.408502086861204, 44.711631067236105 ], [ 7.40798921612408, 44.712393617684725 ], [ 7.407869854429535, 44.712761049368325 ], [ 7.407814068960954, 44.712881803084656 ], [ 7.407772754448569, 44.712935241009689 ], [ 7.407664865051407, 44.71302826102449 ], [ 7.407812872559506, 44.713097842592745 ], [ 7.408098673293966, 44.713394403707646 ], [ 7.408201349038802, 44.713548874972652 ], [ 7.408338054345505, 44.713685815839902 ], [ 7.408428440940086, 44.713799605050987 ], [ 7.408737925820197, 44.714182016897261 ], [ 7.408715490184807, 44.714280729954659 ], [ 7.408943418743408, 44.714486458944606 ], [ 7.409228110812139, 44.71482351224342 ], [ 7.409377248218035, 44.715068653106883 ], [ 7.40959504935816, 44.715341757220813 ], [ 7.40960658085405, 44.715395931870482 ], [ 7.409539686653792, 44.715476021125824 ], [ 7.409562554058137, 44.715548358357402 ], [ 7.409616368436534, 44.715643632487584 ], [ 7.409629874512551, 44.715769853335019 ], [ 7.409666580910915, 44.716143961591257 ], [ 7.409688073599154, 44.716324307681646 ], [ 7.4098532225005, 44.716272593774775 ], [ 7.410088909703654, 44.716325388747343 ], [ 7.410215529008793, 44.716340655320117 ], [ 7.410330965251353, 44.716274745026475 ], [ 7.410410422864376, 44.716298357096733 ], [ 7.410462090231791, 44.716371095085449 ], [ 7.410595512990936, 44.716368451277312 ], [ 7.410701168556526, 44.716414933665831 ], [ 7.410768982098191, 44.716474392753028 ], [ 7.410899302480354, 44.716498712417611 ], [ 7.411111600035047, 44.71655568091424 ], [ 7.411201380671872, 44.716691965287033 ], [ 7.411190358196403, 44.716849352788238 ], [ 7.411335822629824, 44.716954903704426 ], [ 7.411420184736059, 44.717001089148553 ], [ 7.411472314344286, 44.717042324928968 ], [ 7.411532419618517, 44.717052163469255 ], [ 7.41178823831276, 44.716974701130006 ], [ 7.411872663202792, 44.71706139762307 ], [ 7.4120190938473, 44.717333504307263 ], [ 7.412164096842147, 44.717398537234892 ], [ 7.412422096033476, 44.717501150503978 ], [ 7.412625915305334, 44.717666026308663 ], [ 7.412971381629784, 44.717931896330022 ], [ 7.413259926737778, 44.718129456773532 ], [ 7.413413142382091, 44.718154091734085 ], [ 7.413539007591185, 44.718182847638765 ], [ 7.413608457818688, 44.718341353436365 ], [ 7.413706177490365, 44.718432734437457 ], [ 7.413937090711345, 44.718530466790398 ], [ 7.414028848058677, 44.718594757689601 ], [ 7.414092213954115, 44.718730672836969 ], [ 7.414150567586364, 44.718789998499098 ], [ 7.414350447009213, 44.718810779142736 ], [ 7.414462442185449, 44.718870849572845 ], [ 7.414512977849503, 44.718970576982919 ], [ 7.414578434611086, 44.719030001057718 ], [ 7.414704089451879, 44.719081258584936 ], [ 7.414837226435152, 44.719335172331064 ], [ 7.414954695289577, 44.719440329926371 ], [ 7.414978081452627, 44.719566687222795 ], [ 7.415187311449243, 44.719736134678861 ], [ 7.41502308940753, 44.719868890125547 ], [ 7.415036879069414, 44.719927596701012 ], [ 7.415235378319353, 44.719984365959363 ], [ 7.415319498767119, 44.720111566128381 ], [ 7.41540835037616, 44.72016681324348 ], [ 7.415456358972486, 44.720243999317027 ], [ 7.415468663615529, 44.720356699213987 ], [ 7.415542961708191, 44.720497266395967 ], [ 7.41577897461592, 44.720784114700017 ], [ 7.415898255445939, 44.720866790616263 ], [ 7.41605649606319, 44.720909496395336 ], [ 7.416377350859927, 44.720936452808878 ], [ 7.416479339567663, 44.720987380124349 ], [ 7.416487606609745, 44.721248562343213 ], [ 7.416600968537666, 44.721331155431912 ], [ 7.416713384722485, 44.721332714327247 ], [ 7.416802730485035, 44.721369962540038 ], [ 7.416940321915343, 44.721475397075011 ], [ 7.417095789101635, 44.721504559462737 ], [ 7.417251746137814, 44.721587742404303 ], [ 7.417259482007814, 44.721781399713279 ], [ 7.417377105882321, 44.721823540623348 ], [ 7.417435889614891, 44.721896374032504 ], [ 7.417698457474231, 44.721701961778628 ], [ 7.417891457557499, 44.721628116423801 ], [ 7.418161984597513, 44.721604857636748 ], [ 7.418441722284433, 44.721649243259414 ], [ 7.418653801139761, 44.721715196985535 ], [ 7.418797529043006, 44.721798208442351 ], [ 7.418941023681588, 44.721890218815972 ], [ 7.419094978528674, 44.722018383153319 ], [ 7.419215037232949, 44.722159581494012 ], [ 7.41925607352661, 44.72230418687829 ], [ 7.419263079465597, 44.722452822285511 ], [ 7.419284669922752, 44.722601659600038 ], [ 7.419413838911796, 44.722697972204344 ], [ 7.419591378939268, 44.722785951870137 ], [ 7.419882073897905, 44.722848490274941 ], [ 7.420094369644517, 44.722891938495934 ], [ 7.420249187035326, 44.722988605046538 ], [ 7.420253472975399, 44.72309219110852 ], [ 7.420203734654415, 44.72320853318638 ], [ 7.420026846066559, 44.723314113522477 ], [ 7.419903257480884, 44.723447438179626 ], [ 7.419729308148134, 44.723445030807277 ], [ 7.419555381381106, 44.723456126972025 ], [ 7.419405943212298, 44.72355308397406 ], [ 7.41928841884811, 44.723695494233269 ], [ 7.41925790371469, 44.723888621784347 ], [ 7.419309133842481, 44.724064876376318 ], [ 7.419427336434151, 44.724260062704857 ], [ 7.419590218818922, 44.724379347584552 ], [ 7.419817082256245, 44.724409494462009 ], [ 7.420030853660519, 44.724398949263133 ], [ 7.420313511658557, 44.724321839301112 ], [ 7.420607800621245, 44.72426739533816 ], [ 7.420797550485313, 44.724211504792969 ], [ 7.420998419171197, 44.724196278161209 ], [ 7.421123337109512, 44.724333040483415 ], [ 7.421141299042095, 44.724499831877665 ], [ 7.421056775541754, 44.724705716538637 ], [ 7.420907148853829, 44.724838682178188 ], [ 7.42074608060896, 44.724971489366773 ], [ 7.420742407113775, 44.72510647342208 ], [ 7.4207946337927, 44.725246731801725 ], [ 7.420972183664725, 44.725334709422107 ], [ 7.42119310322223, 44.725481801569622 ], [ 7.421278640612136, 44.725645026125484 ], [ 7.421295734944713, 44.725843313595277 ], [ 7.421116456798144, 44.726007377633117 ], [ 7.420918327866454, 44.726081157455205 ], [ 7.420712491119493, 44.726118821029793 ], [ 7.420538923880801, 44.726116420175103 ], [ 7.420466665870306, 44.726146928723722 ], [ 7.420417161525535, 44.726312786846592 ], [ 7.420454381240296, 44.726511352837782 ], [ 7.420599764118237, 44.726621391825347 ], [ 7.421033889667252, 44.726793939060222 ], [ 7.421131325046153, 44.726925820101535 ], [ 7.421112312572094, 44.727146114070344 ], [ 7.421144623866959, 44.727263591046665 ], [ 7.421274150501065, 44.727332899459043 ], [ 7.421501615444288, 44.727327042010003 ], [ 7.421890459832265, 44.72727840309647 ], [ 7.422117585029759, 44.727038479370293 ], [ 7.42234173767974, 44.726893038487788 ], [ 7.422528649118485, 44.726666061754507 ], [ 7.42266699918191, 44.726483425475578 ], [ 7.423135459493796, 44.726467390268517 ], [ 7.423460145648948, 44.726557395923031 ], [ 7.423902990142733, 44.726743556117967 ], [ 7.424201750822244, 44.726815197145051 ], [ 7.424581933411578, 44.726838448087854 ], [ 7.425027947548613, 44.726907617462409 ], [ 7.425510767318592, 44.726842257807718 ], [ 7.425985663748472, 44.726821798492679 ], [ 7.426290519223289, 44.726916023875482 ], [ 7.426501894418402, 44.727008960235807 ], [ 7.426728590218067, 44.727016585250574 ], [ 7.427654854294063, 44.727101363006 ], [ 7.428293465624, 44.727213682123981 ], [ 7.428537732121268, 44.727316069783377 ], [ 7.42883137226252, 44.727329113123311 ], [ 7.429046773079409, 44.727273561858055 ], [ 7.429510108534291, 44.727198914885733 ], [ 7.430127375748651, 44.727283923195408 ], [ 7.430595709759491, 44.727330871881584 ], [ 7.431152279667243, 44.727500562394603 ], [ 7.429263007826294, 44.728892453234643 ], [ 7.430290686255341, 44.728978604666594 ], [ 7.432102450864408, 44.729183544326567 ], [ 7.432151824324372, 44.729386774474776 ], [ 7.432296067124109, 44.729685831546597 ], [ 7.432345462263834, 44.730019595498604 ], [ 7.432313188435971, 44.730293723062736 ], [ 7.432348683393076, 44.730469755585943 ], [ 7.432656975011938, 44.730672038892465 ], [ 7.432944685851465, 44.730671486780203 ], [ 7.433351232559854, 44.730713074967177 ], [ 7.433603561385354, 44.730766049613955 ], [ 7.433757511154219, 44.730750156869668 ], [ 7.433833954254381, 44.730652179958824 ], [ 7.433929032085242, 44.730594969013765 ], [ 7.434074452425996, 44.730587961169391 ], [ 7.434155780643172, 44.730616083473656 ], [ 7.434159178301327, 44.730724157869105 ], [ 7.434308915449175, 44.730879250623531 ], [ 7.434517029761213, 44.730859598416977 ], [ 7.434737282568245, 44.730858116868305 ], [ 7.43486880774002, 44.730927437215072 ], [ 7.434926371278173, 44.731031752897316 ], [ 7.434878487493099, 44.731314669492342 ], [ 7.434882762232683, 44.731404751245698 ], [ 7.434916571674027, 44.731468230893093 ], [ 7.43506099160644, 44.731542228920155 ], [ 7.435431748586155, 44.731623829573486 ], [ 7.43582904939653, 44.731818321594012 ], [ 7.4359930144992, 44.731870080402288 ], [ 7.436133714783011, 44.732097065468544 ], [ 7.436278872988689, 44.732670700499561 ], [ 7.436491059372263, 44.733452306354124 ], [ 7.436469369259842, 44.733920129584519 ], [ 7.436513835968666, 44.734100784723935 ], [ 7.437005314024545, 44.735210296679362 ], [ 7.43699447780873, 44.735363187613942 ], [ 7.43677740191228, 44.735729310549573 ], [ 7.436186927525921, 44.736887023842627 ], [ 7.436003683336, 44.737154583190467 ], [ 7.437023626931347, 44.737357597964575 ], [ 7.437340575610157, 44.737474464996829 ], [ 7.43723234069474, 44.738049131256858 ], [ 7.437412211198271, 44.738317161013498 ], [ 7.437519285141238, 44.738386143600792 ], [ 7.438028332392301, 44.738420115399904 ], [ 7.438308977076622, 44.73841945311078 ], [ 7.438544895170788, 44.738350661192662 ], [ 7.438747020227845, 44.738290409022021 ], [ 7.439067769688802, 44.738281290933138 ], [ 7.439435370230286, 44.738290816907302 ], [ 7.439709069125742, 44.73829905854798 ], [ 7.439927387587677, 44.738297540559266 ], [ 7.439881401558528, 44.738598489464501 ], [ 7.439845648452331, 44.738944589684166 ], [ 7.43980446769794, 44.73972722745183 ], [ 7.439642756951474, 44.740940328533213 ], [ 7.440458596207568, 44.741000987392191 ], [ 7.441021600424654, 44.741098698912587 ], [ 7.441350251647634, 44.741148197266618 ], [ 7.441636536622893, 44.741188114150695 ], [ 7.441816448873903, 44.741235581022778 ], [ 7.442136087480382, 44.741253446064171 ], [ 7.442503157260402, 44.741253952614308 ], [ 7.442905377407881, 44.74120992583493 ], [ 7.443063211395089, 44.742535416345277 ], [ 7.443874237641369, 44.742496959851437 ], [ 7.444908813282032, 44.742497551683762 ], [ 7.445290801921949, 44.742516257058575 ], [ 7.445829362909793, 44.742555097064724 ], [ 7.446322485298157, 44.742624824290942 ], [ 7.447067710392435, 44.742788001450329 ], [ 7.447717395026626, 44.742981382948017 ], [ 7.448543909855261, 44.743249182010082 ], [ 7.448944752959672, 44.743389662377567 ], [ 7.448947236619173, 44.743488721401462 ], [ 7.449128672126676, 44.743671231900422 ], [ 7.449501779576778, 44.744022887576484 ], [ 7.449920087918398, 44.744514691266829 ], [ 7.45017771401089, 44.744815264248238 ], [ 7.450364367951122, 44.744979838984982 ], [ 7.450610352642175, 44.745037190974543 ], [ 7.450980795165985, 44.745060221771361 ], [ 7.451260582436536, 44.74512253208426 ], [ 7.451638716634913, 44.745271697221568 ], [ 7.451850800447922, 44.745342090254006 ], [ 7.452050343188443, 44.745349296800093 ], [ 7.452277997503423, 44.745338879464491 ], [ 7.452537340429564, 44.745324390001997 ], [ 7.452831666886167, 44.745256360214988 ], [ 7.453023742811061, 44.745218452400657 ], [ 7.453192478602087, 44.745211736110761 ], [ 7.453371099331465, 44.745263668393953 ], [ 7.453615517064293, 44.74537950760358 ], [ 7.453965439611345, 44.745550788681783 ], [ 7.454292953696776, 44.745703760740227 ], [ 7.454604972174969, 44.745816011798439 ], [ 7.4548954317703, 44.745878457640991 ], [ 7.455412864532455, 44.745925968792967 ], [ 7.455913910955445, 44.745937246822166 ], [ 7.456281413497202, 44.745937714915719 ], [ 7.456536419050834, 44.745923157725755 ], [ 7.456846499798563, 44.746048879901934 ], [ 7.457114521969204, 44.746183035209413 ], [ 7.457369527390149, 44.746317014022722 ], [ 7.457633782316953, 44.746518634417228 ], [ 7.45792934089398, 44.746819702208313 ], [ 7.458909340357683, 44.74803023848272 ], [ 7.45948741276997, 44.748708710016786 ], [ 7.45965070294653, 44.748922466847368 ], [ 7.459852986703317, 44.749109742546374 ], [ 7.460013526280977, 44.749233438836839 ], [ 7.460290444353133, 44.749390212329821 ], [ 7.460591450423167, 44.749502298459966 ], [ 7.460858717044311, 44.74959142326837 ], [ 7.461149951204799, 44.749640360167021 ], [ 7.461509622842613, 44.749654209325563 ], [ 7.461878255992857, 44.749627667766134 ], [ 7.462570280801534, 44.749524459312838 ], [ 7.462818313892864, 44.749505293069461 ], [ 7.463076686815802, 44.749513272337857 ], [ 7.463467909511698, 44.749617562916441 ], [ 7.463969667423416, 44.749781854086478 ], [ 7.464392380805125, 44.749949581150801 ], [ 7.464569954116604, 44.750041992089521 ], [ 7.46451900403943, 44.750266364167217 ], [ 7.464552437831082, 44.750703424790721 ], [ 7.464615988800311, 44.750852817140689 ], [ 7.46528223675669, 44.751604462999687 ], [ 7.466363405660459, 44.752834298747999 ], [ 7.467303206777929, 44.753873178495098 ], [ 7.46764431493536, 44.754291861900661 ], [ 7.467804520232765, 44.75456408032219 ], [ 7.467949549276711, 44.754633543511339 ], [ 7.468158518780927, 44.754703864358135 ], [ 7.468605713443794, 44.754858400708635 ], [ 7.468911619312449, 44.754921017968229 ], [ 7.469264225105146, 44.754979759349069 ], [ 7.469770978824475, 44.755031563331293 ], [ 7.470129504074565, 44.755045369957337 ], [ 7.470445279929349, 44.755063103937339 ], [ 7.470725306249461, 44.755089360520209 ], [ 7.470994360469774, 44.755097464922606 ], [ 7.471443066302399, 44.755134980713834 ], [ 7.471925283824026, 44.755204451220536 ], [ 7.472417683175203, 44.755292060473536 ], [ 7.472876416316416, 44.75538371847334 ], [ 7.473413376106549, 44.755503427387318 ], [ 7.474059934721102, 44.755719122493979 ], [ 7.47669179497571, 44.756771522828686 ], [ 7.477800579508064, 44.757218419425207 ], [ 7.478351428837795, 44.757396805061006 ], [ 7.478829103322099, 44.757610222301679 ], [ 7.479236202248713, 44.757804693009525 ], [ 7.479909712692221, 44.758214262858431 ], [ 7.480597215039978, 44.758678028564759 ], [ 7.480973392269298, 44.758908090675035 ], [ 7.481160135371909, 44.75896908970131 ], [ 7.481248192073755, 44.758938753034322 ], [ 7.481612479051316, 44.759065128687581 ], [ 7.482473076914953, 44.759207102789226 ], [ 7.483515357171944, 44.759346982409795 ], [ 7.484344387456681, 44.759488523128738 ], [ 7.485611821172452, 44.759640374380837 ], [ 7.487584220373083, 44.759923082286811 ], [ 7.488637896284161, 44.760081070610731 ], [ 7.488962525863446, 44.760139380783016 ], [ 7.489263946461607, 44.760224389781129 ], [ 7.489620118186049, 44.760436154097157 ], [ 7.490038235551802, 44.760725255836611 ], [ 7.490547748422635, 44.761038069987457 ], [ 7.490802065902187, 44.76120347267674 ], [ 7.491013721432265, 44.761354807582606 ], [ 7.491223168737621, 44.761515115187052 ], [ 7.491406796653623, 44.761666078998928 ], [ 7.491549541593391, 44.761825504685433 ], [ 7.491611327691157, 44.762015368666454 ], [ 7.491592801845931, 44.762226677343605 ], [ 7.491474230966387, 44.762670723368139 ], [ 7.491400447306726, 44.762926313286364 ], [ 7.491321518530614, 44.763136823806327 ], [ 7.491279190680632, 44.763473849688417 ], [ 7.491273480103149, 44.763950894573881 ], [ 7.491401439468418, 44.764177642042341 ], [ 7.491408987539324, 44.764185725703072 ], [ 7.49140890032257, 44.764141344883591 ] ], [ [ 7.452315869041342, 44.703555093572106 ], [ 7.452171372857183, 44.703071508747286 ], [ 7.452049298218561, 44.702930317295845 ], [ 7.451815897066228, 44.702837129255421 ], [ 7.451468488365438, 44.70287742998913 ], [ 7.451201971509657, 44.702842306899285 ], [ 7.451129509334225, 44.70261626500654 ], [ 7.451144149203495, 44.702067319693626 ], [ 7.451038331652619, 44.701908342944819 ], [ 7.45096762986856, 44.701601303555925 ], [ 7.450943927182078, 44.701321908821086 ], [ 7.450857934340012, 44.700996657163401 ], [ 7.45086333498225, 44.700794177309831 ], [ 7.451011123308965, 44.700562120915976 ], [ 7.451286616615038, 44.700259777644824 ], [ 7.451467156922509, 44.699983153059065 ], [ 7.451571834843625, 44.699592969879234 ], [ 7.451627906726947, 44.699265144003199 ], [ 7.451887911143686, 44.698255903553573 ], [ 7.451456684065518, 44.696751162022494 ], [ 7.450862168203537, 44.696711589263906 ], [ 7.450456302285963, 44.696593552413603 ], [ 7.450193787880612, 44.696409942194286 ], [ 7.450090624035917, 44.69615197439547 ], [ 7.450116599348167, 44.695769726329139 ], [ 7.450281479928403, 44.695488389664554 ], [ 7.450381344296801, 44.695278189349253 ], [ 7.450420807290061, 44.694981646720819 ], [ 7.450473970147703, 44.694748306574361 ], [ 7.450774379057114, 44.694693867553639 ], [ 7.451278064613126, 44.694678194592782 ], [ 7.451751798051087, 44.694617101422722 ], [ 7.452147876902881, 44.69450994176507 ], [ 7.452292100314923, 44.693818714205499 ], [ 7.452380990275544, 44.693428315881569 ], [ 7.452406349513665, 44.693068564700546 ], [ 7.45250979742896, 44.69272337540945 ], [ 7.452651146871617, 44.692140136731446 ], [ 7.45290351076676, 44.691549399688334 ], [ 7.452491735442406, 44.691521313669178 ], [ 7.45081521040182, 44.691417557899442 ], [ 7.450918208477258, 44.689906556107566 ], [ 7.451009848434725, 44.689412668565993 ], [ 7.451311981370142, 44.688701077823453 ], [ 7.451487591817237, 44.688311856061532 ], [ 7.451639359247819, 44.687337155938231 ], [ 7.451792930832061, 44.686294962049892 ], [ 7.451883759488788, 44.685846074427495 ], [ 7.451788093974343, 44.68558820938761 ], [ 7.45179516675525, 44.685322734964451 ], [ 7.452146300616898, 44.683954631779137 ], [ 7.450613356107635, 44.683650265596491 ], [ 7.450687633007409, 44.683511736481798 ], [ 7.450794284087912, 44.68334213821641 ], [ 7.45177500013088, 44.681653988913951 ], [ 7.451858030114002, 44.681497572896838 ], [ 7.451925262400471, 44.681327439046044 ], [ 7.45201008913303, 44.681103529343304 ], [ 7.452063111571497, 44.680874687213823 ], [ 7.45204628644656, 44.68061789097986 ], [ 7.451899118184572, 44.680251298887107 ], [ 7.451673676696826, 44.679847635640655 ], [ 7.451491383515055, 44.679615602558975 ], [ 7.451393493150155, 44.679456733077522 ], [ 7.451210441267967, 44.679238192832571 ], [ 7.450954559678875, 44.679104187000895 ], [ 7.450778121715889, 44.678948752532435 ], [ 7.450712846222581, 44.678749814195157 ], [ 7.450695787561286, 44.678502016900673 ], [ 7.450606498134122, 44.678316256237736 ], [ 7.450439110261784, 44.678102428467049 ], [ 7.450352581259941, 44.677813177513769 ], [ 7.450343532932425, 44.677560987645883 ], [ 7.450390870248827, 44.677264551036217 ], [ 7.450380382355671, 44.677066355988607 ], [ 7.450206789721742, 44.67678942685162 ], [ 7.449980922830008, 44.676417262657885 ], [ 7.449884721591297, 44.676195397951417 ], [ 7.449814053494145, 44.675888357030701 ], [ 7.44974534733091, 44.675522827099513 ], [ 7.449667032338945, 44.675206679833025 ], [ 7.449527768771301, 44.674840191696717 ], [ 7.449320540786859, 44.674346746778461 ], [ 7.449126698622566, 44.673957010867078 ], [ 7.449148105112239, 44.673745745200783 ], [ 7.449217856269044, 44.673481121728607 ], [ 7.449399639786431, 44.673155002856454 ], [ 7.449619105764755, 44.672878908554708 ], [ 7.4498108906837, 44.672768982455622 ], [ 7.450141125787708, 44.672759961812119 ], [ 7.450501600842371, 44.67281436740361 ], [ 7.450705749489967, 44.672817137610245 ], [ 7.450757182765868, 44.672070636037198 ], [ 7.450739177344784, 44.671858835249374 ], [ 7.450651456209147, 44.671614580076501 ], [ 7.450763214788902, 44.671548578457475 ], [ 7.45094662575625, 44.67145654161309 ], [ 7.451153167049904, 44.67136931943373 ], [ 7.451368794066767, 44.671237208084307 ], [ 7.451498831921828, 44.671076928406428 ], [ 7.451527146062886, 44.670901765491642 ], [ 7.451494243210012, 44.67067175793877 ], [ 7.451430741147355, 44.670391822143685 ], [ 7.4513126898884, 44.67010214403841 ], [ 7.451176958224885, 44.669884245226903 ], [ 7.451023797083982, 44.669729126650751 ], [ 7.450823244383016, 44.669591369698814 ], [ 7.451214872608489, 44.669349116289069 ], [ 7.451676068236835, 44.669143814521412 ], [ 7.45200143175904, 44.669035695935655 ], [ 7.452674447083699, 44.668855767647088 ], [ 7.452805048387799, 44.668970067505114 ], [ 7.45296070526144, 44.669120716321387 ], [ 7.453065517989665, 44.669270676098229 ], [ 7.453197910139473, 44.669466021429187 ], [ 7.453375129103762, 44.669621462968038 ], [ 7.45352281262811, 44.669790007815365 ], [ 7.453658361100994, 44.669881867667932 ], [ 7.453815925634282, 44.669960521878579 ], [ 7.454033347080789, 44.669967967065446 ], [ 7.454295084742879, 44.669940002137174 ], [ 7.454485493094228, 44.669866059116167 ], [ 7.454593061800043, 44.669912527099513 ], [ 7.454755344106295, 44.670081267932986 ], [ 7.454894154029168, 44.670317208953982 ], [ 7.454979291849102, 44.670673956040496 ], [ 7.454994515023103, 44.670917226977771 ], [ 7.455061051737929, 44.671143187402393 ], [ 7.455143487453242, 44.671319849664798 ], [ 7.455331910690328, 44.67158796976895 ], [ 7.455508293570204, 44.671774905049801 ], [ 7.455708031182423, 44.671899139096297 ], [ 7.456072602198445, 44.672111124562633 ], [ 7.458482687745785, 44.673404023809056 ], [ 7.458667268427368, 44.673550554024445 ], [ 7.45870525072017, 44.673753620772899 ], [ 7.458696780790592, 44.674073091682899 ], [ 7.458799708425004, 44.674295039839919 ], [ 7.458971410402452, 44.674391882506576 ], [ 7.459345252630539, 44.674522960965639 ], [ 7.459770737238995, 44.674609722825046 ], [ 7.460007463116336, 44.674707441033348 ], [ 7.460120755902854, 44.674821498975909 ], [ 7.46015356521697, 44.674952476240954 ], [ 7.460048419863827, 44.675081593009054 ], [ 7.459957619981598, 44.675219905563672 ], [ 7.459947900238291, 44.675318800859138 ], [ 7.46010383082674, 44.675460441082045 ], [ 7.460366360429434, 44.675671036512995 ], [ 7.460526324460083, 44.675943265314991 ], [ 7.460564552920627, 44.67613733228913 ], [ 7.460580753575592, 44.676344605860976 ], [ 7.460488880389549, 44.676523415127754 ], [ 7.460332296826925, 44.67667434456601 ], [ 7.460220885518319, 44.676771868573738 ], [ 7.460130929134797, 44.676878684213058 ], [ 7.460113722012644, 44.676977478520143 ], [ 7.460140257816181, 44.677076862749004 ], [ 7.460268346295878, 44.677168614045371 ], [ 7.460403315185622, 44.677282963961254 ], [ 7.460472382250399, 44.677414429965886 ], [ 7.460766593921102, 44.677530926423543 ], [ 7.461420062263865, 44.678061872595165 ], [ 7.460871014501589, 44.678248024459499 ], [ 7.460438080279826, 44.67842673694603 ], [ 7.460216692588751, 44.678567789983745 ], [ 7.460003029795112, 44.678699944381769 ], [ 7.459852972721344, 44.678886970706237 ], [ 7.459700529891236, 44.67916398857983 ], [ 7.459375984030244, 44.679641238070779 ], [ 7.459201626417213, 44.679926961942705 ], [ 7.459028329252502, 44.680172189081965 ], [ 7.458685516938774, 44.680505151743375 ], [ 7.458365143748451, 44.680824912734906 ], [ 7.458214717703514, 44.681025435441192 ], [ 7.458041054883846, 44.681284159682924 ], [ 7.457918365675535, 44.681539070889279 ], [ 7.457640491789673, 44.681890912118597 ], [ 7.45726841263625, 44.682241479863272 ], [ 7.4569422379138, 44.682511645241739 ], [ 7.456754826478873, 44.682738673301373 ], [ 7.456341326504917, 44.683282229462691 ], [ 7.456755828857963, 44.683517393372668 ], [ 7.457136463945623, 44.683662074280534 ], [ 7.457508569514865, 44.683860653009702 ], [ 7.457751113529396, 44.684007967484909 ], [ 7.457928507547592, 44.684158902775344 ], [ 7.458163119855297, 44.684337617597834 ], [ 7.458339799743746, 44.684515549755233 ], [ 7.458327687900618, 44.684704436317411 ], [ 7.458265325565448, 44.684870138415178 ], [ 7.458070650337948, 44.68508806808331 ], [ 7.457416079491795, 44.685695890089654 ], [ 7.457182062643598, 44.686043821261151 ], [ 7.456935140049616, 44.686328560843208 ], [ 7.456487785124999, 44.686498060817428 ], [ 7.456059981306635, 44.686762348413929 ], [ 7.455734970897409, 44.686987513966891 ], [ 7.455582486281327, 44.68726452539471 ], [ 7.455514611708359, 44.687637206121536 ], [ 7.455492130633171, 44.687933980588674 ], [ 7.455599178027216, 44.688268516611899 ], [ 7.455650908297139, 44.688503278169783 ], [ 7.455511332380823, 44.688843480681051 ], [ 7.455253701730325, 44.68926310732261 ], [ 7.455099892543941, 44.689589613159185 ], [ 7.454959712380681, 44.689952312701642 ], [ 7.454889753595953, 44.690387981326545 ], [ 7.454815049433842, 44.691017136743739 ], [ 7.454660634484911, 44.691366139633338 ], [ 7.454520894909239, 44.691697336180411 ], [ 7.454332302269106, 44.69224842939451 ], [ 7.454106177118637, 44.692564952393923 ], [ 7.453821018159469, 44.692921186219429 ], [ 7.453623555469003, 44.693242597539708 ], [ 7.453528159364156, 44.693551887378867 ], [ 7.453504145808203, 44.693772120248603 ], [ 7.453471007670053, 44.694068749674386 ], [ 7.453418464364005, 44.694738714615553 ], [ 7.453405361130709, 44.694905080980782 ], [ 7.453422529903736, 44.695341928465837 ], [ 7.45331065326499, 44.695736517291586 ], [ 7.453189677854621, 44.695910424694446 ], [ 7.453127875661306, 44.696053625340497 ], [ 7.45312092614409, 44.696314599869254 ], [ 7.453101435322653, 44.696498884355357 ], [ 7.452982393966882, 44.69661430232938 ], [ 7.452989451159755, 44.696852960681333 ], [ 7.453052997670412, 44.697132895015891 ], [ 7.453072557319909, 44.697583278335486 ], [ 7.453001833033052, 44.697883899398249 ], [ 7.452998237944843, 44.698018886173614 ], [ 7.453149768885129, 44.698223492335529 ], [ 7.453334803024533, 44.698370036747363 ], [ 7.453377924357887, 44.698528162234112 ], [ 7.45327526702713, 44.698828350871686 ], [ 7.453173477898734, 44.699110546435769 ], [ 7.452965833266436, 44.699827922326747 ], [ 7.452860654353493, 44.700222601165898 ], [ 7.453433729941568, 44.702327914882709 ], [ 7.453636545198218, 44.702992335173114 ], [ 7.453984564401248, 44.704099836682772 ], [ 7.455168332673074, 44.7068885840403 ], [ 7.455467710684544, 44.707468784675235 ], [ 7.456095484621338, 44.708116441825588 ], [ 7.456832705256347, 44.708788080569256 ], [ 7.455854687845295, 44.709427528702221 ], [ 7.45531435165637, 44.709096135524433 ], [ 7.45485068085603, 44.708774779619965 ], [ 7.454329500677287, 44.708272596316881 ], [ 7.453979704583326, 44.707808740686218 ], [ 7.453568166758084, 44.707308038347676 ], [ 7.453174477871221, 44.706744559821566 ], [ 7.452994344282996, 44.706413533500516 ], [ 7.453034162679555, 44.706103491789762 ], [ 7.453001496269552, 44.705567409143804 ], [ 7.452712594049439, 44.704595741364237 ], [ 7.452315869041342, 44.703555093572106 ] ] ], [ [ [ 7.52465134830663, 44.780338877450305 ], [ 7.524645834758267, 44.780316507157757 ], [ 7.52463035509782, 44.780386878383553 ], [ 7.52465134830663, 44.780338877450305 ] ] ], [ [ [ 7.525392594639312, 44.780406971259502 ], [ 7.525513574996172, 44.780408533495425 ], [ 7.525210470618796, 44.780369002321343 ], [ 7.525392594639312, 44.780406971259502 ] ] ], [ [ [ 7.525833651519856, 44.780412666068983 ], [ 7.525877194905498, 44.780408405877282 ], [ 7.525850787087591, 44.780408559820856 ], [ 7.525527982043702, 44.780408719527067 ], [ 7.525833651519856, 44.780412666068983 ] ] ], [ [ [ 7.526823461858893, 44.780290407639384 ], [ 7.527409958975434, 44.780230456406414 ], [ 7.527790571615066, 44.780190341343122 ], [ 7.529114489488818, 44.779959831950372 ], [ 7.530397388338194, 44.779976349815243 ], [ 7.53062323233216, 44.780213331196954 ], [ 7.530789982142029, 44.780413526005674 ], [ 7.530910835964615, 44.78063114301235 ], [ 7.530965710727975, 44.780865905991291 ], [ 7.530890934373657, 44.781198024678091 ], [ 7.530782339843169, 44.781538724982944 ], [ 7.530667839811172, 44.781739799389264 ], [ 7.53053708755432, 44.781864151343235 ], [ 7.530380845328956, 44.781965682597708 ], [ 7.529984009491595, 44.782163122281645 ], [ 7.529599111200891, 44.782356215794529 ], [ 7.529386744880036, 44.78247501784859 ], [ 7.529171906645105, 44.782674798434194 ], [ 7.528950227195328, 44.782942024652144 ], [ 7.528765656480378, 44.783241219827723 ], [ 7.528550197799763, 44.783481515497265 ], [ 7.528717383807718, 44.783866272455036 ], [ 7.528853134624883, 44.784151580712333 ], [ 7.529154656380513, 44.784628095171975 ], [ 7.529228128177092, 44.78476859033789 ], [ 7.529001406363879, 44.784923195573676 ], [ 7.528665976978948, 44.785220464088788 ], [ 7.528574727601134, 44.785282305941308 ], [ 7.528475129977307, 44.785254012608007 ], [ 7.528264902011106, 44.785179288601007 ], [ 7.528023692763845, 44.785095148941885 ], [ 7.527580557170157, 44.785418036555697 ], [ 7.526693496131044, 44.786063759437887 ], [ 7.527093934188952, 44.786176947765391 ], [ 7.527377567226107, 44.786239124226967 ], [ 7.527908294424527, 44.78630898514227 ], [ 7.52846597547279, 44.786374691552297 ], [ 7.528805373501439, 44.786388062741246 ], [ 7.528913579078818, 44.786389456807456 ], [ 7.529027137526593, 44.786381921836856 ], [ 7.529385316620605, 44.786215497107783 ], [ 7.530079381519537, 44.785841831205353 ], [ 7.530278900209125, 44.785731860481548 ], [ 7.530731464068185, 44.78573768455108 ], [ 7.531634043815271, 44.785677279897193 ], [ 7.53246832839818, 44.785350406277999 ], [ 7.532717194030249, 44.785241084362973 ], [ 7.533288395825621, 44.78502336371465 ], [ 7.533782699936745, 44.784939684254191 ], [ 7.534288047114498, 44.78498217883179 ], [ 7.534862290108577, 44.785237119576017 ], [ 7.53551545156692, 44.785682120789332 ], [ 7.535699250655679, 44.786193096966528 ], [ 7.53575359133168, 44.786558401540681 ], [ 7.535686503940024, 44.787462277217017 ], [ 7.53436514468784, 44.787350798815737 ], [ 7.533383177407559, 44.787315679374551 ], [ 7.533012978711927, 44.787333435361049 ], [ 7.532911267582467, 44.787917278623887 ], [ 7.532548586710155, 44.789492549304832 ], [ 7.532470988525485, 44.789779628450013 ], [ 7.532925233115594, 44.78984398460485 ], [ 7.534690168040536, 44.790069194259253 ], [ 7.53468352481313, 44.79065875728071 ], [ 7.534924867841596, 44.791035459439215 ], [ 7.535340470651524, 44.791441406272597 ], [ 7.535667317825289, 44.791873205258916 ], [ 7.535716181739922, 44.79211238608903 ], [ 7.535780449398202, 44.792383292565752 ], [ 7.535415932180797, 44.792752223008009 ], [ 7.534798541990722, 44.793527500868983 ], [ 7.53445824821346, 44.793892240490045 ], [ 7.534348070763127, 44.794232904246329 ], [ 7.534375710087671, 44.794669880802353 ], [ 7.534488555623244, 44.794909884157036 ], [ 7.534882379720113, 44.795162507965657 ], [ 7.535492529839907, 44.795314382276352 ], [ 7.536136471415118, 44.795394653995039 ], [ 7.536835557658311, 44.795403614173168 ], [ 7.537422620642312, 44.79524909418781 ], [ 7.538094693315427, 44.794794068083469 ], [ 7.538553437262518, 44.794385829912514 ], [ 7.538844969456821, 44.79404296546663 ], [ 7.539027501879222, 44.793698724591344 ], [ 7.539148238635028, 44.793439184871275 ], [ 7.539238838966164, 44.793575394105794 ], [ 7.53949587106854, 44.793691201876328 ], [ 7.540017782409244, 44.79400396537558 ], [ 7.540666978754538, 44.794408362727602 ], [ 7.540433564269422, 44.794670944275403 ], [ 7.540015015766479, 44.795178728357385 ], [ 7.539670700616951, 44.795592953250427 ], [ 7.539783411468454, 44.795729425880182 ], [ 7.54072611184537, 44.796826266896915 ], [ 7.540675303129825, 44.796929140420801 ], [ 7.54054839015503, 44.797253851008314 ], [ 7.540915891191314, 44.797337328334976 ], [ 7.541100291417435, 44.797351663061875 ], [ 7.541876329790413, 44.796728421999966 ], [ 7.542438251471028, 44.796411512342914 ], [ 7.54306230008435, 44.796090895018736 ], [ 7.543484657314153, 44.795871223711423 ], [ 7.543820433566482, 44.795731459154631 ], [ 7.544135688986144, 44.795780501803868 ], [ 7.544082224617101, 44.795941862102453 ], [ 7.54403328176071, 44.796395854728075 ], [ 7.544008321898556, 44.796602582232104 ], [ 7.543947525364128, 44.796898899065233 ], [ 7.543853325055271, 44.797235277178089 ], [ 7.543798778142593, 44.797549667552587 ], [ 7.54423477942543, 44.797573239901119 ], [ 7.544997117673692, 44.797299378857659 ], [ 7.545492919681371, 44.796689018924262 ], [ 7.54574722898934, 44.796332167290132 ], [ 7.54589180461268, 44.79620797424419 ], [ 7.546194678428887, 44.796324369602686 ], [ 7.54661825882182, 44.796464793056877 ], [ 7.546846033928475, 44.796535208074125 ], [ 7.546862072912288, 44.796589431883426 ], [ 7.546811723919442, 44.796737318724389 ], [ 7.546733972122852, 44.797064929616049 ], [ 7.54675364085715, 44.797177700706762 ], [ 7.546842125170775, 44.797273352722236 ], [ 7.54700552299419, 44.797405964781795 ], [ 7.547129310846914, 44.79747957245214 ], [ 7.547315022930809, 44.797526939968208 ], [ 7.54753779359366, 44.797529773879575 ], [ 7.547918606830551, 44.797516604411889 ], [ 7.548318492275974, 44.797530704896474 ], [ 7.54850999772072, 44.797456607475183 ], [ 7.548794341292131, 44.79728918266612 ], [ 7.548994241941247, 44.797147675958989 ], [ 7.549172160340857, 44.796969900770868 ], [ 7.549304362044232, 44.796755518754253 ], [ 7.549378516617224, 44.796445873232514 ], [ 7.549407404151189, 44.79620768516255 ], [ 7.549376413518214, 44.796009242620649 ], [ 7.549258491672661, 44.795764672904866 ], [ 7.54911387890745, 44.795560287251377 ], [ 7.54889675828303, 44.795332469522243 ], [ 7.549678492777852, 44.795243376887719 ], [ 7.55024663918834, 44.795196571113557 ], [ 7.550325692959989, 44.795715209216993 ], [ 7.550465538321659, 44.797166362910929 ], [ 7.550705816073727, 44.797164914389356 ], [ 7.551082891779824, 44.797142689936692 ], [ 7.551379486775854, 44.797132956719587 ], [ 7.551547514901853, 44.797081068595986 ], [ 7.551733773542829, 44.796948399906121 ], [ 7.55177659177604, 44.796831905697147 ], [ 7.551760445708312, 44.796687671781832 ], [ 7.55168003326736, 44.796475088647895 ], [ 7.551429923346336, 44.796080316799518 ], [ 7.551333675309439, 44.795917053729262 ], [ 7.551336942521291, 44.795786561502943 ], [ 7.55138309418331, 44.795710633945504 ], [ 7.551566674034587, 44.795415871466403 ], [ 7.551704502998899, 44.795228567827202 ], [ 7.552178021057229, 44.79518956805282 ], [ 7.552365281038789, 44.79517392938719 ], [ 7.552531058717953, 44.795117530766603 ], [ 7.55263025300406, 44.795258318832111 ], [ 7.55281719163506, 44.795350715686631 ], [ 7.55354969755102, 44.795634559010601 ], [ 7.554160412111674, 44.79522818203445 ], [ 7.554474018645109, 44.795263661783096 ], [ 7.555305326761641, 44.795499241368567 ], [ 7.556004565862963, 44.795818673808483 ], [ 7.556734649385442, 44.796201509430936 ], [ 7.557370460606619, 44.796641649578575 ], [ 7.55796238084034, 44.797162261453131 ], [ 7.558497543626703, 44.79770916448485 ], [ 7.558928670188312, 44.798151228231127 ], [ 7.559262913990292, 44.798357993379959 ], [ 7.559461262760792, 44.798437027842134 ], [ 7.560215641326147, 44.798401519713998 ], [ 7.561289582557421, 44.798257512662403 ], [ 7.562468003211622, 44.79801128795053 ], [ 7.563297518086046, 44.797765160976873 ], [ 7.564476080312624, 44.797703470674413 ], [ 7.565157234279129, 44.797815554938609 ], [ 7.565375151617424, 44.798029856327581 ], [ 7.565276522856047, 44.798262672844295 ], [ 7.564978579859129, 44.798646029612286 ], [ 7.564751391379529, 44.798980753722709 ], [ 7.564138988784773, 44.799823787850933 ], [ 7.563797739258934, 44.800454166829198 ], [ 7.563523502368821, 44.800900835353964 ], [ 7.563416309682737, 44.801223570697211 ], [ 7.563378381014632, 44.801637203892817 ], [ 7.563450476118992, 44.801980206771034 ], [ 7.56373499216925, 44.802249350692314 ], [ 7.564392633669079, 44.802451171182483 ], [ 7.565525172612353, 44.802496912995601 ], [ 7.566450802961568, 44.802504039268754 ], [ 7.566911701310755, 44.802545832496186 ], [ 7.567143782753933, 44.802683776230047 ], [ 7.567310663135263, 44.802933441065314 ], [ 7.567288143435442, 44.803108695895318 ], [ 7.567275883908401, 44.803603682797522 ], [ 7.566900873960047, 44.804386691981001 ], [ 7.566750521823573, 44.804951941056352 ], [ 7.566611674683307, 44.805436322827155 ], [ 7.566593709067794, 44.805930200652121 ], [ 7.566642379324341, 44.805931604179179 ], [ 7.566840184917172, 44.805938588203382 ], [ 7.567227384788156, 44.806483580095062 ], [ 7.567642977554612, 44.806313251122582 ], [ 7.568366931582121, 44.806025257460561 ], [ 7.568365484420799, 44.806083753685748 ], [ 7.568931954780735, 44.808760009620883 ], [ 7.56947098130494, 44.811701482726008 ], [ 7.569488028109609, 44.811859234833875 ], [ 7.569515740803992, 44.81201712055806 ], [ 7.569680212701107, 44.8121902227807 ], [ 7.569969889533761, 44.812414405009491 ], [ 7.570259902203356, 44.812625087398864 ], [ 7.570434265694336, 44.812829820078171 ], [ 7.570523861610723, 44.813042493495203 ], [ 7.570728554508618, 44.813283614207187 ], [ 7.570915377591787, 44.813416484492265 ], [ 7.571006091142054, 44.813615668199347 ], [ 7.571072960400997, 44.813724531440243 ], [ 7.571079525880073, 44.813891154290211 ], [ 7.571131959191423, 44.814040346730195 ], [ 7.571233559224102, 44.814199156573565 ], [ 7.571570046962514, 44.814144852246777 ], [ 7.571985093772873, 44.81407802614607 ], [ 7.572252629726712, 44.81406336734257 ], [ 7.573072846687981, 44.813929585237489 ], [ 7.573979786886414, 44.8138688979408 ], [ 7.57418579158519, 44.813848965030573 ], [ 7.574592142571881, 44.813894548351371 ], [ 7.575194871071036, 44.813861561050821 ], [ 7.575471118078483, 44.813797491303831 ], [ 7.575599945355305, 44.813718078664287 ], [ 7.57561304880127, 44.813619217929038 ], [ 7.575533067342369, 44.813496690466785 ], [ 7.575434139201622, 44.813405434265938 ], [ 7.575362217755464, 44.813260501736956 ], [ 7.575352490566084, 44.813206367170586 ], [ 7.57536731458853, 44.813166042225539 ], [ 7.57544333542998, 44.813031957685894 ], [ 7.575558025252895, 44.812916359899347 ], [ 7.575683152922688, 44.812778386694873 ], [ 7.575806863134473, 44.812649397871311 ], [ 7.576060119578828, 44.812427501398865 ], [ 7.57631028347866, 44.812219069099392 ], [ 7.576818397830682, 44.811838308694817 ], [ 7.577148089239352, 44.811545344817127 ], [ 7.577482158953358, 44.811315449941084 ], [ 7.577649588481349, 44.811234221618278 ], [ 7.577637097572024, 44.811205185583901 ], [ 7.577387177114694, 44.811323607037146 ], [ 7.577338160343649, 44.811259978707191 ], [ 7.577205792921401, 44.811001762408168 ], [ 7.576886784725621, 44.810619682985887 ], [ 7.576734668176196, 44.810473758040281 ], [ 7.576392642638167, 44.810208428160749 ], [ 7.57552653992622, 44.809639469493078 ], [ 7.575289893683042, 44.809492488035886 ], [ 7.575220766883843, 44.809410595134295 ], [ 7.574976006922264, 44.809047450339506 ], [ 7.574751614576781, 44.808675544262051 ], [ 7.574671073431126, 44.808512497086582 ], [ 7.574453945804121, 44.808118187752306 ], [ 7.574406931782005, 44.807829524813307 ], [ 7.574349863414038, 44.807531739334109 ], [ 7.574371396675322, 44.807203426004477 ], [ 7.574588312427171, 44.80678752542812 ], [ 7.574886430961567, 44.806363622038859 ], [ 7.575227872951375, 44.806106816809375 ], [ 7.575497916684434, 44.805988650380471 ], [ 7.575776772349448, 44.805929111375669 ], [ 7.576544565782907, 44.805817149861312 ], [ 7.576904343414604, 44.805794642587792 ], [ 7.57717876396977, 44.805771053265595 ], [ 7.577673993086974, 44.80571870534682 ], [ 7.578114882008882, 44.806093286039911 ], [ 7.578353000042982, 44.805907217853701 ], [ 7.578514724030731, 44.806080270582015 ], [ 7.57868836206937, 44.806717103750238 ], [ 7.578764489844867, 44.807060128343579 ], [ 7.578628067757993, 44.807112450438069 ], [ 7.578603136691345, 44.807161661199167 ], [ 7.578752042900561, 44.807438076790838 ], [ 7.578852099385618, 44.807628374104908 ], [ 7.578922124611768, 44.807818297497349 ], [ 7.578917875335716, 44.808119816971377 ], [ 7.578912568374637, 44.808335812407663 ], [ 7.578904829044357, 44.80865080187418 ], [ 7.578851231057442, 44.808902202932344 ], [ 7.578799734840254, 44.809068102169611 ], [ 7.578632369752847, 44.809268566483368 ], [ 7.578571890848929, 44.809398364078667 ], [ 7.578539699373206, 44.809469977733876 ], [ 7.578570405706829, 44.809587379213994 ], [ 7.578533174453615, 44.809735461083513 ], [ 7.578474501919399, 44.809919283639118 ], [ 7.578498722682611, 44.810027606499929 ], [ 7.578497284809212, 44.810086107615135 ], [ 7.578508636092748, 44.810459853688712 ], [ 7.578551281316032, 44.810509886930326 ], [ 7.578698465672204, 44.810583752864595 ], [ 7.578882864423846, 44.810653563588708 ], [ 7.57896124697928, 44.810673491784705 ], [ 7.578968212435853, 44.810667790772058 ], [ 7.579065918899866, 44.810696013319216 ], [ 7.579212841615797, 44.810715845989641 ], [ 7.579287786810736, 44.810726756214358 ], [ 7.579428958225201, 44.810736873295298 ], [ 7.579530215858892, 44.810743751376826 ], [ 7.579622738877264, 44.810736246300756 ], [ 7.579667630039942, 44.810719710612823 ], [ 7.579740181597551, 44.810677395471146 ], [ 7.579831179306076, 44.810593006363185 ], [ 7.579996142217157, 44.810586055788555 ], [ 7.580351022527793, 44.810666987333462 ], [ 7.580637151948265, 44.810747063181566 ], [ 7.581009963605037, 44.810805710061281 ], [ 7.581140937428225, 44.810793063008362 ], [ 7.581249239018079, 44.81076537145843 ], [ 7.581359617155194, 44.810729034941581 ], [ 7.581542902428519, 44.810668296546112 ], [ 7.581722111901134, 44.810612008332072 ], [ 7.581825659750454, 44.81056378233589 ], [ 7.581915488328096, 44.810429864917666 ], [ 7.581971213049206, 44.810381044844448 ], [ 7.582090050702885, 44.810337509590198 ], [ 7.582093175592827, 44.810331238672561 ], [ 7.582067110112676, 44.810261035449912 ], [ 7.582064395333378, 44.810248358971513 ], [ 7.582051389023304, 44.810238005235142 ], [ 7.582034019673936, 44.810156769692874 ], [ 7.58214121655826, 44.810104087618889 ], [ 7.582320456466223, 44.81007930655587 ], [ 7.583579343314906, 44.80974834482452 ], [ 7.58365679912604, 44.809699793490147 ], [ 7.584147094060875, 44.809403820989495 ], [ 7.583818671851309, 44.808806390868391 ], [ 7.585505403447655, 44.808350175005977 ], [ 7.585699148640582, 44.80846687006094 ], [ 7.585731732747742, 44.808447198989349 ], [ 7.585527536908979, 44.80834564536395 ], [ 7.584003851517219, 44.807597581315491 ], [ 7.583301344735053, 44.80723778115572 ], [ 7.582409903838575, 44.807573302416451 ], [ 7.582428628673601, 44.807632049242251 ], [ 7.582172443223762, 44.807700886114368 ], [ 7.581814553503633, 44.807840476931247 ], [ 7.581714051274023, 44.807861734144744 ], [ 7.581662639702501, 44.807766572353238 ], [ 7.58111196967923, 44.807935273894259 ], [ 7.579925934559766, 44.806538690433555 ], [ 7.579668315402238, 44.806134887809073 ], [ 7.579583178487671, 44.806061811066023 ], [ 7.579475123095739, 44.806100976776698 ], [ 7.579387335358252, 44.806135893441535 ], [ 7.579232726580243, 44.806187983034143 ], [ 7.578945777360965, 44.806125897829197 ], [ 7.578726391363793, 44.806064652902748 ], [ 7.57856535602273, 44.806008635065631 ], [ 7.578406148740198, 44.805894125387262 ], [ 7.578300680999095, 44.805699264706945 ], [ 7.578079660346881, 44.805430947308501 ], [ 7.577758305008271, 44.805161379766759 ], [ 7.577465698391673, 44.805040705982876 ], [ 7.577132960176577, 44.804928533575776 ], [ 7.576841635190702, 44.804884392967431 ], [ 7.576484710477955, 44.804920453720321 ], [ 7.576123167836976, 44.804983462408508 ], [ 7.575834584860138, 44.805020373336525 ], [ 7.57555538251235, 44.804949374008828 ], [ 7.575316716693313, 44.804932893062329 ], [ 7.57515343728079, 44.804903849040485 ], [ 7.574803107086225, 44.804800452527672 ], [ 7.574474304726212, 44.8047378336638 ], [ 7.574162989705315, 44.804670931116561 ], [ 7.57380717651722, 44.804549458649333 ], [ 7.573440958707688, 44.804369340693036 ], [ 7.573092183333532, 44.804171435103193 ], [ 7.572749703191596, 44.803942099381118 ], [ 7.572604285481727, 44.803557687507116 ], [ 7.572552988176722, 44.80328247867984 ], [ 7.572556983580037, 44.80312048875593 ], [ 7.572596850661356, 44.802913936187863 ], [ 7.572684378858329, 44.802649464980988 ], [ 7.572842206090129, 44.80235436461745 ], [ 7.572985024523819, 44.802203111915283 ], [ 7.573192819591781, 44.801980653248052 ], [ 7.573424652352718, 44.801744991191676 ], [ 7.573648859936318, 44.801401206790096 ], [ 7.573904122681276, 44.801080315343157 ], [ 7.574131127976868, 44.800799580428958 ], [ 7.574384479989921, 44.800379639602184 ], [ 7.574470724282685, 44.800182667530088 ], [ 7.574521373843632, 44.800003255461959 ], [ 7.574573242025099, 44.799774346367627 ], [ 7.574629419790715, 44.799369947734093 ], [ 7.574645104866146, 44.799118081343366 ], [ 7.57464827716455, 44.799005593176737 ], [ 7.574566597767783, 44.798824529110298 ], [ 7.574508829729869, 44.798490725723092 ], [ 7.574506440901949, 44.798315152565507 ], [ 7.574557531806018, 44.79811774149011 ], [ 7.574619063129819, 44.798041990726098 ], [ 7.574681358385556, 44.79793474168347 ], [ 7.574676863861418, 44.797844663348727 ], [ 7.574633862142955, 44.797713594322893 ], [ 7.574609837144798, 44.797614269955183 ], [ 7.574619317624582, 44.797501860508618 ], [ 7.574577698454792, 44.7972987909219 ], [ 7.574497351261676, 44.79706373004074 ], [ 7.575082845612299, 44.796985516923755 ], [ 7.574898682820054, 44.796650136254506 ], [ 7.574808966071801, 44.79652298532941 ], [ 7.574708160898173, 44.796445208159327 ], [ 7.574184554437159, 44.796240622082053 ], [ 7.573036255984066, 44.79586168725784 ], [ 7.572691563918162, 44.795740350129861 ], [ 7.572333674839506, 44.795609844726897 ], [ 7.57215499466993, 44.795517588230112 ], [ 7.572042352968361, 44.795471168472055 ], [ 7.571815997649737, 44.79537381410077 ], [ 7.571679965806423, 44.795250582493487 ], [ 7.57160401166345, 44.795110097837139 ], [ 7.571542653401217, 44.794906780134461 ], [ 7.571502880766868, 44.794645217962575 ], [ 7.571447630257949, 44.794194415327532 ], [ 7.571417235132119, 44.794081507191464 ], [ 7.571354323957734, 44.793941185526478 ], [ 7.571252688762373, 44.793768871483671 ], [ 7.57109869948999, 44.793573396618982 ], [ 7.570996119698363, 44.793423576090753 ], [ 7.5708129942154, 44.793335762943272 ], [ 7.570523513799558, 44.793251119190856 ], [ 7.570220319986615, 44.793130294067566 ], [ 7.569965375132991, 44.793055083569925 ], [ 7.569781750602855, 44.79297176362811 ], [ 7.569737429409248, 44.792894689510142 ], [ 7.569686942794853, 44.792795032566964 ], [ 7.569629535636391, 44.792704291137063 ], [ 7.569512042072847, 44.792630801390487 ], [ 7.569374353662952, 44.792575062959699 ], [ 7.569189719191233, 44.792532239444441 ], [ 7.568811400062292, 44.792477985889313 ], [ 7.568544796500148, 44.792443136118123 ], [ 7.568073221886484, 44.792405715442605 ], [ 7.567803738883237, 44.792375328945653 ], [ 7.567610990394825, 44.792341403332259 ], [ 7.567473304554346, 44.792285662638221 ], [ 7.567409068749781, 44.792199335528764 ], [ 7.567346571404729, 44.792059016805787 ], [ 7.56730968675742, 44.791937023882241 ], [ 7.567240134623307, 44.79181011992393 ], [ 7.567096285982139, 44.791731795860166 ], [ 7.566694827285835, 44.791623231506264 ], [ 7.566424108936643, 44.791579322893725 ], [ 7.566060860090785, 44.791538752770698 ], [ 7.565758212860065, 44.791507944951121 ], [ 7.565418512735645, 44.791521681967879 ], [ 7.565256861820899, 44.791492644193248 ], [ 7.564922675987316, 44.791474941210019 ], [ 7.564320164730011, 44.791476369352488 ], [ 7.564160211768336, 44.791474358070559 ], [ 7.563934880247674, 44.79151203436961 ], [ 7.563695671140905, 44.791536032310276 ], [ 7.563389028283155, 44.79155468022438 ], [ 7.563204658743119, 44.791565863747557 ], [ 7.563072907086753, 44.791541700223085 ], [ 7.562974894838495, 44.79149545559148 ], [ 7.562863954755034, 44.791413039233888 ], [ 7.562740812192991, 44.791312464706422 ], [ 7.562642277347373, 44.791176190883846 ], [ 7.562481847083152, 44.791066144449019 ], [ 7.562385410125263, 44.791019919140126 ], [ 7.562138679037392, 44.790980803484381 ], [ 7.561985158367131, 44.790974369037158 ], [ 7.561774776974278, 44.790998726005938 ], [ 7.561490075816086, 44.79097713514377 ], [ 7.561249496126477, 44.790960600645029 ], [ 7.56104976801541, 44.790922074882289 ], [ 7.560870404237873, 44.790874803205277 ], [ 7.560724321578482, 44.790823449643291 ], [ 7.560574789437918, 44.790767551292149 ], [ 7.560437673674702, 44.790689303701953 ], [ 7.56022738764085, 44.790614634455537 ], [ 7.560030297512357, 44.790549133469909 ], [ 7.559661022143967, 44.790481460272176 ], [ 7.559244588494067, 44.790435696430841 ], [ 7.55889433505144, 44.790413271936572 ], [ 7.55867598688123, 44.790392511478352 ], [ 7.558537754389997, 44.790359258673838 ], [ 7.558459945483546, 44.790295260738304 ], [ 7.558350355627698, 44.79019035144065 ], [ 7.55823226698271, 44.790125844776753 ], [ 7.557962459065295, 44.790045918645284 ], [ 7.557797880969972, 44.790007831098777 ], [ 7.557685100052325, 44.790015408780832 ], [ 7.557438331322217, 44.790088810410545 ], [ 7.557198116628638, 44.790153292088107 ], [ 7.556997779510713, 44.790218277225563 ], [ 7.55681730360959, 44.790279011926167 ], [ 7.556685905709089, 44.790241342145414 ], [ 7.556495139911908, 44.790175914994158 ], [ 7.556298280042296, 44.790101408237433 ], [ 7.556100646697603, 44.790058399178655 ], [ 7.555737190957238, 44.79002679581032 ], [ 7.555266375174471, 44.790038844096969 ], [ 7.555000988436388, 44.790066993713978 ], [ 7.554874551973103, 44.790083398038718 ], [ 7.554740235596439, 44.790162718121422 ], [ 7.554644844679849, 44.790265036365149 ], [ 7.554562984853783, 44.790363024701364 ], [ 7.554438814708215, 44.790446973982796 ], [ 7.554157430228799, 44.790735983864408 ], [ 7.554020963988495, 44.790837781450925 ], [ 7.55389989805613, 44.790908266100935 ], [ 7.553786321741423, 44.790852814225943 ], [ 7.553567400207776, 44.790791526686078 ], [ 7.552782205407799, 44.790610534931645 ], [ 7.552092007998858, 44.790390232388404 ], [ 7.551232743007064, 44.790185785098508 ], [ 7.550324386347945, 44.789922193549167 ], [ 7.550134312019362, 44.789703726561036 ], [ 7.549907787488201, 44.789489297462424 ], [ 7.549685205254688, 44.789274917981089 ], [ 7.549670201179201, 44.789180203934137 ], [ 7.549827982093312, 44.7887005883371 ], [ 7.549863076904389, 44.78862451504731 ], [ 7.54993550842987, 44.788382374540923 ], [ 7.550005283683308, 44.788230222613301 ], [ 7.550049678735054, 44.788050741640149 ], [ 7.55007962948268, 44.787911587294374 ], [ 7.550043459817494, 44.787762591083521 ], [ 7.550002560658713, 44.787550519135451 ], [ 7.549877411516376, 44.786995292169053 ], [ 7.549714857027275, 44.786340565286608 ], [ 7.54964737869387, 44.786132656684394 ], [ 7.549537760229178, 44.786014235135262 ], [ 7.549420193341302, 44.785945224821575 ], [ 7.549229901008709, 44.785861787020551 ], [ 7.548870196812204, 44.785681672472137 ], [ 7.548649273625846, 44.785512323127783 ], [ 7.548535881703602, 44.785276823510912 ], [ 7.548439245309734, 44.785176570397667 ], [ 7.548329014927475, 44.78506714213205 ], [ 7.548199933098393, 44.784732418030615 ], [ 7.546434758811928, 44.784804484193437 ], [ 7.546227657127842, 44.785233955136384 ], [ 7.546091067567569, 44.785560797776782 ], [ 7.546048582965742, 44.785663782566807 ], [ 7.545947318023334, 44.785748014337493 ], [ 7.545805940425523, 44.785840737400846 ], [ 7.545711219239029, 44.78591605005883 ], [ 7.545669750738591, 44.78597853756451 ], [ 7.54563421159748, 44.786072608416838 ], [ 7.545539417846943, 44.786417987183626 ], [ 7.545482547778471, 44.786574801937746 ], [ 7.544904649486912, 44.787170588862502 ], [ 7.544791985821993, 44.787173654183839 ], [ 7.544483404408084, 44.787066195283082 ], [ 7.544010767378968, 44.786884625812021 ], [ 7.54382713860307, 44.786819268463638 ], [ 7.54322051010703, 44.786703503624551 ], [ 7.542897145878081, 44.786649865254539 ], [ 7.542209677042023, 44.786591577943881 ], [ 7.541423430148183, 44.786518521374582 ], [ 7.540616139526958, 44.786481199382031 ], [ 7.540668468084995, 44.78623880773798 ], [ 7.54072073321201, 44.786014419728573 ], [ 7.541016088395447, 44.785329522702504 ], [ 7.541165746945253, 44.784908329573057 ], [ 7.541141670945682, 44.784813498433685 ], [ 7.540793242986095, 44.784453457643004 ], [ 7.540013563024817, 44.783588277925638 ], [ 7.536991180025014, 44.782077725414759 ], [ 7.536127560220857, 44.781661555592734 ], [ 7.536382846423547, 44.781516291147597 ], [ 7.536691040835396, 44.781371704188608 ], [ 7.536859672044407, 44.781247833719767 ], [ 7.536955647058991, 44.781123032060371 ], [ 7.537039114080668, 44.780962061072103 ], [ 7.536778817206396, 44.78103974593855 ], [ 7.536625888568879, 44.781073795073489 ], [ 7.536360246744752, 44.781097397002313 ], [ 7.535955964419288, 44.781105717377571 ], [ 7.535651978952842, 44.781083814775791 ], [ 7.535235736232035, 44.781033464607866 ], [ 7.53522572769899, 44.781163868790422 ], [ 7.53517077000178, 44.781244183975559 ], [ 7.535062094581044, 44.781355317817805 ], [ 7.534993708070496, 44.781435460624735 ], [ 7.53499143172889, 44.781525453878487 ], [ 7.535029607726215, 44.781593460531944 ], [ 7.535311345780284, 44.781714104113519 ], [ 7.535363015351829, 44.7817642792524 ], [ 7.535380929665752, 44.781836527006057 ], [ 7.535338717281268, 44.781944012483166 ], [ 7.535190965363476, 44.782023137319712 ], [ 7.535104538854568, 44.782035531914083 ], [ 7.534753611718841, 44.781760961803961 ], [ 7.534636917291055, 44.781673942924293 ], [ 7.534534339124704, 44.781528590501381 ], [ 7.534433074394622, 44.781347245856637 ], [ 7.534336750261794, 44.781219978013908 ], [ 7.534221310171672, 44.78108346244688 ], [ 7.534110772951478, 44.780987519814531 ], [ 7.533979980891576, 44.780927326004459 ], [ 7.533768956502247, 44.780884106289058 ], [ 7.533597257026576, 44.780863896844274 ], [ 7.53338572369991, 44.780856678871501 ], [ 7.533241151127603, 44.780809810579157 ], [ 7.533137270643476, 44.780731957005159 ], [ 7.533079921222782, 44.780641197768503 ], [ 7.532999422728838, 44.780419608499201 ], [ 7.532943225025909, 44.780283852748049 ], [ 7.532839741689912, 44.780174496132055 ], [ 7.532702688977653, 44.780096215909751 ], [ 7.532512842490723, 44.780012755895399 ], [ 7.532302734740886, 44.779933536251619 ], [ 7.532052577403627, 44.779876306962215 ], [ 7.531807885683028, 44.779868659768844 ], [ 7.531489111547883, 44.779900569407637 ], [ 7.531230649501794, 44.77990624724611 ], [ 7.531038979932694, 44.779894779313331 ], [ 7.530854301468385, 44.779856394266588 ], [ 7.530670776203791, 44.779773012518774 ], [ 7.530566672751611, 44.779704155972311 ], [ 7.530387459105345, 44.779715352863768 ], [ 7.530175245418384, 44.779735126928912 ], [ 7.529879528930909, 44.779636796280712 ], [ 7.529708051603877, 44.779607581593645 ], [ 7.529416531469407, 44.779608328514684 ], [ 7.529110385707559, 44.779671902024653 ], [ 7.528590506582271, 44.779737221753635 ], [ 7.528051638173195, 44.779896817925213 ], [ 7.527623224125445, 44.780062337035616 ], [ 7.527276162294657, 44.78016588811375 ], [ 7.526755826741731, 44.780301110266308 ], [ 7.526823461858893, 44.780290407639384 ] ] ] ] } },
{ "type": "Feature", "properties": { "fid": 11 }, "geometry": { "type": "MultiPolygon", "coordinates": [ [ [ [ 7.2584796218723, 44.659514179221247 ], [ 7.258837668709438, 44.659470126725274 ], [ 7.259161239169161, 44.659497566729385 ], [ 7.25952460132009, 44.659539116020746 ], [ 7.259824862404884, 44.659305128905153 ], [ 7.260280693455326, 44.659154533264022 ], [ 7.260793614508328, 44.659216362115657 ], [ 7.261371856182695, 44.659229670105688 ], [ 7.261633255853336, 44.658963577997689 ], [ 7.261771821899667, 44.658560579116987 ], [ 7.261797799955787, 44.658218882943885 ], [ 7.261652458772514, 44.657793556773051 ], [ 7.261272382154164, 44.657256626969975 ], [ 7.260973865811587, 44.65690548764681 ], [ 7.260557036577135, 44.656543542688446 ], [ 7.26028452815924, 44.656377347261298 ], [ 7.260056871970793, 44.656306360063056 ], [ 7.259450640237064, 44.656189090946775 ], [ 7.258860023445977, 44.656076557941091 ], [ 7.258255427839695, 44.655891789305862 ], [ 7.257959686898561, 44.655725233897492 ], [ 7.257401482228668, 44.655320609338332 ], [ 7.256949799631016, 44.65524169529472 ], [ 7.256555489148258, 44.655181660378972 ], [ 7.256272948988347, 44.655114328741455 ], [ 7.256007791153168, 44.655294828370323 ], [ 7.255915475508135, 44.65546896535173 ], [ 7.2558937815208, 44.655666687113062 ], [ 7.25608903032272, 44.656029766138936 ], [ 7.25659691052052, 44.656784722814983 ], [ 7.256530619364137, 44.657418380729602 ], [ 7.256377249854879, 44.658563846242586 ], [ 7.256369489226799, 44.659085867581446 ], [ 7.256444961712421, 44.659474123799455 ], [ 7.256661919482599, 44.659639480124852 ], [ 7.256966490706007, 44.659788168786164 ], [ 7.257408246204054, 44.659844425184296 ], [ 7.2584796218723, 44.659514179221247 ] ] ] ] } },
{ "type": "Feature", "properties": { "fid": 12 }, "geometry": { "type": "MultiPolygon", "coordinates": [ [ [ [ 7.57109239479963, 44.815210548115033 ], [ 7.571382763337769, 44.815614795662469 ], [ 7.572187115258392, 44.816237015604621 ], [ 7.5722512397939, 44.81663391412858 ], [ 7.572376365303921, 44.816896544421752 ], [ 7.572630760361274, 44.817174304089207 ], [ 7.572914005514829, 44.817483914924267 ], [ 7.573565576154227, 44.818036698602434 ], [ 7.574271916206858, 44.818612674636562 ], [ 7.574660922512905, 44.81894611295332 ], [ 7.574947454906441, 44.819219770102706 ], [ 7.575067363054627, 44.819261772699512 ], [ 7.575535079268317, 44.819609703713333 ], [ 7.576256798006921, 44.81858342249005 ], [ 7.57651096202637, 44.818100467662674 ], [ 7.576586116060371, 44.817986258164716 ], [ 7.575776713267611, 44.817694753470782 ], [ 7.575312743418967, 44.817468411603535 ], [ 7.575132253627272, 44.817398642991805 ], [ 7.574493498462277, 44.817111602272384 ], [ 7.573389224557507, 44.816629696587199 ], [ 7.57313755083366, 44.816514024435342 ], [ 7.572596634638054, 44.816219193448703 ], [ 7.572222699629292, 44.815980461168394 ], [ 7.571777619008713, 44.815646314708765 ], [ 7.57156213602754, 44.815409562083666 ], [ 7.571417860045859, 44.81510618348122 ], [ 7.571314825822379, 44.814749307529276 ], [ 7.571305674033479, 44.81444761938149 ], [ 7.570938895809972, 44.81480941796422 ], [ 7.57109239479963, 44.815210548115033 ] ] ], [ [ [ 7.595183213843653, 44.819713630980189 ], [ 7.59478107928232, 44.820370361433994 ], [ 7.594755200635914, 44.820413869098751 ], [ 7.595019737083495, 44.819999155986622 ], [ 7.595217383084721, 44.819673007791586 ], [ 7.595206995501644, 44.819673985584153 ], [ 7.595183213843653, 44.819713630980189 ] ] ], [ [ [ 7.594361133409008, 44.821076373246861 ], [ 7.594280573617821, 44.821234409206056 ], [ 7.594393677728931, 44.821022201635664 ], [ 7.594403334919625, 44.821005425058523 ], [ 7.594361133409008, 44.821076373246861 ] ] ], [ [ [ 7.5940274279127, 44.821990510615116 ], [ 7.59406851184356, 44.822121548977627 ], [ 7.594220484481518, 44.822276465094475 ], [ 7.59431013050935, 44.822345083968614 ], [ 7.594380646245587, 44.822377829531824 ], [ 7.594360979824107, 44.822367626267088 ], [ 7.594195092510144, 44.822248555579478 ], [ 7.594081653731884, 44.822134631542689 ], [ 7.594027964481834, 44.821978504910213 ], [ 7.5940274279127, 44.821990510615116 ] ] ], [ [ [ 7.596685988373816, 44.823198035589371 ], [ 7.596773063590435, 44.823199105952959 ], [ 7.596764134439288, 44.823171372706256 ], [ 7.59660946854034, 44.82319709492198 ], [ 7.596685988373816, 44.823198035589371 ] ] ], [ [ [ 7.596776405106278, 44.823316165049732 ], [ 7.596736424685743, 44.823725285278215 ], [ 7.596617386330234, 44.823939882975303 ], [ 7.596224843863722, 44.82433115301292 ], [ 7.595848153934305, 44.824574089526941 ], [ 7.595223062529841, 44.824921990253586 ], [ 7.594797242603287, 44.825218321091469 ], [ 7.594338471663052, 44.825617785137553 ], [ 7.593893908146869, 44.826179462822047 ], [ 7.593593675211244, 44.826463839588833 ], [ 7.592515912239304, 44.827233752848045 ], [ 7.592016326212207, 44.827587699614448 ], [ 7.592012655906783, 44.827611163806019 ], [ 7.592120703272892, 44.827606302946606 ], [ 7.592469210688612, 44.82784015507724 ], [ 7.592884515348385, 44.828230920426897 ], [ 7.593273819224914, 44.828057817319895 ], [ 7.593661369824014, 44.827873541246142 ], [ 7.59430648251889, 44.828655685124687 ], [ 7.593718276451775, 44.828856277781973 ], [ 7.593253896357421, 44.829014639803638 ], [ 7.593412482957015, 44.829251617521535 ], [ 7.594328576863767, 44.829262898903629 ], [ 7.595293924529357, 44.829247772341304 ], [ 7.595301225761629, 44.829760986233843 ], [ 7.596184688478071, 44.829780853457606 ], [ 7.597156661263905, 44.829770293683154 ], [ 7.598025982866694, 44.829753964212522 ], [ 7.598540835706209, 44.829764785631404 ], [ 7.599572959829308, 44.82984946639791 ], [ 7.601357107503928, 44.829308698436975 ], [ 7.602220442340277, 44.829049204894837 ], [ 7.604654027665616, 44.828345292167903 ], [ 7.605412535487884, 44.82812050209759 ], [ 7.606460248227046, 44.827836221646201 ], [ 7.607469907389641, 44.82760548056541 ], [ 7.60849168731108, 44.827428891335089 ], [ 7.609531925377471, 44.827306530808293 ], [ 7.609941238565426, 44.827266503559187 ], [ 7.610750451754171, 44.827249345392502 ], [ 7.611812014979146, 44.82732527150867 ], [ 7.613262806746639, 44.827572455833213 ], [ 7.614378011146221, 44.827851558574388 ], [ 7.615795594610662, 44.828264848017064 ], [ 7.616331034777726, 44.828406370354138 ], [ 7.616548846997881, 44.828466830563727 ], [ 7.61657527055484, 44.82842358864 ], [ 7.617099543033789, 44.828569489058403 ], [ 7.617217749239894, 44.828602430083528 ], [ 7.618009656664014, 44.828747050491891 ], [ 7.618804315305326, 44.828860190463899 ], [ 7.619331309217732, 44.828925084292486 ], [ 7.619330778932647, 44.828972094248222 ], [ 7.619521948621496, 44.828989624641835 ], [ 7.620235407170681, 44.828993746977794 ], [ 7.620893485411418, 44.828916176385576 ], [ 7.621332154605367, 44.828822449783608 ], [ 7.621816372492731, 44.828675258195595 ], [ 7.622208611984283, 44.828472941666561 ], [ 7.622693290563357, 44.828123202871893 ], [ 7.622843409067753, 44.828161022240337 ], [ 7.622980478898285, 44.828198684049894 ], [ 7.622991747682305, 44.828140305780032 ], [ 7.623068750893498, 44.827961190782709 ], [ 7.623214756143841, 44.827656877223347 ], [ 7.623391871891096, 44.827406951618201 ], [ 7.623607196645378, 44.827062963408956 ], [ 7.623782469829441, 44.826740997509468 ], [ 7.624183701418825, 44.826093174480278 ], [ 7.624478479720442, 44.825633113482873 ], [ 7.624820535389368, 44.825029586137099 ], [ 7.62509644462525, 44.824663819150402 ], [ 7.625289379404584, 44.82434656456185 ], [ 7.625428255058069, 44.824091674169864 ], [ 7.625511210103072, 44.823944136701762 ], [ 7.625567594116739, 44.823800780431768 ], [ 7.625738143075412, 44.823510262138754 ], [ 7.625820454957552, 44.823389723250713 ], [ 7.625887111450386, 44.823296002463216 ], [ 7.625780562259917, 44.823272214718045 ], [ 7.625653314812585, 44.823270683214155 ], [ 7.625411616885594, 44.823294780395841 ], [ 7.625168092885759, 44.823345861639119 ], [ 7.624433069210243, 44.823237985206326 ], [ 7.623798551252591, 44.823108809954896 ], [ 7.62315178171799, 44.822979483443667 ], [ 7.622492810038793, 44.822832001685896 ], [ 7.62266884689603, 44.822145457861509 ], [ 7.622604881546376, 44.821744088872904 ], [ 7.622407920136385, 44.821251093454933 ], [ 7.621935012493886, 44.820511708512093 ], [ 7.621426975545469, 44.819704380963259 ], [ 7.620969991554976, 44.819856401140633 ], [ 7.620589945859185, 44.819334184561527 ], [ 7.618873513244119, 44.819178403317423 ], [ 7.618690125200052, 44.819095165248747 ], [ 7.618393336512828, 44.818911530692588 ], [ 7.61768353544007, 44.818560856690453 ], [ 7.616836134351229, 44.81816350055864 ], [ 7.616504369532195, 44.817988439572403 ], [ 7.61618416310871, 44.817809016598254 ], [ 7.615635277706444, 44.817523295213014 ], [ 7.615360230814611, 44.817389428394563 ], [ 7.615005016068072, 44.817236584153541 ], [ 7.614707482901054, 44.817084438615858 ], [ 7.614433704818368, 44.816914576165189 ], [ 7.61402180386796, 44.816702526705797 ], [ 7.613803120879939, 44.81664135782615 ], [ 7.613469313374113, 44.81655178404651 ], [ 7.612721898957482, 44.816322151979428 ], [ 7.612447255431621, 44.816188283017866 ], [ 7.612263778317275, 44.816109534602447 ], [ 7.612067341905891, 44.816093643749312 ], [ 7.611673690505807, 44.816093359252378 ], [ 7.611279540313302, 44.816097568429974 ], [ 7.611017777131329, 44.815905338393272 ], [ 7.610767854781412, 44.815713251813726 ], [ 7.610450164899875, 44.815430318032064 ], [ 7.610189801333208, 44.815179588819106 ], [ 7.609873600744057, 44.814851660541379 ], [ 7.609650931570439, 44.814479859285846 ], [ 7.609370835310211, 44.81408035159285 ], [ 7.609253079618587, 44.813849361298686 ], [ 7.608999621901674, 44.813328647390179 ], [ 7.609316001177, 44.814372255259137 ], [ 7.609606723129854, 44.814789896852766 ], [ 7.609785825642853, 44.815165668850362 ], [ 7.609758533756147, 44.815511921194044 ], [ 7.609678274080458, 44.815726996715931 ], [ 7.609542156724737, 44.815914385397519 ], [ 7.609422438503426, 44.816191995596924 ], [ 7.609389055873711, 44.8168082395037 ], [ 7.609281821572194, 44.817356067412817 ], [ 7.609140938458642, 44.817741445803925 ], [ 7.608869663554412, 44.81807572340994 ], [ 7.608486462678596, 44.818363625443006 ], [ 7.608125039654978, 44.818534763130792 ], [ 7.607726114751195, 44.818687438018884 ], [ 7.607459052040729, 44.818846220818457 ], [ 7.607304278399719, 44.819019875916787 ], [ 7.607337053820108, 44.819218323907315 ], [ 7.607557802072424, 44.819423565410055 ], [ 7.607796327315427, 44.819678535283451 ], [ 7.60790392014423, 44.819904901861079 ], [ 7.607878888410361, 44.820156658031699 ], [ 7.607799264760855, 44.820344733246756 ], [ 7.607848007956353, 44.820651402019109 ], [ 7.608006265584666, 44.821121445290174 ], [ 7.608057903495326, 44.821324624047264 ], [ 7.60732541476894, 44.822049370782871 ], [ 7.606893428438807, 44.822030597847039 ], [ 7.606479705393479, 44.822025549448284 ], [ 7.606138770720175, 44.822115911087394 ], [ 7.605870722983606, 44.822315187897097 ], [ 7.605735553667744, 44.822462073561056 ], [ 7.605712789197947, 44.822619333867614 ], [ 7.605762456165285, 44.822903509226528 ], [ 7.605907851624733, 44.823103332586335 ], [ 7.606036905562099, 44.823226437673952 ], [ 7.60402167930692, 44.824097535361439 ], [ 7.602842772940245, 44.824627748468799 ], [ 7.601640043516452, 44.823019638677444 ], [ 7.601542406846684, 44.823166978996483 ], [ 7.601481759175493, 44.823337277739462 ], [ 7.601404395371614, 44.823430853116861 ], [ 7.601195363378815, 44.823509312239779 ], [ 7.600856056438504, 44.823532161621607 ], [ 7.600067169165529, 44.823495485749227 ], [ 7.59974877949314, 44.823437568618502 ], [ 7.599384074994877, 44.823725666643377 ], [ 7.599042868003999, 44.823843010272746 ], [ 7.598420750571444, 44.823889388721909 ], [ 7.597781691471217, 44.823868039342379 ], [ 7.597331721179438, 44.823808499536526 ], [ 7.597070173515162, 44.823737769910544 ], [ 7.596749176881168, 44.823787838608112 ], [ 7.596769253651919, 44.823693562392592 ], [ 7.596833972448163, 44.823388283409052 ], [ 7.596782404830932, 44.823228119088803 ], [ 7.596776405106278, 44.823316165049732 ] ] ] ] } },
{ "type": "Feature", "properties": { "fid": 13 }, "geometry": { "type": "MultiPolygon", "coordinates": [ [ [ [ 7.626782878196329, 44.832246807876558 ], [ 7.626772939607141, 44.832206822278181 ], [ 7.626409174025188, 44.832187435696873 ], [ 7.626338429200789, 44.832186584644376 ], [ 7.626305277242504, 44.832267205376375 ], [ 7.626311113679039, 44.832373920965615 ], [ 7.626782878196329, 44.832246807876558 ] ] ], [ [ [ 7.627620676416309, 44.832304176133313 ], [ 7.627514288040945, 44.832281743966796 ], [ 7.62738612366669, 44.832268127858448 ], [ 7.627620676416309, 44.832304176133313 ] ] ], [ [ [ 7.628322826217071, 44.832409350518319 ], [ 7.628557929222175, 44.832682256466562 ], [ 7.629015158274114, 44.833272895759919 ], [ 7.629112553458748, 44.833233559348585 ], [ 7.629353507401671, 44.833258963951465 ], [ 7.629459265304948, 44.833300739774337 ], [ 7.629558933141705, 44.833382947548074 ], [ 7.629628409546596, 44.833487322982208 ], [ 7.6296153878832, 44.833703208579607 ], [ 7.629634276217423, 44.833806976709994 ], [ 7.629697057488925, 44.833893240025603 ], [ 7.629801002961502, 44.83401152456829 ], [ 7.629897487685046, 44.834093694915644 ], [ 7.630084026704833, 44.83423098350567 ], [ 7.63017085744268, 44.834304039001729 ], [ 7.630194325903803, 44.83438083351853 ], [ 7.630205461960677, 44.834461997436307 ], [ 7.630191942769382, 44.834614879925709 ], [ 7.630183828990772, 44.834740816576272 ], [ 7.630223456003085, 44.834903333742993 ], [ 7.630274026109466, 44.835088474603111 ], [ 7.630288635947905, 44.835322723977377 ], [ 7.630291514194592, 44.835552315192608 ], [ 7.630266971114748, 44.835687052562236 ], [ 7.630163313801154, 44.835906368456506 ], [ 7.630046025252324, 44.836134518526642 ], [ 7.629926659536373, 44.836250123006998 ], [ 7.629883668798572, 44.836312623572653 ], [ 7.62988659673115, 44.836389171594519 ], [ 7.629934464754681, 44.83647077636742 ], [ 7.630017284778816, 44.836579791465383 ], [ 7.629997667118429, 44.836632309010419 ], [ 7.630515266681086, 44.83695839461943 ], [ 7.630882948416282, 44.837142847187579 ], [ 7.631403279594027, 44.837342631547706 ], [ 7.63205513362257, 44.837548490348112 ], [ 7.632359117078126, 44.837651155524014 ], [ 7.632424065217214, 44.837667242856227 ], [ 7.632661240754535, 44.837529738073236 ], [ 7.632861717387344, 44.837361081708934 ], [ 7.633063563428337, 44.837151955066595 ], [ 7.633165297486151, 44.837013624909879 ], [ 7.633193951409272, 44.836838430041972 ], [ 7.63320139818324, 44.836523433833364 ], [ 7.633207142449607, 44.836280449628156 ], [ 7.633141936657574, 44.835910563919192 ], [ 7.633171004866511, 44.835735374885708 ], [ 7.633031472357748, 44.835382611044871 ], [ 7.632889776355348, 44.835137843173541 ], [ 7.632722857660143, 44.83492428129555 ], [ 7.632509816025638, 44.834570636304107 ], [ 7.632393053682874, 44.834308171634838 ], [ 7.632302952211394, 44.833955999970762 ], [ 7.632333595309264, 44.83371331454002 ], [ 7.632363104769525, 44.833502105720278 ], [ 7.632464409720253, 44.833381784059725 ], [ 7.632687780794629, 44.83328093722379 ], [ 7.632888338761285, 44.833125796355951 ], [ 7.633064430684173, 44.832952368276686 ], [ 7.633387467588459, 44.832816687843405 ], [ 7.633733447579734, 44.832730802105281 ], [ 7.634056506579819, 44.832595138039217 ], [ 7.63452981883897, 44.832339735076602 ], [ 7.634874970550904, 44.832289843556389 ], [ 7.635047270759914, 44.832291903858206 ], [ 7.635320128452007, 44.83223830569159 ], [ 7.635279951925282, 44.832050744033168 ], [ 7.636167666893558, 44.831624744972849 ], [ 7.636314987675179, 44.831563489266685 ], [ 7.637040126524687, 44.831392103649179 ], [ 7.637930698630391, 44.83126319672143 ], [ 7.638548343955016, 44.831207547490976 ], [ 7.63935241548595, 44.831226133961792 ], [ 7.639770376923934, 44.831222111526088 ], [ 7.639911871432274, 44.830971736079 ], [ 7.640894457560104, 44.82960160157203 ], [ 7.640987775586932, 44.829634219889961 ], [ 7.641287029935381, 44.829786317110653 ], [ 7.641585713834016, 44.829978916554666 ], [ 7.641854062028737, 44.830117141332209 ], [ 7.642174997477709, 44.830237986473087 ], [ 7.642465564227488, 44.830322460955742 ], [ 7.642919521114804, 44.830552911520037 ], [ 7.643301194318763, 44.830764497096467 ], [ 7.643661003257466, 44.830998327118095 ], [ 7.644090625288766, 44.831390523094505 ], [ 7.644312235494091, 44.831735237077076 ], [ 7.64446545095181, 44.831894594115724 ], [ 7.644649387032533, 44.832058816682853 ], [ 7.6449272505271, 44.832246659091702 ], [ 7.645330449170133, 44.832417983492391 ], [ 7.645735716092545, 44.832517313606353 ], [ 7.646089481769547, 44.832571020765606 ], [ 7.646413389659258, 44.832565858760375 ], [ 7.646936030755996, 44.832549547686227 ], [ 7.647228184089027, 44.832566512514894 ], [ 7.647519191206484, 44.832632974973571 ], [ 7.647747445678471, 44.832694192463563 ], [ 7.647965128888491, 44.83276878758555 ], [ 7.648409385566921, 44.832976595939144 ], [ 7.648657855290185, 44.833069558493335 ], [ 7.648897109769088, 44.833117400602013 ], [ 7.649095739458052, 44.83311074855483 ], [ 7.649252984893681, 44.833081101184618 ], [ 7.64939610405254, 44.832911752828629 ], [ 7.64960896632019, 44.832684714987259 ], [ 7.649949657878801, 44.832333157746532 ], [ 7.650595752521741, 44.831499091588483 ], [ 7.650887941806798, 44.831056936522515 ], [ 7.650461908214773, 44.830966381417674 ], [ 7.649528659909945, 44.830757299802634 ], [ 7.648884517201795, 44.830560633985328 ], [ 7.648229355276963, 44.830327825370134 ], [ 7.647873130733171, 44.83021108046902 ], [ 7.647173208840852, 44.829914720501861 ], [ 7.646841358494652, 44.829753250259557 ], [ 7.646190168128749, 44.82938544430381 ], [ 7.645770422318808, 44.829128405912904 ], [ 7.645401849722405, 44.828880975235691 ], [ 7.644751236682226, 44.828472658061564 ], [ 7.644306366913002, 44.828174806243943 ], [ 7.643095643515736, 44.827444751817431 ], [ 7.64161191243085, 44.82649088352116 ], [ 7.641098028457255, 44.826187696974912 ], [ 7.640630091932587, 44.825880554021943 ], [ 7.640333515297984, 44.825683475951188 ], [ 7.640025361510897, 44.825490760309172 ], [ 7.639693260191328, 44.825324765093022 ], [ 7.639326469291317, 44.825171858813214 ], [ 7.639004033320393, 44.825082495328317 ], [ 7.638703853529199, 44.825038407191691 ], [ 7.638206245778808, 44.825018970421169 ], [ 7.637405703530907, 44.825072435464563 ], [ 7.636592837975907, 44.825161756485983 ], [ 7.636104357125308, 44.82524144355753 ], [ 7.635752527136312, 44.825426286400557 ], [ 7.635595440892391, 44.825482923665923 ], [ 7.635407107944373, 44.825557191664949 ], [ 7.635257645820439, 44.825609418485882 ], [ 7.635089343091201, 44.825638914441598 ], [ 7.634866323033773, 44.82565875380665 ], [ 7.634692619033109, 44.825665679143384 ], [ 7.634576296487896, 44.825686793674045 ], [ 7.634453047472586, 44.825716827435393 ], [ 7.63428525636706, 44.825791339240176 ], [ 7.634144533220077, 44.825875176765329 ], [ 7.633989364522232, 44.825967843485266 ], [ 7.6338243279639, 44.825992875555798 ], [ 7.633613641579634, 44.825958846940516 ], [ 7.633494305789136, 44.825889902478458 ], [ 7.633269752813136, 44.825590142868229 ], [ 7.633112084163891, 44.825403710782986 ], [ 7.632941500167877, 44.825262134768693 ], [ 7.632712791819551, 44.825137866878528 ], [ 7.632438910761323, 44.824968046592225 ], [ 7.631971468069786, 44.824642869634559 ], [ 7.631833216395374, 44.82460520443955 ], [ 7.631718598438634, 44.824554319005856 ], [ 7.631643634303046, 44.824481403200551 ], [ 7.63155545586958, 44.824399326794058 ], [ 7.631480433517665, 44.82436241892372 ], [ 7.631224003623588, 44.824390852935707 ], [ 7.630901704750184, 44.824463507533594 ], [ 7.630557950248781, 44.82454040499281 ], [ 7.630456713257186, 44.824525687512313 ], [ 7.630331274515251, 44.824447664343225 ], [ 7.630184547124217, 44.824283864886823 ], [ 7.630072074591501, 44.824142981678875 ], [ 7.62990235461444, 44.823965402717413 ], [ 7.629685083875664, 44.823859270347022 ], [ 7.629163844939229, 44.823853013835745 ], [ 7.628850309343209, 44.823889759110344 ], [ 7.628663584121052, 44.823946030935531 ], [ 7.628018013939795, 44.823798742044609 ], [ 7.627054527566974, 44.823539601107292 ], [ 7.626623449887162, 44.823448896278833 ], [ 7.626569965568863, 44.823470758439782 ], [ 7.625976788265302, 44.823315085985357 ], [ 7.625887111450386, 44.823296002463216 ], [ 7.625820454957552, 44.823389723250713 ], [ 7.625738143075412, 44.823510262138754 ], [ 7.625567594116739, 44.823800780431768 ], [ 7.625511210103072, 44.823944136701762 ], [ 7.625428255058069, 44.824091674169864 ], [ 7.625289379404584, 44.82434656456185 ], [ 7.62509644462525, 44.824663819150402 ], [ 7.624820535389368, 44.825029586137099 ], [ 7.624478479720442, 44.825633113482873 ], [ 7.624183701418825, 44.826093174480278 ], [ 7.623782469829441, 44.826740997509468 ], [ 7.623607196645378, 44.827062963408956 ], [ 7.623391871891096, 44.827406951618201 ], [ 7.623214756143841, 44.827656877223347 ], [ 7.623068750893498, 44.827961190782709 ], [ 7.622991747682305, 44.828140305780032 ], [ 7.622980478898285, 44.828198684049894 ], [ 7.622975087773333, 44.828225625573076 ], [ 7.622948134224324, 44.828427849551815 ], [ 7.623000950913144, 44.828667044244405 ], [ 7.623346754104515, 44.829152830454916 ], [ 7.623915620426535, 44.829767334506904 ], [ 7.624228402606398, 44.830113186269614 ], [ 7.624363155140387, 44.830281350045631 ], [ 7.625730463348584, 44.830104267712322 ], [ 7.626330123394246, 44.82998995397427 ], [ 7.626493981928783, 44.830248487153781 ], [ 7.626907850114387, 44.830816100758533 ], [ 7.627093532614919, 44.830971370462301 ], [ 7.627308347188842, 44.831131491168584 ], [ 7.627494031773247, 44.831286760238129 ], [ 7.627637946099242, 44.831536049814154 ], [ 7.627952200564457, 44.832237494836711 ], [ 7.627961258973505, 44.832255608029804 ], [ 7.628015746083955, 44.832378819728532 ], [ 7.628322826217071, 44.832409350518319 ] ] ], [ [ [ 7.639524056175541, 44.83644591667769 ], [ 7.639442375608201, 44.836354933987451 ], [ 7.639304189433684, 44.836128210781496 ], [ 7.639079168382646, 44.835760939902649 ], [ 7.638970503135667, 44.835557096616569 ], [ 7.638467422234332, 44.835816661815819 ], [ 7.63820384272108, 44.836079082113457 ], [ 7.637902608730161, 44.836413084909687 ], [ 7.637833707471522, 44.836551793076346 ], [ 7.638480239236528, 44.836816073294194 ], [ 7.63813408305573, 44.837009992572014 ], [ 7.637861095425439, 44.837168795145111 ], [ 7.637600052225491, 44.837323204224091 ], [ 7.63722761401507, 44.837624847099697 ], [ 7.63682593658497, 44.837908126772895 ], [ 7.636776843450008, 44.837961560986756 ], [ 7.636861802755613, 44.838165122310009 ], [ 7.636970535010914, 44.838382481757314 ], [ 7.637062805846406, 44.838527612181998 ], [ 7.63726095646842, 44.83875953432711 ], [ 7.637536590570997, 44.838992399822018 ], [ 7.637977146575575, 44.839357746864202 ], [ 7.638289404433031, 44.839564018798612 ], [ 7.638170987825083, 44.839697286383043 ], [ 7.638709902523154, 44.839977586097888 ], [ 7.639428263840113, 44.840467763674077 ], [ 7.639986376061108, 44.840927039369255 ], [ 7.640070386931622, 44.840953611981476 ], [ 7.640662622818506, 44.841226229746496 ], [ 7.640806605041009, 44.841290961533574 ], [ 7.641983697137005, 44.841813605231415 ], [ 7.643943382407292, 44.84273163193312 ], [ 7.644648632900171, 44.842343783033137 ], [ 7.643862767433257, 44.841609778434275 ], [ 7.643847221077607, 44.841632099194022 ], [ 7.64302814633074, 44.841370307774021 ], [ 7.641796926569981, 44.84108110343599 ], [ 7.641243770134795, 44.840912483529188 ], [ 7.640710848910016, 44.840757605066813 ], [ 7.640301631210458, 44.840622201548733 ], [ 7.639486644889196, 44.840171387961732 ], [ 7.638774491089195, 44.839753302032143 ], [ 7.638337584636185, 44.83945102135003 ], [ 7.639511977241406, 44.838204717077936 ], [ 7.640637670323079, 44.836975825035871 ], [ 7.640264943803274, 44.836836354641356 ], [ 7.639985876998104, 44.836716002946588 ], [ 7.639748415535975, 44.83659164512396 ], [ 7.639574335543754, 44.836445536545952 ], [ 7.63956315496503, 44.836428936886264 ], [ 7.639524056175541, 44.83644591667769 ] ] ] ] } },
{ "type": "Feature", "properties": { "fid": 14 }, "geometry": { "type": "MultiPolygon", "coordinates": [ [ [ [ 7.732456823316426, 44.538993162109591 ], [ 7.732474721501633, 44.538575616803158 ], [ 7.732430133876077, 44.538706635846708 ], [ 7.732229623555855, 44.539046509511948 ], [ 7.73244490503283, 44.539003113998923 ], [ 7.732456823316426, 44.538993162109591 ] ] ], [ [ [ 7.732587750685106, 44.538017834785599 ], [ 7.732351640807482, 44.53737150100811 ], [ 7.732308614169178, 44.537306781946164 ], [ 7.732406960526846, 44.537527035513982 ], [ 7.732504924743193, 44.537870222435167 ], [ 7.732546491516412, 44.538190170340002 ], [ 7.732587750685106, 44.538017834785599 ] ] ], [ [ [ 7.732032076654563, 44.536890820791449 ], [ 7.731581282815329, 44.53651218907472 ], [ 7.730624380953744, 44.535704988035633 ], [ 7.73078068816021, 44.53597852657456 ], [ 7.731337960419429, 44.536398839530953 ], [ 7.73175101538642, 44.536795041626299 ], [ 7.732040869825601, 44.536996317993612 ], [ 7.732182550114251, 44.5371171601982 ], [ 7.732032076654563, 44.536890820791449 ] ] ], [ [ [ 7.730066187637151, 44.535009867256754 ], [ 7.730040877477514, 44.534239855848412 ], [ 7.730074525888941, 44.533398484007598 ], [ 7.730055649098499, 44.532349455025319 ], [ 7.729938156438201, 44.532001557668146 ], [ 7.729819931480011, 44.531235009406117 ], [ 7.729795163303156, 44.531072685776692 ], [ 7.729544902771761, 44.529850015262497 ], [ 7.729177316345139, 44.529481316450251 ], [ 7.728868548726362, 44.529032238916471 ], [ 7.728775927403735, 44.528860161220408 ], [ 7.728616765138205, 44.528565801383429 ], [ 7.728363339482916, 44.528193856241174 ], [ 7.727840395994114, 44.527989965789573 ], [ 7.727419088876283, 44.527652172271452 ], [ 7.726891614450216, 44.526971063864174 ], [ 7.726696189955246, 44.526536760823127 ], [ 7.726392073037691, 44.525876158643136 ], [ 7.726321585494718, 44.525789858167229 ], [ 7.725797197466844, 44.525149304809872 ], [ 7.725418491477671, 44.524789466937236 ], [ 7.724834731974461, 44.523734120965415 ], [ 7.724786959586751, 44.523706574962752 ], [ 7.723684681035716, 44.523077561666675 ], [ 7.72314115836525, 44.522594331095938 ], [ 7.722759242982089, 44.521860829837628 ], [ 7.722221766124758, 44.521121086341921 ], [ 7.722089700369184, 44.520741506944184 ], [ 7.722209328710639, 44.520288196398809 ], [ 7.722540469131428, 44.519729248222589 ], [ 7.722426571805275, 44.519201303637146 ], [ 7.722111913316246, 44.51850458056893 ], [ 7.721719716221632, 44.518063546681525 ], [ 7.721252987423361, 44.517900764221991 ], [ 7.720553959751778, 44.517609334691436 ], [ 7.719815722103442, 44.517204936702505 ], [ 7.719144813222822, 44.516909613689791 ], [ 7.720048688314912, 44.517425846691452 ], [ 7.721590739997999, 44.518185838505886 ], [ 7.721628770206644, 44.518316802639063 ], [ 7.721785521368665, 44.518701169806839 ], [ 7.721871302275414, 44.519165766262113 ], [ 7.721980484988905, 44.519711648333455 ], [ 7.722083753227398, 44.520797622764682 ], [ 7.72218644947233, 44.521280413399083 ], [ 7.722436190968276, 44.521584796178551 ], [ 7.722730445468273, 44.522011211952567 ], [ 7.723004664786838, 44.522491418753127 ], [ 7.72317086510344, 44.522947910554208 ], [ 7.723500226165192, 44.52328018904128 ], [ 7.723968369020938, 44.523668033227004 ], [ 7.724795385581895, 44.52440648509107 ], [ 7.725339826300219, 44.524831186111591 ], [ 7.725748829826496, 44.525263375971662 ], [ 7.726101314882824, 44.525546390353313 ], [ 7.726242273300358, 44.525719012808068 ], [ 7.726497656770679, 44.526126979748128 ], [ 7.72662939482324, 44.526506559522943 ], [ 7.72679573232934, 44.526958545968583 ], [ 7.726926776387894, 44.527369626834087 ], [ 7.72760494700279, 44.527867828682147 ], [ 7.728138915035938, 44.528197871786524 ], [ 7.728550997869133, 44.528490544861313 ], [ 7.729224594521186, 44.530213044000725 ], [ 7.7294416141161, 44.530940170513276 ], [ 7.729787558887844, 44.532105358110883 ], [ 7.73006395036048, 44.53357586027262 ], [ 7.729961751187397, 44.533934828734253 ], [ 7.730012928505699, 44.534475555384269 ], [ 7.729980458139151, 44.535082871397066 ], [ 7.730179559133728, 44.535332657634761 ], [ 7.730243479004097, 44.535374500313907 ], [ 7.730066187637151, 44.535009867256754 ] ] ], [ [ [ 7.714204898758688, 44.513855810458736 ], [ 7.713730728268338, 44.513337309083894 ], [ 7.713443929409127, 44.513095509854608 ], [ 7.713272317088802, 44.513000789730789 ], [ 7.713317781186179, 44.5131009547178 ], [ 7.713503144660744, 44.513539671870539 ], [ 7.714680473036358, 44.514278496269526 ], [ 7.714204898758688, 44.513855810458736 ] ] ], [ [ [ 7.71105256275865, 44.509944555618929 ], [ 7.71063850996844, 44.50941322402084 ], [ 7.710178593281602, 44.508822832909907 ], [ 7.709871455103674, 44.508699221164214 ], [ 7.709969210116147, 44.508764407158921 ], [ 7.711070718125276, 44.5100098608537 ], [ 7.71105256275865, 44.509944555618929 ] ] ], [ [ [ 7.706884963988998, 44.506363814371277 ], [ 7.706572558404299, 44.50618294291889 ], [ 7.706931102728212, 44.506468243606612 ], [ 7.706884963988998, 44.506363814371277 ] ] ], [ [ [ 7.705312999299699, 44.504919039824635 ], [ 7.704559388227056, 44.504545878777904 ], [ 7.703990719538508, 44.504274456266046 ], [ 7.704004913721387, 44.504285569961894 ], [ 7.704544950226214, 44.504539270772412 ], [ 7.704962655316675, 44.504778077806264 ], [ 7.705380786236688, 44.505282466807806 ], [ 7.70567554134094, 44.50549978176624 ], [ 7.705312999299699, 44.504919039824635 ] ] ], [ [ [ 7.703360177249015, 44.503740006398431 ], [ 7.702791976406878, 44.503197877454163 ], [ 7.702426291126532, 44.502937140679045 ], [ 7.702326244808361, 44.502921308231052 ], [ 7.702842499958002, 44.503309086580046 ], [ 7.703462395999206, 44.503860787712597 ], [ 7.703888182526803, 44.504194172133055 ], [ 7.703360177249015, 44.503740006398431 ] ] ], [ [ [ 7.701483052334243, 44.50170654446093 ], [ 7.701289397529551, 44.501204701983752 ], [ 7.701146563268892, 44.500626903249689 ], [ 7.700926451155397, 44.500464264152406 ], [ 7.700975794999114, 44.500627578202177 ], [ 7.701113568374207, 44.501079278980249 ], [ 7.701322343057387, 44.501378741592674 ], [ 7.701445884515846, 44.501886205671788 ], [ 7.701483052334243, 44.50170654446093 ] ] ], [ [ [ 7.69703199197021, 44.498549902622173 ], [ 7.696834708690131, 44.498142522093893 ], [ 7.696265490841643, 44.497915473915235 ], [ 7.695514965663776, 44.497688016604151 ], [ 7.695533078545939, 44.497698184242509 ], [ 7.69680020195224, 44.498198795982049 ], [ 7.696953257355988, 44.49845711880026 ], [ 7.697032049811807, 44.498571684105144 ], [ 7.69703199197021, 44.498549902622173 ] ] ], [ [ [ 7.692984644345958, 44.496221461255622 ], [ 7.692660711309196, 44.496100711233673 ], [ 7.692311567032633, 44.495930166435386 ], [ 7.692218549439723, 44.495731044587657 ], [ 7.691843137383922, 44.49539813114599 ], [ 7.691640877646055, 44.49519775639461 ], [ 7.691045592260704, 44.494961368079466 ], [ 7.690654169049993, 44.494835340024885 ], [ 7.690348294994177, 44.494593267930419 ], [ 7.690203151507169, 44.494371034310802 ], [ 7.689971429510035, 44.493486099660188 ], [ 7.690032460416767, 44.492937635370346 ], [ 7.68983856737146, 44.49239441816043 ], [ 7.689829175837789, 44.492712921608231 ], [ 7.689743962588588, 44.49348167342567 ], [ 7.689617544001013, 44.494141920080729 ], [ 7.689740450593865, 44.494480930911621 ], [ 7.689897020234664, 44.494860839853523 ], [ 7.690929678843471, 44.495295808100543 ], [ 7.693208487630124, 44.496393226717942 ], [ 7.69333337865506, 44.496463339561011 ], [ 7.692984644345958, 44.496221461255622 ] ] ], [ [ [ 7.689843535866613, 44.491652579088125 ], [ 7.689704124316527, 44.491331381223645 ], [ 7.689393861018398, 44.491110691136008 ], [ 7.689836185535813, 44.491796786694863 ], [ 7.689843535866613, 44.491652579088125 ] ] ], [ [ [ 7.688636405726371, 44.490571903212349 ], [ 7.688228272342428, 44.490369158739448 ], [ 7.687969354689747, 44.490299276802041 ], [ 7.688455511005452, 44.490590524981293 ], [ 7.688947221882341, 44.490792992631427 ], [ 7.688636405726371, 44.490571903212349 ] ] ], [ [ [ 7.68302768432623, 44.484948153096951 ], [ 7.682654648997105, 44.484516225827257 ], [ 7.68241486265347, 44.48415335371579 ], [ 7.682329581924646, 44.4840668372237 ], [ 7.682187456574345, 44.48392114407379 ], [ 7.682004759023946, 44.483791391363965 ], [ 7.682200455600606, 44.483942048571613 ], [ 7.682907304557506, 44.484872979533691 ], [ 7.683356592842364, 44.48572441383152 ], [ 7.683539851588608, 44.485904770211327 ], [ 7.68302768432623, 44.484948153096951 ] ] ], [ [ [ 7.681077525482161, 44.483039566574448 ], [ 7.680418171312388, 44.482653829748287 ], [ 7.679844040958501, 44.482323097225702 ], [ 7.679775122158862, 44.482259280250361 ], [ 7.679520338122116, 44.482022268923942 ], [ 7.679352159863375, 44.481673714307931 ], [ 7.678845827942999, 44.481316748928229 ], [ 7.678340286544608, 44.481099345779434 ], [ 7.67797301733158, 44.480919530711056 ], [ 7.677808038423289, 44.480742075808088 ], [ 7.677595291691309, 44.480523541575657 ], [ 7.677084331274804, 44.480216038897986 ], [ 7.67648060236117, 44.479857934558993 ], [ 7.675945524314914, 44.479626663474257 ], [ 7.675069774771132, 44.479013317242988 ], [ 7.674854299383562, 44.478739867225158 ], [ 7.675064322172858, 44.479079043510275 ], [ 7.676410864635435, 44.480143473193237 ], [ 7.676743729477518, 44.480507438798107 ], [ 7.677388289411347, 44.481041563781474 ], [ 7.678280237624476, 44.481497524298518 ], [ 7.679684592162782, 44.48223398556069 ], [ 7.681375355274671, 44.483306836779114 ], [ 7.68190624486773, 44.483715549724096 ], [ 7.681077525482161, 44.483039566574448 ] ] ], [ [ [ 7.674470338253151, 44.478137596843581 ], [ 7.67379835583392, 44.477828192095245 ], [ 7.673634661695293, 44.4778244894284 ], [ 7.674018983290785, 44.47797308199074 ], [ 7.674501578504113, 44.478194711908259 ], [ 7.674470338253151, 44.478137596843581 ] ] ], [ [ [ 7.670289207385773, 44.475365632809037 ], [ 7.670277531352871, 44.474721801776546 ], [ 7.670276729310324, 44.474514736906393 ], [ 7.670275210578349, 44.474150096350883 ], [ 7.670020129038702, 44.473651981598572 ], [ 7.669706708848818, 44.473076653187483 ], [ 7.669452426981099, 44.472718083023686 ], [ 7.668808626742082, 44.47248551047997 ], [ 7.667410269264728, 44.472262145822313 ], [ 7.666862345268135, 44.472115531056041 ], [ 7.667511221824988, 44.472338160338829 ], [ 7.669293940230636, 44.473560809689069 ], [ 7.6695025340859, 44.474202432667532 ], [ 7.669486738012065, 44.474620874673846 ], [ 7.669969181690175, 44.475315201862315 ], [ 7.670164076049886, 44.475554325789211 ], [ 7.670289207385773, 44.475365632809037 ] ] ], [ [ [ 7.665468503593416, 44.471889557359432 ], [ 7.665603202678763, 44.47199628490884 ], [ 7.665603299393648, 44.471947742406122 ], [ 7.665468503593416, 44.471889557359432 ] ] ], [ [ [ 7.664126043521843, 44.470126117661096 ], [ 7.663701161371721, 44.469531472816151 ], [ 7.663368057910774, 44.469389177686558 ], [ 7.663643267628334, 44.469592148133266 ], [ 7.663845969348843, 44.469869102857167 ], [ 7.664057406463196, 44.470245189282004 ], [ 7.664222757527528, 44.470516681915356 ], [ 7.664126043521843, 44.470126117661096 ] ] ], [ [ [ 7.662018917691806, 44.468462946644813 ], [ 7.66115136313944, 44.468123688614064 ], [ 7.661353377880732, 44.46822392370278 ], [ 7.662067818811932, 44.468524884597748 ], [ 7.662087614563991, 44.468535566700282 ], [ 7.662018917691806, 44.468462946644813 ] ] ], [ [ [ 7.657023755011301, 44.467180362874238 ], [ 7.65707622328445, 44.467259930221047 ], [ 7.657168472334092, 44.467287053975639 ], [ 7.657023755011301, 44.467180362874238 ] ] ], [ [ [ 7.656775104707021, 44.466789875887841 ], [ 7.656860773762951, 44.466412781309387 ], [ 7.657142514856321, 44.465862411361087 ], [ 7.657152226450866, 44.465439399442396 ], [ 7.6570541155715, 44.465024115980938 ], [ 7.656848287714747, 44.464612065053288 ], [ 7.65644600827951, 44.464373266629011 ], [ 7.656338744403457, 44.464325653862403 ], [ 7.656533346891975, 44.464687769076086 ], [ 7.656650132135485, 44.465008739616692 ], [ 7.656745486847922, 44.465167408926284 ], [ 7.656596589221844, 44.465561777248183 ], [ 7.656498969869626, 44.466186318045168 ], [ 7.656477433257967, 44.466303100057523 ], [ 7.656557342064511, 44.466587625872329 ], [ 7.656783284213127, 44.466809576012594 ], [ 7.656775104707021, 44.466789875887841 ] ] ], [ [ [ 7.655373080315192, 44.463897002616115 ], [ 7.654766811479488, 44.463849336064165 ], [ 7.65444529778684, 44.463952807373964 ], [ 7.654993554013611, 44.463926919292895 ], [ 7.65523735853295, 44.463916286425636 ], [ 7.65550358840625, 44.463954935044782 ], [ 7.655373080315192, 44.463897002616115 ] ] ], [ [ [ 7.653727862696159, 44.463895613700338 ], [ 7.653638941145466, 44.463849558611386 ], [ 7.653310023894966, 44.46368363181157 ], [ 7.65271860733248, 44.463316529868329 ], [ 7.652384613268091, 44.463128251057739 ], [ 7.652570642957747, 44.463304177130723 ], [ 7.653062327180226, 44.463584560601973 ], [ 7.653383371235316, 44.463768401283936 ], [ 7.653703679617299, 44.463916221484872 ], [ 7.653989320180828, 44.463932833983073 ], [ 7.653727862696159, 44.463895613700338 ] ] ], [ [ [ 7.651597339920514, 44.46226348272122 ], [ 7.6511916787248, 44.461309233886055 ], [ 7.651384936372467, 44.462182845404449 ], [ 7.651944427017719, 44.462711966774556 ], [ 7.651597339920514, 44.46226348272122 ] ] ], [ [ [ 7.651490948696494, 44.460880302483268 ], [ 7.651629421066804, 44.460548822845652 ], [ 7.65153757540049, 44.460187632229385 ], [ 7.651213621871277, 44.459909231175111 ], [ 7.650888558323949, 44.459662308727879 ], [ 7.650270785841502, 44.459452451998665 ], [ 7.64961893771014, 44.459390722364901 ], [ 7.64914956989976, 44.459304137670372 ], [ 7.648746344932295, 44.459227349137898 ], [ 7.648650642832724, 44.459205848555435 ], [ 7.648671894624842, 44.45922488664192 ], [ 7.649334439983302, 44.459588332613905 ], [ 7.650062545364734, 44.459903034704816 ], [ 7.650529573678843, 44.460160630937899 ], [ 7.650686566765189, 44.460234507842564 ], [ 7.650748697552757, 44.460334271966524 ], [ 7.650850726955793, 44.460475019712675 ], [ 7.650969513476062, 44.460570951668473 ], [ 7.651130965184129, 44.461100799157158 ], [ 7.651490948696494, 44.460880302483268 ] ] ], [ [ [ 7.647220124554456, 44.457075629382274 ], [ 7.646975711147494, 44.456672100429422 ], [ 7.646721756342401, 44.456358489380399 ], [ 7.646180804197919, 44.456140523398652 ], [ 7.64566197667674, 44.455967805108926 ], [ 7.645346139541806, 44.455976811443009 ], [ 7.645955234104038, 44.456163287709039 ], [ 7.646143308752053, 44.456183523013657 ], [ 7.646354211303009, 44.456235538176109 ], [ 7.64711953292865, 44.457113371273451 ], [ 7.647291629479074, 44.457489797282463 ], [ 7.647220124554456, 44.457075629382274 ] ] ], [ [ [ 7.643430661769782, 44.455707252254534 ], [ 7.643308500346743, 44.456029898789922 ], [ 7.64328113727341, 44.456295169575306 ], [ 7.643414385459303, 44.456409277626499 ], [ 7.643604100215315, 44.45650428169585 ], [ 7.643677880780076, 44.456397341922887 ], [ 7.643863878434725, 44.455806230772907 ], [ 7.643430661769782, 44.455707252254534 ] ] ] ] } },
{ "type": "Feature", "properties": { "fid": 15 }, "geometry": { "type": "MultiPolygon", "coordinates": [ [ [ [ 7.850118347379518, 44.569720037829015 ], [ 7.850230973005928, 44.56971667198907 ], [ 7.850430686376195, 44.569727686638259 ], [ 7.850614304088629, 44.569756545036732 ], [ 7.850786423127835, 44.569789788304597 ], [ 7.850887193320922, 44.56980880965196 ], [ 7.850922631664404, 44.569728141819198 ], [ 7.850971180050185, 44.56966111015327 ], [ 7.851053086955435, 44.569598916570513 ], [ 7.8511352107381, 44.569545727113116 ], [ 7.851216673568218, 44.569506036206356 ], [ 7.85129634584165, 44.569457322947365 ], [ 7.851357829438611, 44.569412928630392 ], [ 7.851412890945586, 44.569354965489794 ], [ 7.851438211282731, 44.569328212154943 ], [ 7.851457022439323, 44.569292391281728 ], [ 7.851459787347086, 44.569251906722478 ], [ 7.851457412060559, 44.569152852883548 ], [ 7.851456027138115, 44.56910332454369 ], [ 7.851448917435292, 44.569044735433927 ], [ 7.851424620758939, 44.568999477415005 ], [ 7.851390284758376, 44.568904603911044 ], [ 7.851374989680226, 44.568881942645319 ], [ 7.851367778669378, 44.568868365906894 ], [ 7.851333647206661, 44.568823008842088 ], [ 7.851257525473504, 44.56869170314318 ], [ 7.851770071062225, 44.568624841511472 ], [ 7.851984655793529, 44.568599992888181 ], [ 7.852224422527034, 44.568575397227988 ], [ 7.852438828009989, 44.568559549082416 ], [ 7.85271619118025, 44.568544333714513 ], [ 7.852981137983043, 44.568519989700896 ], [ 7.853182598441039, 44.56852201513334 ], [ 7.853212502358234, 44.568522315749405 ], [ 7.853396138701721, 44.568470146236152 ], [ 7.853533472021021, 44.568431014100035 ], [ 7.853721702264589, 44.568365384971415 ], [ 7.853905337695876, 44.568313213502861 ], [ 7.854074020093282, 44.568260892670288 ], [ 7.854194737912946, 44.568226093837957 ], [ 7.85428900460846, 44.568195531359315 ], [ 7.854371162430124, 44.568160346201964 ], [ 7.854456250957028, 44.568116187284879 ], [ 7.85454330726753, 44.568072048063598 ], [ 7.854700891936337, 44.567983602357565 ], [ 7.854719168238597, 44.567974783845912 ], [ 7.854844045601974, 44.567908516835217 ], [ 7.854877757465632, 44.567895351113933 ], [ 7.854969308624585, 44.567882765947559 ], [ 7.855004937459202, 44.567892126689443 ], [ 7.855393185183679, 44.567801493966208 ], [ 7.855633959085602, 44.567745392028804 ], [ 7.855879758775655, 44.567693842123312 ], [ 7.856161628750596, 44.567629148109283 ], [ 7.856395713238625, 44.567572977500511 ], [ 7.856636485273889, 44.567516873442415 ], [ 7.856787408116286, 44.567486876751531 ], [ 7.856853648481925, 44.567460532301553 ], [ 7.857109507302304, 44.567377570180291 ], [ 7.857360378944343, 44.567308061662537 ], [ 7.857428015683506, 44.567290733997041 ], [ 7.857517164618493, 44.567260117613664 ], [ 7.857604345575744, 44.567229481453268 ], [ 7.857838255667142, 44.567141796910292 ], [ 7.858026516891558, 44.567355244414159 ], [ 7.858038056419527, 44.567368864055858 ], [ 7.858141253284168, 44.567504937171371 ], [ 7.858192831032122, 44.567563970923977 ], [ 7.858223475506901, 44.567586784894466 ], [ 7.858245116045237, 44.567587001488818 ], [ 7.85829320699777, 44.567582981806609 ], [ 7.858351780906823, 44.567646586500743 ], [ 7.858472583166128, 44.567607283018624 ], [ 7.858730624918677, 44.567533342249249 ], [ 7.858959854877921, 44.567463613714082 ], [ 7.859452504738873, 44.567306491993484 ], [ 7.859686366551679, 44.567241309316358 ], [ 7.859987863707459, 44.567158796973978 ], [ 7.860011072373932, 44.567199541271151 ], [ 7.860092462030611, 44.567303885429617 ], [ 7.860123540805508, 44.567344708343633 ], [ 7.860157549514507, 44.567376557399214 ], [ 7.860182290991931, 44.567399311857216 ], [ 7.860417203190301, 44.567662736934182 ], [ 7.860469875800332, 44.567726281570899 ], [ 7.86055747565479, 44.567835188406463 ], [ 7.860602413654235, 44.567871648616233 ], [ 7.860682107626027, 44.567921958915491 ], [ 7.860695004347647, 44.567926588712815 ], [ 7.86076604248851, 44.56797681363755 ], [ 7.860894351397949, 44.568036612391289 ], [ 7.860953761505302, 44.568077717962183 ], [ 7.861092995366824, 44.568182638919794 ], [ 7.861212426213339, 44.56827385790185 ], [ 7.861231008238923, 44.568269541268727 ], [ 7.861336681267571, 44.568239086860558 ], [ 7.861819055474858, 44.568104359619376 ], [ 7.862052830057008, 44.568043672223588 ], [ 7.862135288154571, 44.568012985504872 ], [ 7.862309077224651, 44.567960703501321 ], [ 7.862407973227711, 44.567934681515403 ], [ 7.862584734451685, 44.567891430722383 ], [ 7.862815876717108, 44.567925244335733 ], [ 7.863138680589489, 44.568162531571289 ], [ 7.863173042705024, 44.568176378122402 ], [ 7.863524552942527, 44.568112359950774 ], [ 7.863637919042882, 44.568090983183481 ], [ 7.863784819532254, 44.568065438186842 ], [ 7.863873789322288, 44.568043817062687 ], [ 7.864121507083938, 44.568014774663176 ], [ 7.864290046330313, 44.567989444476545 ], [ 7.864359955031691, 44.567976636327941 ], [ 7.864463003512183, 44.567959657025725 ], [ 7.864569286401199, 44.567938208830583 ], [ 7.864653447879565, 44.567921040236911 ], [ 7.864810708474431, 44.567868589943508 ], [ 7.864916773528354, 44.567838135007413 ], [ 7.865100092369905, 44.567781441473308 ], [ 7.865335786336393, 44.567702762511544 ], [ 7.865595263459898, 44.567615316456674 ], [ 7.865670068403624, 44.567593553081707 ], [ 7.865822212583566, 44.567541050530018 ], [ 7.865914286650787, 44.567501453585791 ], [ 7.866054234814527, 44.567448828347658 ], [ 7.866129212961744, 44.567418064410738 ], [ 7.86628389387193, 44.567356583345031 ], [ 7.866361145055993, 44.567330342839554 ], [ 7.866404777920269, 44.567312771333292 ], [ 7.866489374196682, 44.567273099620905 ], [ 7.86656710725857, 44.567242362773023 ], [ 7.86673140568253, 44.567171973545705 ], [ 7.86695660354075, 44.567066177639774 ], [ 7.867181625541717, 44.566969383798011 ], [ 7.86740183769608, 44.566877041621566 ], [ 7.867785119926659, 44.56669629213264 ], [ 7.867820489066333, 44.566678636938008 ], [ 7.868021418093673, 44.566586103326358 ], [ 7.86811336809449, 44.566548515244079 ], [ 7.867815892892329, 44.566379069036294 ], [ 7.867271811153935, 44.565804400618262 ], [ 7.866795610932497, 44.565496760864704 ], [ 7.866022074938764, 44.564700455875482 ], [ 7.86586341382612, 44.564594425975685 ], [ 7.865756287486599, 44.564468018114603 ], [ 7.865467270411716, 44.564303243760925 ], [ 7.865061491996421, 44.564132085027232 ], [ 7.864338200097123, 44.563759306605434 ], [ 7.863828952831375, 44.563649786893372 ], [ 7.862640033011024, 44.563554389170712 ], [ 7.861845428394183, 44.56346813205694 ], [ 7.860615137319673, 44.563246956979192 ], [ 7.859865662269228, 44.563027536126185 ], [ 7.859498038910452, 44.562774154164686 ], [ 7.858983647893271, 44.562286240237476 ], [ 7.858110000532373, 44.561708506359921 ], [ 7.857814448061664, 44.561403762260831 ], [ 7.857442870565529, 44.560875509254892 ], [ 7.857233823231778, 44.560772820790021 ], [ 7.856776101546671, 44.560538306140359 ], [ 7.856347963487391, 44.560332826695131 ], [ 7.855959459453579, 44.560156485275243 ], [ 7.855731588299571, 44.559988937144645 ], [ 7.855533814954225, 44.559311524005842 ], [ 7.855260498432566, 44.558899215156323 ], [ 7.854953095701723, 44.558687755653722 ], [ 7.853344087001493, 44.557715947823482 ], [ 7.852999752772901, 44.557338847022294 ], [ 7.8523644633715, 44.556937264877803 ], [ 7.85162573787224, 44.556685534324259 ], [ 7.851273928985632, 44.556689181001325 ], [ 7.85069583947921, 44.556956411533449 ], [ 7.850283458707965, 44.556973817289922 ], [ 7.849845890269139, 44.556739476719017 ], [ 7.849412713208644, 44.556282430120319 ], [ 7.848707268920283, 44.55587293574041 ], [ 7.847591024840695, 44.5554018088405 ], [ 7.847062768546805, 44.555180914110871 ], [ 7.846833807267711, 44.555070820492418 ], [ 7.846524184495883, 44.554974282564821 ], [ 7.846254893905111, 44.554870966301429 ], [ 7.845374849682252, 44.554653694089311 ], [ 7.844691462159697, 44.554222599807247 ], [ 7.844259702842091, 44.55391944910486 ], [ 7.843766575856993, 44.55370104171547 ], [ 7.843068230403466, 44.553295593070573 ], [ 7.842309226320303, 44.552939322218762 ], [ 7.841536474660896, 44.552774980990236 ], [ 7.840974887242523, 44.552546900413788 ], [ 7.839660975080784, 44.551915609990473 ], [ 7.839026979898955, 44.551456483030208 ], [ 7.838570832801956, 44.551150055885088 ], [ 7.838034174942575, 44.550849993621185 ], [ 7.837290601897297, 44.550661697183827 ], [ 7.836601040988616, 44.550584254195648 ], [ 7.836099109200994, 44.550581900774937 ], [ 7.835807473013848, 44.550683851659571 ], [ 7.835425555931876, 44.550859432648906 ], [ 7.835061393118903, 44.550919225501389 ], [ 7.834629169878405, 44.550906532293368 ], [ 7.834590475272188, 44.550940323012881 ], [ 7.834554656163714, 44.550980468206049 ], [ 7.834520591350742, 44.551011630677976 ], [ 7.834502777684568, 44.551056462278616 ], [ 7.834496887681285, 44.551114919926285 ], [ 7.834504944174871, 44.551164516910269 ], [ 7.834507338853824, 44.551182546607329 ], [ 7.834529713754615, 44.551263800465911 ], [ 7.834536039941539, 44.551281870336162 ], [ 7.835065698382719, 44.552183054020588 ], [ 7.835184257542739, 44.552373322546892 ], [ 7.835415995120505, 44.552767308451742 ], [ 7.835562374809758, 44.553002874221114 ], [ 7.835703943705739, 44.553242891697145 ], [ 7.835794510209196, 44.553396863338925 ], [ 7.835949972936529, 44.553650526489839 ], [ 7.836218744841127, 44.554121411566328 ], [ 7.83643033151353, 44.554461172814321 ], [ 7.836657454750014, 44.554850606708648 ], [ 7.836933980970374, 44.555308064820274 ], [ 7.837073380155671, 44.555539056258134 ], [ 7.837349519935486, 44.555996509320686 ], [ 7.837551285437109, 44.55633616817294 ], [ 7.837783357377545, 44.556734653193374 ], [ 7.838082607961481, 44.557237353350516 ], [ 7.838312685382282, 44.557617811664379 ], [ 7.83855630060425, 44.558029916691723 ], [ 7.838751357259611, 44.558351499693416 ], [ 7.839034549161873, 44.558831526264299 ], [ 7.839250531227524, 44.559189332821866 ], [ 7.839484593378117, 44.559587834270715 ], [ 7.839793259826706, 44.560113131476442 ], [ 7.839955695876501, 44.56039386788963 ], [ 7.840027811742607, 44.560507135661631 ], [ 7.840248437471865, 44.560869488371374 ], [ 7.840463986590638, 44.561249793055921 ], [ 7.840682257165285, 44.56161212089944 ], [ 7.840895900322399, 44.56196989911777 ], [ 7.841081235192595, 44.562286877929587 ], [ 7.841309169832233, 44.562658304657013 ], [ 7.841464682062883, 44.56291196003577 ], [ 7.841690081928661, 44.563292363335584 ], [ 7.841908188653582, 44.563663688949894 ], [ 7.842096164800561, 44.563967188595228 ], [ 7.842219437340501, 44.564180003102955 ], [ 7.842423351105506, 44.564533178408254 ], [ 7.842734698229069, 44.565044991001876 ], [ 7.843048054037657, 44.565574828195508 ], [ 7.843231231226007, 44.56588277811823 ], [ 7.84342882482107, 44.56621788218586 ], [ 7.843563428497323, 44.566435310976161 ], [ 7.843690861448697, 44.566657169047225 ], [ 7.843897546255015, 44.567010369526194 ], [ 7.844081125239637, 44.567318322014366 ], [ 7.844202015198006, 44.567513105989171 ], [ 7.844310798132572, 44.567703263900704 ], [ 7.844475547960969, 44.567988518775664 ], [ 7.844598712219215, 44.568187825196262 ], [ 7.844730963781133, 44.568405229780616 ], [ 7.844863341566102, 44.5686361396194 ], [ 7.845030636006709, 44.568912415100634 ], [ 7.845075549535461, 44.568989393666278 ], [ 7.845225228408369, 44.569260989489607 ], [ 7.845424455741393, 44.569614111420492 ], [ 7.845591040521091, 44.569926390230997 ], [ 7.845701925734118, 44.570130073217221 ], [ 7.845774102336272, 44.57026134275376 ], [ 7.845907743063263, 44.570528274305417 ], [ 7.846053011502664, 44.570804326430711 ], [ 7.846263058709578, 44.571247582992854 ], [ 7.846435933374653, 44.571600436431311 ], [ 7.846491764617919, 44.571722537042852 ], [ 7.846574072882462, 44.571898921855436 ], [ 7.846717379722132, 44.572174953189204 ], [ 7.846761421283087, 44.572256423198681 ], [ 7.847103611212614, 44.572088830159643 ], [ 7.847425856441407, 44.571934538741473 ], [ 7.847836347273229, 44.571736124275162 ], [ 7.84810178373701, 44.571608265491747 ], [ 7.848416940710668, 44.571453900866345 ], [ 7.848605504984667, 44.571352273197071 ], [ 7.848655617841094, 44.571325770690187 ], [ 7.848703460188993, 44.571294744248391 ], [ 7.84874015736083, 44.571250101184482 ], [ 7.848825141346505, 44.571151928837089 ], [ 7.848995947600355, 44.57093308627956 ], [ 7.849097114517565, 44.570812569738244 ], [ 7.849315721189759, 44.57054469452558 ], [ 7.849500344798198, 44.570303483320131 ], [ 7.84962211235804, 44.570156166937089 ], [ 7.84980882779074, 44.569928481595831 ], [ 7.849921847155773, 44.569785577693878 ], [ 7.84997825492313, 44.569759138074581 ], [ 7.850050707316381, 44.56973736116111 ], [ 7.850118347379518, 44.569720037829015 ] ] ] ] } },
{ "type": "Feature", "properties": { "fid": 16 }, "geometry": { "type": "MultiPolygon", "coordinates": [ [ [ [ 7.255041774540365, 44.684861938810627 ], [ 7.255084511401453, 44.684660038550284 ], [ 7.254992180483726, 44.68446507637686 ], [ 7.254748499416023, 44.684254297137372 ], [ 7.254599241522145, 44.684103476314135 ], [ 7.254557749120424, 44.683751749373386 ], [ 7.254649946642177, 44.683478586357282 ], [ 7.254447293534376, 44.683241426492486 ], [ 7.254091826881314, 44.683010931966265 ], [ 7.253823851398377, 44.682808781579041 ], [ 7.253425024179831, 44.68274866695748 ], [ 7.252697137195177, 44.682773539293663 ], [ 7.25255390796156, 44.682645313966617 ], [ 7.252290183858463, 44.682537749995333 ], [ 7.25186361283688, 44.682063095866589 ], [ 7.251758957553609, 44.682002977967919 ], [ 7.251669080512739, 44.681871067248316 ], [ 7.251439332326341, 44.681525458540314 ], [ 7.251087095746776, 44.681240989794475 ], [ 7.250718880193136, 44.681055301303743 ], [ 7.250271191036293, 44.680850388945977 ], [ 7.250188610852179, 44.680934645966765 ], [ 7.25015787522866, 44.681064709409554 ], [ 7.250205110361891, 44.681276989233794 ], [ 7.25017452264787, 44.681402553751461 ], [ 7.250040136359694, 44.681531028557679 ], [ 7.249962645177202, 44.681786408588181 ], [ 7.249951554082545, 44.681997794463001 ], [ 7.249871679482331, 44.682136106973971 ], [ 7.249717680306957, 44.682156252216238 ], [ 7.249167325313937, 44.682008277103968 ], [ 7.248686698715789, 44.682045917662407 ], [ 7.248019049888866, 44.682022171063522 ], [ 7.247398823734148, 44.681994647331813 ], [ 7.247077438748975, 44.682021221841822 ], [ 7.247040807818325, 44.682137690342117 ], [ 7.247353244095716, 44.682394553446329 ], [ 7.247512897048228, 44.682644569480821 ], [ 7.247399850172552, 44.682849888890466 ], [ 7.247276644442527, 44.682947023716721 ], [ 7.246835090033242, 44.6831923109172 ], [ 7.246205015603265, 44.68342569836441 ], [ 7.245485977767088, 44.683797252059335 ], [ 7.245054405157161, 44.683763612108145 ], [ 7.24469082511557, 44.683541965991594 ], [ 7.244337342056182, 44.683207944279438 ], [ 7.244157033476579, 44.683002618052775 ], [ 7.243737630783131, 44.682775609192333 ], [ 7.243286343716629, 44.682638131967366 ], [ 7.243158569311364, 44.682442614820104 ], [ 7.242814399505683, 44.682140239963907 ], [ 7.242551395136205, 44.681996655050597 ], [ 7.242365116574446, 44.681975782797146 ], [ 7.242322732905349, 44.68206065290002 ], [ 7.242092356862143, 44.682246155991159 ], [ 7.241968096191889, 44.6824693021209 ], [ 7.241946228447353, 44.682775046194131 ], [ 7.241602489534555, 44.683188363222079 ], [ 7.241128013845157, 44.683725698470653 ], [ 7.240732838309759, 44.684066201412286 ], [ 7.240387661279139, 44.68421392250567 ], [ 7.240067792229692, 44.684411545719961 ], [ 7.239714805864547, 44.684608657443675 ], [ 7.239396691856922, 44.684747790396472 ], [ 7.239155384492694, 44.684825090429896 ], [ 7.238903115629746, 44.684951733923853 ], [ 7.238602494271754, 44.684956098883006 ], [ 7.238330590055236, 44.68489788954416 ], [ 7.23786775911332, 44.684737706880114 ], [ 7.237278001651474, 44.684589066344962 ], [ 7.237097742029111, 44.684590784357461 ], [ 7.237136168666419, 44.684649893106467 ], [ 7.237632237131181, 44.684806090609321 ], [ 7.237875159792039, 44.684935873303338 ], [ 7.23805187357326, 44.685051130187077 ], [ 7.238042585335454, 44.685136509386986 ], [ 7.237881878328876, 44.685156535122843 ], [ 7.237676308961204, 44.685108350373795 ], [ 7.237420391667746, 44.684964863093512 ], [ 7.237127569754107, 44.684933335081809 ], [ 7.237008710706228, 44.68488648793253 ], [ 7.236395571664086, 44.684624952131614 ], [ 7.236053369839431, 44.684453121807984 ], [ 7.23588048974489, 44.684432445976007 ], [ 7.235833633092447, 44.684508242144368 ], [ 7.23579694080575, 44.684768743998163 ], [ 7.235810317300193, 44.684899485095436 ], [ 7.235744159710744, 44.684961479424985 ], [ 7.235529903948517, 44.684926660140626 ], [ 7.234925713320832, 44.684876810496483 ], [ 7.234355115662956, 44.684863486651452 ], [ 7.233954764233115, 44.684879800591119 ], [ 7.233538781990262, 44.684891370104047 ], [ 7.233099308339108, 44.684988097095854 ], [ 7.232769963706548, 44.685055018778705 ], [ 7.232363217268314, 44.685035218658427 ], [ 7.231597442976552, 44.684969346065131 ], [ 7.231157603601843, 44.684935525513815 ], [ 7.230859310987586, 44.684863385985125 ], [ 7.230500581268934, 44.68479481019876 ], [ 7.230180924539216, 44.684789855577272 ], [ 7.229799343792573, 44.684810947089417 ], [ 7.229478907620193, 44.684805978416229 ], [ 7.228655732183304, 44.684424112881196 ], [ 7.228507070816367, 44.684268766024033 ], [ 7.228272262055155, 44.684080573864996 ], [ 7.228222751588937, 44.683958273512125 ], [ 7.228467427555375, 44.683628982394403 ], [ 7.228524228063158, 44.683485825724262 ], [ 7.22815445248895, 44.683133496369059 ], [ 7.227912667673785, 44.682954197551744 ], [ 7.227564020849152, 44.682620198946076 ], [ 7.227506119012744, 44.682488765610145 ], [ 7.227511470751582, 44.682313302367504 ], [ 7.227369622918658, 44.682387620341821 ], [ 7.22693389378883, 44.682439369887042 ], [ 7.226546834466986, 44.682446861891201 ], [ 7.225920068779538, 44.682401115078193 ], [ 7.225554503575758, 44.682350422260008 ], [ 7.225144069319558, 44.682452071159268 ], [ 7.225128467664622, 44.682523847628516 ], [ 7.224862571183997, 44.682708763707438 ], [ 7.224419306908262, 44.682787393614888 ], [ 7.224162440186364, 44.682895928295579 ], [ 7.224004467753635, 44.683033007897208 ], [ 7.223824996134319, 44.683228268251028 ], [ 7.223648273849909, 44.683333547350692 ], [ 7.223473635681756, 44.683357837237082 ], [ 7.223003396472052, 44.683273999166516 ], [ 7.222166352577538, 44.683089923133629 ], [ 7.221671532348717, 44.683113725300124 ], [ 7.221324594844202, 44.682802240211693 ], [ 7.220591707018731, 44.682642281137362 ], [ 7.219985918181442, 44.682542814406581 ], [ 7.220051387760925, 44.682053205635391 ], [ 7.220128632757151, 44.681784338578929 ], [ 7.220168596636738, 44.681393358206286 ], [ 7.219835467207102, 44.681365658637937 ], [ 7.219350112535819, 44.681299574566765 ], [ 7.218688184694487, 44.681334261017938 ], [ 7.218253974091967, 44.681336488044444 ], [ 7.217519161012923, 44.681343023132044 ], [ 7.21742423453337, 44.68139105415478 ], [ 7.217077679502328, 44.681376640485048 ], [ 7.216683264227879, 44.681392986537389 ], [ 7.216379500876949, 44.681667315165434 ], [ 7.215959435653639, 44.681876809085352 ], [ 7.21547550439774, 44.682085303236533 ], [ 7.214923017209245, 44.682112675975155 ], [ 7.214706939299328, 44.682253335410834 ], [ 7.214384308023, 44.682320309025563 ], [ 7.214064820945008, 44.682297307160127 ], [ 7.213709227436965, 44.682345758500141 ], [ 7.213427623443911, 44.6823863641714 ], [ 7.213100071195536, 44.682394741712436 ], [ 7.212906414594839, 44.68239621183308 ], [ 7.212720435018197, 44.682366293491292 ], [ 7.21247073524539, 44.682240852296246 ], [ 7.212170974814343, 44.682128130223866 ], [ 7.211960579740196, 44.68225086869321 ], [ 7.21177163457789, 44.682508978354946 ], [ 7.211709454024718, 44.682453990183738 ], [ 7.21111217994243, 44.682129550335475 ], [ 7.210569824027703, 44.682224578545735 ], [ 7.210131431844286, 44.682132184182073 ], [ 7.209593354094435, 44.682011217817539 ], [ 7.209393228429547, 44.681787521146553 ], [ 7.209524991379411, 44.681632045987939 ], [ 7.209628700626673, 44.681516641448731 ], [ 7.209625470001058, 44.681404061088415 ], [ 7.20944170070702, 44.681302153050446 ], [ 7.209066500401851, 44.681129724216497 ], [ 7.208897800793259, 44.680974037425202 ], [ 7.208829508523841, 44.68079741970692 ], [ 7.208877066509952, 44.680559602810725 ], [ 7.208820919236421, 44.680423686303406 ], [ 7.208566769759083, 44.680226147702506 ], [ 7.208273108207149, 44.680005482520713 ], [ 7.208003895378572, 44.67986172053029 ], [ 7.207725758420734, 44.679789836837671 ], [ 7.207205415518876, 44.67977266492808 ], [ 7.207217558761561, 44.679813366309453 ], [ 7.207697437565513, 44.679838905333447 ], [ 7.20798171661462, 44.679928890255752 ], [ 7.208140176340214, 44.680070914150328 ], [ 7.208262112898169, 44.680144846825613 ], [ 7.208375627018733, 44.680299668601243 ], [ 7.208460138269947, 44.680436030408771 ], [ 7.208473924474047, 44.680602790714353 ], [ 7.208429964118374, 44.680980200732463 ], [ 7.208584956071848, 44.681158179076917 ], [ 7.208768030027311, 44.681282583527789 ], [ 7.208983218195301, 44.681452503342506 ], [ 7.209024731001992, 44.681615197311061 ], [ 7.208895601339296, 44.681685190634489 ], [ 7.208795634416841, 44.681679121145905 ], [ 7.20869788633904, 44.681601067376945 ], [ 7.208628182127275, 44.681482942846557 ], [ 7.208366490821165, 44.681312292627297 ], [ 7.20824975394904, 44.681197930984105 ], [ 7.208129603750725, 44.68075943008953 ], [ 7.208001937697893, 44.680577378826953 ], [ 7.207719890599253, 44.680401906415838 ], [ 7.20745627416576, 44.680294240504701 ], [ 7.207407539251999, 44.680365494357915 ], [ 7.207051965333309, 44.680413925274699 ], [ 7.207469989035455, 44.680501510511846 ], [ 7.207439020909393, 44.680636059957202 ], [ 7.207353085172412, 44.680648214254553 ], [ 7.206650046751451, 44.680673182997687 ], [ 7.206721828359016, 44.680723823553002 ], [ 7.207227526632372, 44.680781278409988 ], [ 7.207325837816124, 44.680841337535675 ], [ 7.207290228593667, 44.680921799801432 ], [ 7.20702915758945, 44.68093570496449 ], [ 7.207225767640588, 44.681055823276211 ], [ 7.207287903389176, 44.681214340524441 ], [ 7.207391548638482, 44.681305991660551 ], [ 7.207440153644866, 44.681468797561607 ], [ 7.207288564628579, 44.681614956634867 ], [ 7.206795246507196, 44.681373147794602 ], [ 7.206595607440203, 44.681338503739809 ], [ 7.206333358859374, 44.681581949393923 ], [ 7.206053616283647, 44.681447019787463 ], [ 7.205771582070426, 44.681348062983083 ], [ 7.205458949968491, 44.681244123362596 ], [ 7.20522996367926, 44.681087483560063 ], [ 7.205033314719164, 44.681070888527451 ], [ 7.204663025423274, 44.681186598461899 ], [ 7.204301623885683, 44.681257435099496 ], [ 7.204010518482161, 44.681005290873188 ], [ 7.203616073594529, 44.680729014053988 ], [ 7.203158800538132, 44.680393231635023 ], [ 7.202769787897624, 44.680247571831387 ], [ 7.202196588589697, 44.680103511747227 ], [ 7.201711550927009, 44.679951835046637 ], [ 7.200984020798811, 44.679940373606783 ], [ 7.200343953354754, 44.67994378977604 ], [ 7.198877034312146, 44.679794624451503 ], [ 7.198509717436064, 44.679788829231406 ], [ 7.197974553797229, 44.679829896825204 ], [ 7.197555248114589, 44.67980977439035 ], [ 7.197157192000621, 44.67980348952706 ], [ 7.196606750913221, 44.679650758343918 ], [ 7.196323137866834, 44.679425719935132 ], [ 7.195956160399901, 44.679383912344413 ], [ 7.195230381753735, 44.679277916923255 ], [ 7.194656576758533, 44.679192324832776 ], [ 7.194392498353984, 44.67920165234262 ], [ 7.193968165297968, 44.679203943163564 ], [ 7.19368711495378, 44.67894743040447 ], [ 7.193003853177276, 44.678806083954697 ], [ 7.192926928224074, 44.678705840268186 ], [ 7.192257192927531, 44.678776259339919 ], [ 7.192083235743923, 44.678994063118729 ], [ 7.192408770204515, 44.679480844753215 ], [ 7.192607431724999, 44.67953350291635 ], [ 7.192849361014996, 44.679703876508611 ], [ 7.193204124934246, 44.679885037656412 ], [ 7.192931015061627, 44.680083268773629 ], [ 7.193314108225066, 44.680431421918733 ], [ 7.193637335242817, 44.68054906601278 ], [ 7.193709354969626, 44.680604219706723 ], [ 7.193455393555956, 44.680820759751171 ], [ 7.192634028493613, 44.680821263832478 ], [ 7.192440381087487, 44.680885715993988 ], [ 7.191935095551003, 44.681030755591436 ], [ 7.19122692946635, 44.681258101533452 ], [ 7.190722618267507, 44.681371642873998 ], [ 7.190061487870786, 44.681392672314026 ], [ 7.189244458868698, 44.68145623735272 ], [ 7.188323959284001, 44.681626183203136 ], [ 7.187938662007499, 44.681741600686046 ], [ 7.187586951592166, 44.681943072598415 ], [ 7.187101336720793, 44.682227939807632 ], [ 7.186698980368272, 44.682460113064131 ], [ 7.186354338966613, 44.682801230200099 ], [ 7.185981789091245, 44.682975358965152 ], [ 7.185544899929505, 44.683062941483371 ], [ 7.185146711271154, 44.682984593627715 ], [ 7.184945375330949, 44.683017402520612 ], [ 7.184489257816552, 44.683190197841846 ], [ 7.184012234443387, 44.683502195570057 ], [ 7.183620897928824, 44.683734533195768 ], [ 7.183227697477266, 44.684038858775104 ], [ 7.183020387017489, 44.684350642676172 ], [ 7.182873038733876, 44.684699390028001 ], [ 7.182512940830923, 44.685004239943851 ], [ 7.182268959013093, 44.685063372319597 ], [ 7.18194351349652, 44.685067192759512 ], [ 7.181640215851592, 44.685156887520904 ], [ 7.181274710545138, 44.685092550259583 ], [ 7.180910721297232, 44.684992226505727 ], [ 7.180447881604192, 44.684849815580414 ], [ 7.180207095843725, 44.684769457758406 ], [ 7.180058195847815, 44.684600540474875 ], [ 7.179676509849974, 44.684423410537043 ], [ 7.179262890655441, 44.684308786659273 ], [ 7.178816487222283, 44.684171132405197 ], [ 7.178219908262291, 44.684031080205997 ], [ 7.177573903017352, 44.68384522408639 ], [ 7.177043894613762, 44.683670218848988 ], [ 7.176683164960206, 44.683529422967972 ], [ 7.176220987580518, 44.683517539829268 ], [ 7.175639424309465, 44.683427227030627 ], [ 7.175562327501274, 44.683597040104495 ], [ 7.175726571242796, 44.683829225041002 ], [ 7.176120171124112, 44.684141594081865 ], [ 7.176585439512916, 44.684482113497296 ], [ 7.176900226364975, 44.684730204486662 ], [ 7.177118637251148, 44.685071280747032 ], [ 7.177301639533719, 44.685623346943693 ], [ 7.177606262310191, 44.686019812743254 ], [ 7.178165514455004, 44.6862943080015 ], [ 7.178659737750238, 44.686504746567849 ], [ 7.178985129426779, 44.686780008008938 ], [ 7.179373184970201, 44.68718230092496 ], [ 7.179712451629557, 44.687543303994843 ], [ 7.179886723041166, 44.68783415805823 ], [ 7.1798116462033, 44.688103032102717 ], [ 7.179652023903246, 44.688402066391525 ], [ 7.17933687541029, 44.688869665304381 ], [ 7.179089590076407, 44.689297835048656 ], [ 7.178598726736248, 44.68897942367029 ], [ 7.17789219811636, 44.688621559000147 ], [ 7.177263916412314, 44.688422480552333 ], [ 7.176620633543276, 44.688173646058466 ], [ 7.175960800219301, 44.687924543513702 ], [ 7.175115453460105, 44.687730987448816 ], [ 7.174584335549596, 44.687627972068817 ], [ 7.174117261308188, 44.687620503291996 ], [ 7.173929322520848, 44.687703019974073 ], [ 7.173701412515098, 44.687852414698284 ], [ 7.173752824165609, 44.688073795011313 ], [ 7.173658859436381, 44.688378372312989 ], [ 7.173451213598546, 44.688748648583733 ], [ 7.173032300161738, 44.689291089993439 ], [ 7.172579044156285, 44.689558408089262 ], [ 7.172031084674324, 44.689752189228535 ], [ 7.17174840710275, 44.689887199564446 ], [ 7.171334846448072, 44.690146145976499 ], [ 7.171051539918659, 44.690326156307229 ], [ 7.170464806591144, 44.690460793407141 ], [ 7.170098999722239, 44.690743006439824 ], [ 7.170037289629817, 44.691012088148881 ], [ 7.169877987353865, 44.691374130248846 ], [ 7.169545241807342, 44.691620861986564 ], [ 7.169029957899729, 44.691765639536641 ], [ 7.168507906047022, 44.691874296750917 ], [ 7.16793094389303, 44.691923555119693 ], [ 7.167243979921203, 44.691872018835113 ], [ 7.166667929785426, 44.69186727130576 ], [ 7.165963139274958, 44.691905464636029 ], [ 7.165682061509369, 44.691963965539976 ], [ 7.165135434254984, 44.692076713650444 ], [ 7.164280985124078, 44.692107990093916 ], [ 7.163966575821195, 44.6922604755894 ], [ 7.163571261209157, 44.692614211918929 ], [ 7.162872074353444, 44.693210622402773 ], [ 7.162273036417625, 44.693682607646537 ], [ 7.161648096255258, 44.694325217376175 ], [ 7.161067002932767, 44.694865002792675 ], [ 7.160662905325239, 44.695196081533993 ], [ 7.160418341219961, 44.695520727099783 ], [ 7.161163539475984, 44.695316675349694 ], [ 7.162050011055539, 44.695371460160011 ], [ 7.16257242144942, 44.695564417177309 ], [ 7.163103165034986, 44.695843028223585 ], [ 7.163308147848531, 44.696120897794948 ], [ 7.163386927792847, 44.696473256860948 ], [ 7.163217185137678, 44.696839622550613 ], [ 7.162881334594152, 44.69677120237354 ], [ 7.162695468590823, 44.69673670319979 ], [ 7.162484130342094, 44.696746805517293 ], [ 7.162223747013257, 44.696774122683422 ], [ 7.161992574450824, 44.696887431856794 ], [ 7.161849759381539, 44.697038172567574 ], [ 7.161636775140526, 44.697237296179651 ], [ 7.1613128269179, 44.697353611227022 ], [ 7.160955104218061, 44.69741536721564 ], [ 7.160519924645274, 44.697444365910805 ], [ 7.160099289657302, 44.69743758793917 ], [ 7.159491364422652, 44.697441292820116 ], [ 7.15929192547039, 44.697474086923506 ], [ 7.158950895575768, 44.697693646879429 ], [ 7.158818250043429, 44.697921067732736 ], [ 7.158838059257858, 44.698042918905955 ], [ 7.158827601309334, 44.698123771397952 ], [ 7.158777725118995, 44.698154475272879 ], [ 7.158521828479623, 44.69832589392216 ], [ 7.158278623465613, 44.6983579803222 ], [ 7.15803357344477, 44.698448551703663 ], [ 7.157670831753821, 44.698568731670882 ], [ 7.157260250089938, 44.698742152425318 ], [ 7.156453797185295, 44.69903521293508 ], [ 7.155897196834981, 44.699210772016862 ], [ 7.155647716289603, 44.69917973500511 ], [ 7.155586935835906, 44.699255273062356 ], [ 7.155520286202111, 44.699317212745029 ], [ 7.15543485618274, 44.699423860702126 ], [ 7.155306986233148, 44.699525321703625 ], [ 7.155293562281946, 44.699588121233731 ], [ 7.155187434330573, 44.6996134134478 ], [ 7.15496490824662, 44.699627822221096 ], [ 7.154749730698193, 44.699597337596373 ], [ 7.154490111120617, 44.699624649437681 ], [ 7.154329624017202, 44.699685071529068 ], [ 7.154118931177187, 44.699749182855165 ], [ 7.154018358422845, 44.699761060276842 ], [ 7.153916937685877, 44.699799930937836 ], [ 7.15365517146853, 44.699894723765411 ], [ 7.153277035293892, 44.699965127863521 ], [ 7.152831263329526, 44.70006594464401 ], [ 7.152732846378793, 44.700010338214945 ], [ 7.152639550822075, 44.70005384037723 ], [ 7.152445663395745, 44.700122721706833 ], [ 7.152214035952512, 44.700150481347329 ], [ 7.151916744589766, 44.700208685829089 ], [ 7.151562117506297, 44.700333478857075 ], [ 7.151324029747966, 44.70046465906757 ], [ 7.150982912682407, 44.700697697190257 ], [ 7.150752243603068, 44.700856003381944 ], [ 7.150631178795556, 44.70091705879009 ], [ 7.15024407798407, 44.701194361529303 ], [ 7.149927604497893, 44.701297261747804 ], [ 7.149677540450238, 44.701333719814542 ], [ 7.149338384993674, 44.701467758993303 ], [ 7.148983350574367, 44.701344972916509 ], [ 7.148664083481826, 44.701263276281615 ], [ 7.149177670867691, 44.701015036518839 ], [ 7.149505796621907, 44.700930331930238 ], [ 7.149629832612168, 44.700788304768402 ], [ 7.149674784914168, 44.700739520417443 ], [ 7.149718182688744, 44.700677207337371 ], [ 7.149764631140958, 44.700605941334651 ], [ 7.149800396692394, 44.700548005705663 ], [ 7.149819862566352, 44.700246742591766 ], [ 7.150028729709867, 44.699980056846606 ], [ 7.150273653646906, 44.699894001818144 ], [ 7.150538147216029, 44.699713738641861 ], [ 7.151297050341962, 44.699478465300928 ], [ 7.150911266867776, 44.699206648547957 ], [ 7.150493873904184, 44.698911812551195 ], [ 7.150270415047792, 44.698831672409568 ], [ 7.149900915144932, 44.698668144211339 ], [ 7.149760311517833, 44.698611851568991 ], [ 7.149690502092188, 44.698574710814682 ], [ 7.149550300066829, 44.698518424421493 ], [ 7.149422856935341, 44.698457843492342 ], [ 7.149276244736113, 44.698392450510028 ], [ 7.149053935354273, 44.698276317220476 ], [ 7.148728659535118, 44.698136008052124 ], [ 7.148206968374158, 44.697884484129673 ], [ 7.147597328280973, 44.697546008549764 ], [ 7.146995869967315, 44.697149147216479 ], [ 7.146955326050542, 44.697125129869406 ], [ 7.146935264430617, 44.697157165900563 ], [ 7.146785313874041, 44.697258258993365 ], [ 7.146745783375547, 44.697298127892893 ], [ 7.146609558533952, 44.697376937680957 ], [ 7.146597051247069, 44.697385736989659 ], [ 7.146587947737909, 44.69739909272851 ], [ 7.146617941961535, 44.697435589046762 ], [ 7.146636254446106, 44.697467394547189 ], [ 7.146769849947407, 44.697681118400872 ], [ 7.146784757512492, 44.697708367431879 ], [ 7.146965334771177, 44.697994872447012 ], [ 7.147334387115435, 44.698369958088001 ], [ 7.147373270966635, 44.698424603153875 ], [ 7.147449709210556, 44.698587885759615 ], [ 7.147520091574248, 44.698755571222762 ], [ 7.147561839670209, 44.698918290865471 ], [ 7.14758327008064, 44.698963650317424 ], [ 7.147601438800759, 44.698999954496706 ], [ 7.147643154761909, 44.69902763837483 ], [ 7.147648851454975, 44.699108751926524 ], [ 7.147657487679366, 44.699122395566562 ], [ 7.147728913850901, 44.699195573179573 ], [ 7.147755433296096, 44.699254518681819 ], [ 7.147766828473838, 44.699317719981558 ], [ 7.147772562277611, 44.699335817698085 ], [ 7.147798365761997, 44.699367744533369 ], [ 7.147850761281624, 44.699431610978543 ], [ 7.147895235427392, 44.699508852414851 ], [ 7.147934406262366, 44.699604012494902 ], [ 7.147953793062428, 44.699676345759904 ], [ 7.14796504505768, 44.699744045886192 ], [ 7.147980847729452, 44.699879337426459 ], [ 7.147987117542757, 44.699942455555679 ], [ 7.147999481814008, 44.699987667854003 ], [ 7.148017615571722, 44.700037474912989 ], [ 7.148041662297406, 44.700087377884323 ], [ 7.148117892160867, 44.700183139029058 ], [ 7.148166238390541, 44.700237937294268 ], [ 7.148222720918226, 44.700297368679237 ], [ 7.148194085525346, 44.700292403047733 ], [ 7.148147887689174, 44.700269147851728 ], [ 7.148068754050132, 44.70022735369993 ], [ 7.147987398561628, 44.700181022278109 ], [ 7.147935037816773, 44.700153165849812 ], [ 7.14787095663326, 44.70013412160651 ], [ 7.147794403356622, 44.700110373815583 ], [ 7.14773727506435, 44.700095943469108 ], [ 7.147661115502101, 44.700072201976212 ], [ 7.147604417771359, 44.700044275030116 ], [ 7.147552200837319, 44.700011919586061 ], [ 7.147499481234086, 44.699970553615756 ], [ 7.14742045798602, 44.699888250246943 ], [ 7.14737748728133, 44.699838040064996 ], [ 7.147262410894324, 44.699723643332426 ], [ 7.147188656259192, 44.699636924126018 ], [ 7.147120348399007, 44.699577300307574 ], [ 7.147029820045252, 44.699521816982916 ], [ 7.146998855498445, 44.699503309728847 ], [ 7.146921444218146, 44.699457041558091 ], [ 7.146778771931857, 44.699342196418527 ], [ 7.146748238238072, 44.699310192569506 ], [ 7.146658823347969, 44.699232221155555 ], [ 7.146556575486246, 44.69918554955256 ], [ 7.146500667619036, 44.699157634877388 ], [ 7.146435478988742, 44.699111564805214 ], [ 7.146286714915645, 44.699014624837112 ], [ 7.146240913729335, 44.698991375305141 ], [ 7.146184792146162, 44.698945452309815 ], [ 7.146131824487024, 44.698899580499848 ], [ 7.145979514037308, 44.698802582542434 ], [ 7.145946436079916, 44.698788541854384 ], [ 7.145898807058455, 44.698760761327328 ], [ 7.145836198670859, 44.698732737508415 ], [ 7.145785667152561, 44.698709410969606 ], [ 7.14574104846314, 44.698686180440916 ], [ 7.14565106132325, 44.698626203631662 ], [ 7.145534089162312, 44.698534280214318 ], [ 7.145368807970683, 44.698423567228019 ], [ 7.145256707574426, 44.698376734403894 ], [ 7.145097230277659, 44.698306625876114 ], [ 7.144915389397766, 44.698245156098253 ], [ 7.144779455028711, 44.698215940229467 ], [ 7.144644955243719, 44.698191248686143 ], [ 7.144541704797422, 44.698176067197103 ], [ 7.144461821652603, 44.698170267744118 ], [ 7.144405340849484, 44.698160347423361 ], [ 7.144268548783733, 44.698108611134558 ], [ 7.144074168406281, 44.69801992914816 ], [ 7.143959634923512, 44.697950549623705 ], [ 7.14378790710488, 44.697844230710238 ], [ 7.14363176843953, 44.697756169712747 ], [ 7.143164714636537, 44.697538374185704 ], [ 7.14324740089567, 44.697799432225253 ], [ 7.143201912018988, 44.698235306318978 ], [ 7.143180677508115, 44.698406005578775 ], [ 7.142957034323542, 44.698492391548257 ], [ 7.142467187014704, 44.698515930971816 ], [ 7.142183344312488, 44.698511312480989 ], [ 7.141918868929492, 44.698394479139559 ], [ 7.141630445243011, 44.698052196666957 ], [ 7.141061395041603, 44.697592815165898 ], [ 7.140780005285012, 44.697511713158548 ], [ 7.140515249254848, 44.697403874326554 ], [ 7.140233861212048, 44.697322770998305 ], [ 7.13990531203593, 44.697236397437166 ], [ 7.139563402481411, 44.697086788769383 ], [ 7.139077457975914, 44.696988845527194 ], [ 7.138688289128975, 44.696824960382457 ], [ 7.137142403325073, 44.695759975576955 ], [ 7.136463979501455, 44.695564355704676 ], [ 7.135289061438928, 44.695158070734877 ], [ 7.13478260502883, 44.695073277684457 ], [ 7.134252933063504, 44.694925086532422 ], [ 7.133685934841088, 44.69465024981676 ], [ 7.133461717180581, 44.694619577249505 ], [ 7.133415263864762, 44.694506288366767 ], [ 7.133218197768008, 44.694404040405566 ], [ 7.132906609552894, 44.694232401635041 ], [ 7.132599296402523, 44.694173361351226 ], [ 7.132091449139244, 44.694120041832804 ], [ 7.131644095816036, 44.693914670039256 ], [ 7.131195288683173, 44.693448204423539 ], [ 7.130038458901, 44.693082671954762 ], [ 7.12959779578848, 44.693282507644831 ], [ 7.129207774370958, 44.693465166756567 ], [ 7.128859960575366, 44.693635012759714 ], [ 7.128433187251429, 44.693673029209883 ], [ 7.128290409095394, 44.693697695611952 ], [ 7.127707086942152, 44.693661123900149 ], [ 7.12709835842028, 44.693642137130873 ], [ 7.126913019583724, 44.69400819303123 ], [ 7.126770118129389, 44.694244410799492 ], [ 7.126324393370886, 44.694331621344944 ], [ 7.125688021616504, 44.694667766296661 ], [ 7.125680618094353, 44.694897204726445 ], [ 7.125612028244999, 44.695238168012075 ], [ 7.125480952447734, 44.695645622932908 ], [ 7.125281011884645, 44.695840391658749 ], [ 7.125081752203988, 44.695855124204222 ], [ 7.124766269659676, 44.695804931024085 ], [ 7.124114700816466, 44.696073299870974 ], [ 7.123637317673834, 44.696407544322064 ], [ 7.123331074894814, 44.696339494333714 ], [ 7.122875977351339, 44.696435539650572 ], [ 7.122697646257751, 44.696522630925521 ], [ 7.122625492467836, 44.696692489088029 ], [ 7.122529719773398, 44.696812445875622 ], [ 7.122676279156761, 44.696927385282684 ], [ 7.122581960349517, 44.697002354273707 ], [ 7.122429437080719, 44.697071864813857 ], [ 7.122173587429487, 44.697238701522245 ], [ 7.121673497824996, 44.697469037209828 ], [ 7.121339122041149, 44.697490542506991 ], [ 7.120943695065189, 44.697619070188786 ], [ 7.11992028641678, 44.697858788509159 ], [ 7.119334318576199, 44.698024683238202 ], [ 7.119212094180986, 44.698193714381993 ], [ 7.119246986745236, 44.69850487014768 ], [ 7.119118432777753, 44.698723309809985 ], [ 7.119045843700895, 44.698942671374773 ], [ 7.118492873977242, 44.699100103054 ], [ 7.118204806092766, 44.699104357618438 ], [ 7.11770700360866, 44.699226685395736 ], [ 7.11730112246665, 44.699373032739871 ], [ 7.117091785601687, 44.699491112102265 ], [ 7.11661594141208, 44.699568785530879 ], [ 7.116301237791816, 44.699761645117597 ], [ 7.116087129625954, 44.700014679065099 ], [ 7.1159603832045, 44.700116114469431 ], [ 7.115642282584917, 44.700097361084794 ], [ 7.11542887700416, 44.700012817489871 ], [ 7.114669568837791, 44.699964271638784 ], [ 7.11440359833034, 44.699919368618531 ], [ 7.114209229303965, 44.699880148868196 ], [ 7.114039262822288, 44.699733303770785 ], [ 7.113776362295195, 44.699593925385166 ], [ 7.113437369532623, 44.699574820679928 ], [ 7.113046346777717, 44.699590864408009 ], [ 7.112914897271016, 44.699521174158704 ], [ 7.112700914398094, 44.699454620602559 ], [ 7.112487358048193, 44.699374570179231 ], [ 7.112274350949443, 44.699290027264681 ], [ 7.112019807882846, 44.699209298253606 ], [ 7.111725133848596, 44.699100897898845 ], [ 7.111745544646214, 44.699407315204404 ], [ 7.111684701700667, 44.6996043604628 ], [ 7.111730950565824, 44.699965219165314 ], [ 7.111705618014978, 44.700077329471505 ], [ 7.111630739239311, 44.700148109722917 ], [ 7.111540963795596, 44.700313168122413 ], [ 7.111541278594798, 44.700376189732147 ], [ 7.111542905000118, 44.700520254124022 ], [ 7.111487338447946, 44.700591353720426 ], [ 7.111470664048116, 44.70066759781168 ], [ 7.111361433585386, 44.700751313150718 ], [ 7.111325201354233, 44.70085874187609 ], [ 7.111250381759143, 44.70095202870354 ], [ 7.111126057429814, 44.701112014012317 ], [ 7.111034323437381, 44.701191517334813 ], [ 7.110890916892396, 44.701319678456542 ], [ 7.110757520114059, 44.701479513232975 ], [ 7.11060372424145, 44.701648012600252 ], [ 7.110541906710006, 44.701741514125843 ], [ 7.110477716261991, 44.701798966979304 ], [ 7.110419666058342, 44.701825013229623 ], [ 7.110377493863481, 44.701860324594868 ], [ 7.110364948174315, 44.701918632162439 ], [ 7.110168371392644, 44.70206841815439 ], [ 7.110144048284894, 44.702149036592829 ], [ 7.110135701500226, 44.702247924170671 ], [ 7.110168930912907, 44.702293485930042 ], [ 7.110109331707632, 44.702513056693931 ], [ 7.110087087967529, 44.702638721235388 ], [ 7.110077933483832, 44.702980658599721 ], [ 7.11007610100872, 44.703255199611306 ], [ 7.110089138523239, 44.703327434145379 ], [ 7.11011712602713, 44.703485438373143 ], [ 7.110134741946553, 44.70356224985791 ], [ 7.110134469454777, 44.703643266394131 ], [ 7.11009429927212, 44.703750629491367 ], [ 7.109968735224128, 44.703924096450201 ], [ 7.10993450953414, 44.704018054389934 ], [ 7.109980571966801, 44.70411784267197 ], [ 7.110039770205815, 44.704456410332782 ], [ 7.11017004233569, 44.704368543450904 ], [ 7.110189180231843, 44.704265333360595 ], [ 7.110376945081494, 44.703962361793046 ], [ 7.1104928576194, 44.703685207758788 ], [ 7.110636765558936, 44.703372507540429 ], [ 7.110774551163262, 44.703235251428055 ], [ 7.110986873950211, 44.703135237820689 ], [ 7.111330442946854, 44.703086907964568 ], [ 7.111480507798802, 44.703093891558566 ], [ 7.111638949818824, 44.70311001585565 ], [ 7.111837332347487, 44.703171812194526 ], [ 7.112150063439755, 44.703307517805335 ], [ 7.112530552644025, 44.703421836939171 ], [ 7.112847829209468, 44.703418079528447 ], [ 7.113191058732497, 44.703392244307317 ], [ 7.113372492971577, 44.703453757874499 ], [ 7.113553732837218, 44.70353327261865 ], [ 7.113796094288064, 44.703528274685368 ], [ 7.11396519452726, 44.703459049619717 ], [ 7.114174491911919, 44.703440001153751 ], [ 7.114414575440676, 44.703407957262243 ], [ 7.114639070705966, 44.703443172984834 ], [ 7.114887667051913, 44.703501292068331 ], [ 7.11508007671599, 44.703540478296041 ], [ 7.115247253115527, 44.703579247634238 ], [ 7.115648545451278, 44.70356336588415 ], [ 7.115900064042438, 44.703531507603877 ], [ 7.116101770609493, 44.703417805770577 ], [ 7.116324083064051, 44.703313445900797 ], [ 7.116535228315538, 44.703249411894284 ], [ 7.116669753411527, 44.703224624108188 ], [ 7.116786452059737, 44.703226549132786 ], [ 7.116915405720635, 44.703300694888831 ], [ 7.117292750762187, 44.703414946283537 ], [ 7.117519458312734, 44.703540216212247 ], [ 7.117604346496861, 44.703501105355038 ], [ 7.117332994571637, 44.703366097060652 ], [ 7.117252580429825, 44.703279248747997 ], [ 7.117097879829028, 44.703159667047764 ], [ 7.116808218876843, 44.703078369575188 ], [ 7.116476629842396, 44.703000880819047 ], [ 7.116192477551825, 44.70300519489107 ], [ 7.115805366542031, 44.703106834830301 ], [ 7.115630654090629, 44.703081445432296 ], [ 7.115452002604156, 44.702934459159373 ], [ 7.115353315641655, 44.702887818404342 ], [ 7.115253762837867, 44.702868170289548 ], [ 7.115063522685588, 44.702811015490823 ], [ 7.114839905850869, 44.702748808085651 ], [ 7.114768360367504, 44.702644099776016 ], [ 7.114704987145767, 44.702530524031857 ], [ 7.114573626744702, 44.702469839534437 ], [ 7.11436056821002, 44.702398803211885 ], [ 7.11420033731601, 44.702364648463949 ], [ 7.114027685363256, 44.702312283622483 ], [ 7.113921606376535, 44.702238512491526 ], [ 7.113734730637787, 44.702077884133992 ], [ 7.113569909585055, 44.702003142126628 ], [ 7.11327498637683, 44.701926249892686 ], [ 7.113035080630866, 44.701904280287494 ], [ 7.112764183093303, 44.70187729670382 ], [ 7.112489730712796, 44.701850253705302 ], [ 7.112231839281987, 44.701823483884574 ], [ 7.111882531830347, 44.701781698153198 ], [ 7.111316580290817, 44.701718322906842 ], [ 7.111268995978405, 44.701641015802792 ], [ 7.111289311692775, 44.701537824967978 ], [ 7.111598005678695, 44.701542931384644 ], [ 7.111855895527771, 44.701569702612616 ], [ 7.112106382217716, 44.701569343813212 ], [ 7.112349174189457, 44.701550852555997 ], [ 7.112805385344136, 44.701495378277393 ], [ 7.113195569817853, 44.701456815676686 ], [ 7.113530262998416, 44.701426337174226 ], [ 7.11381455365545, 44.701417530844189 ], [ 7.114027143715466, 44.701394035867644 ], [ 7.114341537388511, 44.701381224331776 ], [ 7.114858438873373, 44.70141226647101 ], [ 7.115491062185892, 44.701463221175977 ], [ 7.11575573701293, 44.701548610807116 ], [ 7.115951627545619, 44.701686878781885 ], [ 7.116115915124257, 44.701766109720687 ], [ 7.116308050055111, 44.701764778816056 ], [ 7.116717935378718, 44.701690519853045 ], [ 7.116844154325118, 44.701715107716218 ], [ 7.117068995426032, 44.701678305636015 ], [ 7.117305526483245, 44.701646197058452 ], [ 7.117633396288801, 44.701570582287829 ], [ 7.117820177225744, 44.701479137141426 ], [ 7.11800768655458, 44.701365197839444 ], [ 7.118111757199145, 44.701245381720334 ], [ 7.11830524990242, 44.701190055777808 ], [ 7.118487801634434, 44.701229073792859 ], [ 7.11864526804782, 44.70126317696937 ], [ 7.118794454990936, 44.701297143503183 ], [ 7.11877238245189, 44.701211257546689 ], [ 7.118568061229666, 44.701077356640717 ], [ 7.11841268223215, 44.700966767846374 ], [ 7.118273480271919, 44.700892454843505 ], [ 7.118160622763622, 44.700760060682448 ], [ 7.118231716959904, 44.700635199710796 ], [ 7.118575422887215, 44.700582349094248 ], [ 7.119140710773822, 44.700605166862395 ], [ 7.119564997412297, 44.700706680601002 ], [ 7.120038805578864, 44.70077750002465 ], [ 7.120462578092126, 44.70083399024233 ], [ 7.120921864690742, 44.700841550527883 ], [ 7.121230457950327, 44.700837626878972 ], [ 7.121886212823759, 44.700843915065562 ], [ 7.122325785485367, 44.700851145394054 ], [ 7.122796608798255, 44.700953412474234 ], [ 7.123136340874475, 44.701035517924161 ], [ 7.123450105665595, 44.701139701403704 ], [ 7.123806825103768, 44.701208580557193 ], [ 7.124164383816259, 44.701263968870563 ], [ 7.124504446303821, 44.701323569816132 ], [ 7.124754642226649, 44.701332180811313 ], [ 7.125022661494659, 44.701314076943639 ], [ 7.125283897839512, 44.701237345838273 ], [ 7.125461559643671, 44.701159241943003 ], [ 7.125649634143792, 44.701027294662197 ], [ 7.125813572640681, 44.701007480143502 ], [ 7.126040014444049, 44.701092218284934 ], [ 7.126212728096534, 44.701167071830085 ], [ 7.126388021818936, 44.701174449882906 ], [ 7.126688000240732, 44.701192875951229 ], [ 7.126904684987884, 44.701200932362305 ], [ 7.1272049539188, 44.701210359494652 ], [ 7.127539605687948, 44.701193342723002 ], [ 7.127823459127895, 44.701197997825773 ], [ 7.128031863168629, 44.701205916305177 ], [ 7.128146963422855, 44.701257316386197 ], [ 7.128360313869522, 44.701368842307659 ], [ 7.128509652166112, 44.701398297448627 ], [ 7.128821057609571, 44.701331382967481 ], [ 7.128953299328829, 44.701365058490588 ], [ 7.129025403956977, 44.701465265926565 ], [ 7.129040515276493, 44.70151052528152 ], [ 7.129071708829924, 44.701583055210335 ], [ 7.129124544073258, 44.701669443288374 ], [ 7.129147065970854, 44.701827353343219 ], [ 7.129218313261924, 44.701954553627367 ], [ 7.129374918912939, 44.70201563491468 ], [ 7.129706130981779, 44.702093080022614 ], [ 7.130062575836997, 44.702170937454035 ], [ 7.130312342094554, 44.702193032736581 ], [ 7.130503476434884, 44.702223169735021 ], [ 7.130644247336963, 44.70226148412987 ], [ 7.13092263732947, 44.702423583043213 ], [ 7.130982149733674, 44.702388547955174 ], [ 7.130706065432995, 44.702154468203545 ], [ 7.130477205084758, 44.701997680993635 ], [ 7.130191441080785, 44.701794949674657 ], [ 7.130020891992105, 44.701652620043085 ], [ 7.129883310269697, 44.701515331347522 ], [ 7.129753820465179, 44.701396179727098 ], [ 7.129676141751671, 44.701223862690242 ], [ 7.129703869795674, 44.701134293501518 ], [ 7.129839110498816, 44.701086996039095 ], [ 7.130193275272962, 44.701223330953113 ], [ 7.130434769169788, 44.701245290487222 ], [ 7.130837459283328, 44.701283392244335 ], [ 7.131117903357751, 44.701283482160704 ], [ 7.131459821228614, 44.701298081033009 ], [ 7.131689551275974, 44.701427873492541 ], [ 7.131769372948221, 44.701546210166228 ], [ 7.13182890423991, 44.701767741704593 ], [ 7.131909874318111, 44.701850087696499 ], [ 7.13225010371667, 44.701905167112834 ], [ 7.132641509401535, 44.70193857671967 ], [ 7.133215626307877, 44.702006480869059 ], [ 7.133714438825101, 44.702073151168655 ], [ 7.134121540303186, 44.70213381929868 ], [ 7.134476691066529, 44.702252152329685 ], [ 7.134797719815073, 44.702401434993014 ], [ 7.13516827895886, 44.702556026963713 ], [ 7.135456376879588, 44.70268676518652 ], [ 7.135778164819994, 44.7028000481167 ], [ 7.136159133034908, 44.70290079278125 ], [ 7.136475252399738, 44.70293296013169 ], [ 7.136793639768726, 44.702906648402625 ], [ 7.137174786631401, 44.702989387908332 ], [ 7.137366649039164, 44.702997019434079 ], [ 7.13750468503067, 44.703120802980727 ], [ 7.137811226746438, 44.703193320916427 ], [ 7.138360274672249, 44.703256289099485 ], [ 7.139076045328155, 44.703335475820502 ], [ 7.139450081676921, 44.703382082459008 ], [ 7.13967488189742, 44.703408251551366 ], [ 7.13990511260121, 44.703511028571405 ], [ 7.140029043553477, 44.703558059355757 ], [ 7.14015416986666, 44.70355559660613 ], [ 7.14023833431107, 44.703538962962874 ], [ 7.140332065388424, 44.703481974554634 ], [ 7.140485737615283, 44.703376449499409 ], [ 7.140715610912169, 44.703231654694171 ], [ 7.141510995561472, 44.703042052430206 ], [ 7.141750027320441, 44.703005432712985 ], [ 7.141996385925777, 44.702887910660976 ], [ 7.142514062037278, 44.702747795617299 ], [ 7.142963662443203, 44.702651582649565 ], [ 7.143332592542856, 44.702599067746227 ], [ 7.143649567694559, 44.702604222111411 ], [ 7.143998761068603, 44.702650409899583 ], [ 7.144288172703233, 44.7027406366443 ], [ 7.144533061668197, 44.702915661326877 ], [ 7.145013620814871, 44.703035999616198 ], [ 7.145466353199254, 44.703236904941996 ], [ 7.145861461532987, 44.70341436679481 ], [ 7.14636471641802, 44.703602585525715 ], [ 7.146621916030656, 44.703651772810936 ], [ 7.146880941648514, 44.703655977451668 ], [ 7.147348748901139, 44.703731087210699 ], [ 7.147824344106212, 44.703648780435849 ], [ 7.14844558874124, 44.70355082918369 ], [ 7.148881863011776, 44.70347688263687 ], [ 7.149352173405721, 44.703398984971379 ], [ 7.149662174170198, 44.703363499044087 ], [ 7.14993894722423, 44.70331847149631 ], [ 7.150101271895351, 44.703213073688708 ], [ 7.150538677893952, 44.703103129771605 ], [ 7.150938242283672, 44.703141109943367 ], [ 7.150848962972851, 44.703058642881025 ], [ 7.150575056164181, 44.703013695652359 ], [ 7.150072202144352, 44.70307306636888 ], [ 7.14964683294371, 44.703052669627887 ], [ 7.149185804715015, 44.703049697914622 ], [ 7.148819136435892, 44.703093266075527 ], [ 7.148695055604761, 44.703050743574394 ], [ 7.14874086534454, 44.702925453608785 ], [ 7.148977523643522, 44.702839267379893 ], [ 7.149019897678874, 44.70277243681803 ], [ 7.148798580574923, 44.701783091941444 ], [ 7.149220934693899, 44.701749428907789 ], [ 7.14964076673288, 44.701670711716439 ], [ 7.15004290028748, 44.701627715574645 ], [ 7.150380702313243, 44.701511657065915 ], [ 7.150627781322347, 44.701358118633351 ], [ 7.150746770629159, 44.701288027271268 ], [ 7.150949275096029, 44.701147269648182 ], [ 7.151319135272304, 44.70087868769027 ], [ 7.15170999798386, 44.700668959777602 ], [ 7.151887728569878, 44.700599818167532 ], [ 7.152081475086745, 44.700535436684113 ], [ 7.152410488723042, 44.700459740448913 ], [ 7.152609218132068, 44.700399939877848 ], [ 7.152884464569426, 44.700228847613886 ], [ 7.1534374971981, 44.700165774887395 ], [ 7.1538240685345, 44.700091005488346 ], [ 7.154287533376788, 44.699954461475876 ], [ 7.1548020399352, 44.699850248734791 ], [ 7.155034857070748, 44.699872015968985 ], [ 7.155333077732369, 44.699809317198785 ], [ 7.155599577108144, 44.699764109889927 ], [ 7.155957423057326, 44.699661862154002 ], [ 7.155985043868719, 44.699599291848855 ], [ 7.156124035282257, 44.69957002848065 ], [ 7.156074056136077, 44.699429684908708 ], [ 7.156278436744562, 44.699365468031367 ], [ 7.156584960323359, 44.699289396544785 ], [ 7.156870780832954, 44.699244498225099 ], [ 7.15717673330253, 44.69918642062192 ], [ 7.157068009306567, 44.699045129252553 ], [ 7.15793901492691, 44.698793616508276 ], [ 7.158157370865222, 44.698761129959266 ], [ 7.158440228579281, 44.698635158769584 ], [ 7.158506987443628, 44.698532708566219 ], [ 7.158550802045087, 44.698456895300566 ], [ 7.158711956582166, 44.698387475671979 ], [ 7.158822365536846, 44.698326239816041 ], [ 7.159019920724202, 44.698153879752915 ], [ 7.159251438924931, 44.697955059883036 ], [ 7.15967423461934, 44.697781828818314 ], [ 7.160474302404812, 44.697826230718796 ], [ 7.160784514834805, 44.697795219110169 ], [ 7.16118107758642, 44.697653068077166 ], [ 7.16173992719605, 44.697405500575158 ], [ 7.162123304506933, 44.697168609273014 ], [ 7.162402401996464, 44.697123588848854 ], [ 7.162677022223716, 44.697082996864786 ], [ 7.162995676951711, 44.69703411039724 ], [ 7.163613282858044, 44.697048547254866 ], [ 7.163923668784711, 44.69699952519322 ], [ 7.164504628357265, 44.696837822024868 ], [ 7.164898012094371, 44.69680813632985 ], [ 7.165231920403861, 44.6968135028985 ], [ 7.165516494085714, 44.696782066384621 ], [ 7.165701765718154, 44.696735530249974 ], [ 7.165968938088795, 44.696730820084021 ], [ 7.166238107116012, 44.696712637834672 ], [ 7.166564705928883, 44.696474819600084 ], [ 7.166746009872377, 44.696378705113567 ], [ 7.166945680297716, 44.69630088992627 ], [ 7.167221525067114, 44.696183786660633 ], [ 7.167496505767279, 44.696093675914426 ], [ 7.167849659129757, 44.695901291954677 ], [ 7.168031113699635, 44.69580067665644 ], [ 7.16824122209287, 44.695691518444072 ], [ 7.168431852700983, 44.695600052079257 ], [ 7.168995814660444, 44.695276010943282 ], [ 7.169158059662963, 44.695184088119753 ], [ 7.169498444680848, 44.695108524873923 ], [ 7.16971379155787, 44.695120979706509 ], [ 7.170442335409106, 44.694943607394499 ], [ 7.170823114390982, 44.694900195733112 ], [ 7.171992621191645, 44.694734378728327 ], [ 7.172059390676097, 44.694730946594596 ], [ 7.17212683308777, 44.694718522840574 ], [ 7.17223383266577, 44.694702231152313 ], [ 7.172374871727379, 44.694681983092053 ], [ 7.172589672855955, 44.694649411985971 ], [ 7.173240629812839, 44.694542798743939 ], [ 7.173730669067255, 44.694474118454714 ], [ 7.17420021360487, 44.694405108311805 ], [ 7.174374512262147, 44.694380888479799 ], [ 7.17465634024702, 44.694335881712036 ], [ 7.174884815785742, 44.694294522550855 ], [ 7.17505255813971, 44.694265695695883 ], [ 7.175223092713609, 44.694160393198125 ], [ 7.17539350815975, 44.69404608618369 ], [ 7.175866573163653, 44.693927612479392 ], [ 7.176050471883604, 44.693899042288891 ], [ 7.176388163186658, 44.693845921323117 ], [ 7.176670652330486, 44.69374240481784 ], [ 7.17691265099935, 44.693521210423675 ], [ 7.176914768914245, 44.693453726566311 ], [ 7.177219324467974, 44.693111998584648 ], [ 7.177465562996584, 44.692931381294684 ], [ 7.177582902186601, 44.692811722522436 ], [ 7.177742032174257, 44.692629714144893 ], [ 7.177948778784153, 44.69242595956927 ], [ 7.17804530854718, 44.692328474107228 ], [ 7.178246050249138, 44.692102117257498 ], [ 7.178474154434183, 44.691858191883547 ], [ 7.178714121422336, 44.691663968261153 ], [ 7.179031979330765, 44.691538504177181 ], [ 7.179294262683884, 44.691475169476625 ], [ 7.179729814517691, 44.691432601516944 ], [ 7.17986411470357, 44.691425740283009 ], [ 7.180078812521923, 44.691370647506908 ], [ 7.180342037399034, 44.691289320683097 ], [ 7.180644663528831, 44.691222124672912 ], [ 7.180974684798193, 44.691123856074228 ], [ 7.181305656852436, 44.691007596943308 ], [ 7.18148177342144, 44.690924879849192 ], [ 7.181649047904862, 44.690923042905602 ], [ 7.182124126965495, 44.690890097687998 ], [ 7.182405942624763, 44.690845071547344 ], [ 7.18265492422201, 44.690790519708216 ], [ 7.182790130601344, 44.690729655286582 ], [ 7.182839282887407, 44.690658418723736 ], [ 7.182612515761292, 44.690645806873206 ], [ 7.1822302987804, 44.690698237390954 ], [ 7.181786421610069, 44.690767689403273 ], [ 7.181580547892981, 44.690755408235695 ], [ 7.181401396969899, 44.690721046458435 ], [ 7.181322364583123, 44.690688279278369 ], [ 7.181269427619275, 44.690615417119311 ], [ 7.18124028750681, 44.690538432844932 ], [ 7.181315861023904, 44.690467617828901 ], [ 7.181524919777908, 44.690403430132015 ], [ 7.181866054205234, 44.690390858381697 ], [ 7.182113517074637, 44.690372292980847 ], [ 7.182415702883219, 44.690318588792202 ], [ 7.182644438970037, 44.69026821584356 ], [ 7.182906573416878, 44.690209371632953 ], [ 7.183041464415476, 44.690171007792706 ], [ 7.183243390259321, 44.690120206969695 ], [ 7.183647532320332, 44.690009606507274 ], [ 7.184194114055302, 44.689833752383336 ], [ 7.184572005743497, 44.689704726417787 ], [ 7.184956180773281, 44.68958930263193 ], [ 7.185251955956302, 44.689526486645136 ], [ 7.18537330018837, 44.689492405897241 ], [ 7.185645776781197, 44.689316689038499 ], [ 7.185972000858692, 44.689137324332343 ], [ 7.186216100101234, 44.68902417176421 ], [ 7.186453100809309, 44.688910905915073 ], [ 7.186755977375568, 44.688834695276036 ], [ 7.187251028866714, 44.688793043524406 ], [ 7.18743380695044, 44.688723926522108 ], [ 7.187611872858947, 44.688578214325794 ], [ 7.187803892047098, 44.688414718594736 ], [ 7.188015742741613, 44.688260539644219 ], [ 7.188343075945979, 44.688045176264986 ], [ 7.188689555155828, 44.687848120420277 ], [ 7.189016603093729, 44.687641752932947 ], [ 7.189329822839293, 44.68744866874566 ], [ 7.189622940239349, 44.687255264936702 ], [ 7.190065741569299, 44.686978710892916 ], [ 7.190345450297402, 44.686785092645515 ], [ 7.19064511711667, 44.686596291181793 ], [ 7.190918515604481, 44.686402571513085 ], [ 7.191177708723148, 44.68622212967896 ], [ 7.191393998064001, 44.686140033663207 ], [ 7.191636814172128, 44.686067359766099 ], [ 7.191941209368734, 44.685941646346429 ], [ 7.192347965804498, 44.685745533873323 ], [ 7.192597926431169, 44.685645963935819 ], [ 7.192876359824239, 44.685492829909272 ], [ 7.193061640539514, 44.685342722136063 ], [ 7.193212465359776, 44.685210073530087 ], [ 7.193556365144071, 44.685107486867963 ], [ 7.193973286352446, 44.685015056654208 ], [ 7.194385357289111, 44.684850529247058 ], [ 7.194964245194384, 44.684711143749674 ], [ 7.19528021444764, 44.684644119781886 ], [ 7.195623158859537, 44.684559516517922 ], [ 7.196080563760242, 44.684458716023073 ], [ 7.19648226930568, 44.684424551629803 ], [ 7.196796838005357, 44.684402513188793 ], [ 7.197019290914525, 44.684325005011317 ], [ 7.197257478982419, 44.684184728255509 ], [ 7.197515626860331, 44.684049267302051 ], [ 7.197841952396003, 44.683851865339221 ], [ 7.198055991626089, 44.683841740114502 ], [ 7.198395981635075, 44.68408116725751 ], [ 7.198669932671638, 44.684288043176295 ], [ 7.198958137067526, 44.68446813616395 ], [ 7.199680286916563, 44.684655071930166 ], [ 7.199877579234089, 44.684752707664117 ], [ 7.200100733294823, 44.684868755506336 ], [ 7.200298028317508, 44.684966390553171 ], [ 7.200255999414058, 44.685037747001381 ], [ 7.200065425332559, 44.68514277117135 ], [ 7.199728333425256, 44.685191470584257 ], [ 7.199574984597637, 44.685279076158317 ], [ 7.199554916941372, 44.685481313020283 ], [ 7.199870800612285, 44.685684346084194 ], [ 7.199883225905759, 44.685869090560722 ], [ 7.199836950375939, 44.686178942662025 ], [ 7.199783818694111, 44.686430171230427 ], [ 7.199721190978842, 44.686771273707677 ], [ 7.199588880641244, 44.686994246527334 ], [ 7.199433823953523, 44.687149342707535 ], [ 7.199102748836428, 44.687207137507968 ], [ 7.198563750852733, 44.687369679263007 ], [ 7.198134390715861, 44.687430421617606 ], [ 7.197929713233944, 44.687557725510196 ], [ 7.197684998590689, 44.687805928956401 ], [ 7.197582844743463, 44.687984363627315 ], [ 7.197455062150079, 44.688238913684067 ], [ 7.197060202306442, 44.688471241613748 ], [ 7.196798769432593, 44.688521127083085 ], [ 7.196339629492281, 44.688689420707334 ], [ 7.196082670007286, 44.688734874020859 ], [ 7.195950917903796, 44.68892634308969 ], [ 7.196184928473127, 44.68921361498321 ], [ 7.196490771554823, 44.689524527019678 ], [ 7.196607387954395, 44.689706416363734 ], [ 7.19681016748531, 44.689970687720241 ], [ 7.196793917172609, 44.69038003857213 ], [ 7.196876041237934, 44.690669411191323 ], [ 7.197037847912341, 44.690996051538662 ], [ 7.197266151764055, 44.691175202671019 ], [ 7.197680303437521, 44.691262762512267 ], [ 7.197938575463177, 44.691149808629092 ], [ 7.198237386548938, 44.691001484474967 ], [ 7.198590390423078, 44.690962042949138 ], [ 7.199078124086174, 44.690978739787525 ], [ 7.19954207827005, 44.690986057184645 ], [ 7.199876202637749, 44.691072347017602 ], [ 7.200381996157245, 44.690976793506003 ], [ 7.200814611412769, 44.690952103480477 ], [ 7.201254085086557, 44.690986035219836 ], [ 7.201457429752963, 44.691092765848211 ], [ 7.201596804056454, 44.691342526268038 ], [ 7.202148986527071, 44.691621293619143 ], [ 7.202224144136436, 44.691780018412004 ], [ 7.20240178031816, 44.691863836628208 ], [ 7.202620329688264, 44.691925792760948 ], [ 7.202744606954421, 44.692013271590831 ], [ 7.202846427796782, 44.692176916866686 ], [ 7.202975215220749, 44.692322981776435 ], [ 7.203114291983929, 44.6923656813373 ], [ 7.203320551927727, 44.69239143326751 ], [ 7.203774340317729, 44.692587623038612 ], [ 7.204425987231673, 44.692813929966668 ], [ 7.204852565406776, 44.693099711092479 ], [ 7.205313655151637, 44.693647101508063 ], [ 7.205495342190479, 44.693753484458547 ], [ 7.205605581497098, 44.693836238326824 ], [ 7.205817610345394, 44.694033121207319 ], [ 7.205839226857093, 44.694150491554375 ], [ 7.205844658129109, 44.694281111088721 ], [ 7.205872678811297, 44.694497607992588 ], [ 7.205962149873808, 44.694818597603387 ], [ 7.206324076700784, 44.695116860760628 ], [ 7.206383332150858, 44.695356354106039 ], [ 7.206458079088688, 44.695528573104035 ], [ 7.206383834108014, 44.69568494797479 ], [ 7.206039526743002, 44.696246686812927 ], [ 7.205908859068862, 44.696582221866386 ], [ 7.205678903423449, 44.696889189322754 ], [ 7.20558930228293, 44.697031818772381 ], [ 7.205375048451838, 44.697212999430469 ], [ 7.205210961568541, 44.69734095420386 ], [ 7.205064770581037, 44.697527705381532 ], [ 7.205205678703372, 44.697511915861782 ], [ 7.205763886463224, 44.697381153143745 ], [ 7.206228379154727, 44.697257917706594 ], [ 7.20655208514186, 44.697159475993828 ], [ 7.206848006352196, 44.697092105220108 ], [ 7.207144758861238, 44.696997739671083 ], [ 7.207587459278066, 44.69694167413487 ], [ 7.208062148626937, 44.696922118370225 ], [ 7.208322177594257, 44.696867683961337 ], [ 7.208493560624407, 44.696694827416863 ], [ 7.20866394619074, 44.696566966731623 ], [ 7.209014703259115, 44.696639987175615 ], [ 7.209287139174672, 44.696630756960225 ], [ 7.209638508112962, 44.696645269780426 ], [ 7.209909808609376, 44.69668553322186 ], [ 7.210023921242668, 44.696579294077075 ], [ 7.210185679598179, 44.696500808808537 ], [ 7.210586695679962, 44.696453080510103 ], [ 7.210800990643689, 44.696474443662595 ], [ 7.211115633178697, 44.696452366965751 ], [ 7.211375816772965, 44.696456443319846 ], [ 7.211633698333313, 44.69650999597247 ], [ 7.211874416676235, 44.696531770996913 ], [ 7.212093054051714, 44.696463176185958 ], [ 7.21228172047489, 44.696407615201821 ], [ 7.212562574133798, 44.696394007792954 ], [ 7.212963939332199, 44.696373283667661 ], [ 7.213136958588462, 44.696402998726519 ], [ 7.213294259659573, 44.696405460481472 ], [ 7.213358446837053, 44.696280431976696 ], [ 7.213375866212187, 44.69615017041685 ], [ 7.213436840305583, 44.695899058605846 ], [ 7.21355577315714, 44.695725373670847 ], [ 7.213861636046777, 44.69542407898328 ], [ 7.214112501270021, 44.695076911411157 ], [ 7.214131578348929, 44.694892661498145 ], [ 7.214337920979903, 44.694697837048693 ], [ 7.214511099396986, 44.694709547804713 ], [ 7.214948927060726, 44.694810918725992 ], [ 7.215216088944114, 44.694806093067598 ], [ 7.215510893128158, 44.694774691759683 ], [ 7.215619515554086, 44.694717874135677 ], [ 7.215663880444349, 44.694583532138388 ], [ 7.21590685501097, 44.694492804450284 ], [ 7.216039940008585, 44.694422865144766 ], [ 7.216259966791021, 44.69421924866031 ], [ 7.216331810543393, 44.694062829802355 ], [ 7.216481363263524, 44.693970641348415 ], [ 7.216818993665958, 44.693854383241842 ], [ 7.217049787429584, 44.693736455786045 ], [ 7.217356980534712, 44.693493687730857 ], [ 7.217696828004345, 44.693291939217488 ], [ 7.218102411507673, 44.693158733351737 ], [ 7.218279011856393, 44.693071465838514 ], [ 7.218546968563404, 44.692783070436143 ], [ 7.218679639277677, 44.692636601501654 ], [ 7.218934627129664, 44.692591066567424 ], [ 7.219230401879473, 44.692604682576878 ], [ 7.2193374813929, 44.692520830243446 ], [ 7.219614010020408, 44.692210060093785 ], [ 7.219770916565217, 44.69210897961009 ], [ 7.220156281972062, 44.691952945257306 ], [ 7.220737967221923, 44.691606418434525 ], [ 7.221007335069145, 44.691426067520752 ], [ 7.221289306634949, 44.691155888693963 ], [ 7.221651144814367, 44.690904957914668 ], [ 7.221991926176952, 44.690671702787625 ], [ 7.222393791097836, 44.690362877595732 ], [ 7.222622599185907, 44.690141380687336 ], [ 7.222801408750306, 44.689968618055225 ], [ 7.2229858143493, 44.689831951695545 ], [ 7.22306257532375, 44.689720616839487 ], [ 7.223094189550173, 44.68956356747816 ], [ 7.223268638183264, 44.689314216119129 ], [ 7.223426241361051, 44.689177131934635 ], [ 7.223813206540203, 44.688980599392679 ], [ 7.223904057028116, 44.688846977229083 ], [ 7.223944039483898, 44.688622540038267 ], [ 7.224215316606687, 44.688275667367535 ], [ 7.224253372356579, 44.688114216651961 ], [ 7.224270764327794, 44.687983952823373 ], [ 7.224462004176618, 44.687842889140263 ], [ 7.224725440260269, 44.687752460762034 ], [ 7.224965482667908, 44.687666169260247 ], [ 7.225119660292078, 44.687524528256446 ], [ 7.225230880982619, 44.687382219299941 ], [ 7.225456435752212, 44.687214680235918 ], [ 7.225708409090484, 44.687047551279939 ], [ 7.225884842143187, 44.686964770482902 ], [ 7.226129428764196, 44.686820031731358 ], [ 7.226224494629018, 44.68676749448899 ], [ 7.22630082312719, 44.686669654231586 ], [ 7.226960669159728, 44.686369321428813 ], [ 7.227224636241492, 44.686467945271332 ], [ 7.227542758179009, 44.686549404494158 ], [ 7.227887975468256, 44.686608777464002 ], [ 7.228516033227604, 44.686600519283552 ], [ 7.229024149552112, 44.686581394883646 ], [ 7.22946509660105, 44.686579231352638 ], [ 7.230119972317293, 44.686557876664509 ], [ 7.230561467309477, 44.686537712650527 ], [ 7.23092173577291, 44.686543295483474 ], [ 7.231470464164366, 44.68651128589957 ], [ 7.232058318761343, 44.686502385468764 ], [ 7.232472182275306, 44.686508793300746 ], [ 7.233047727265772, 44.686463687723993 ], [ 7.233808878106461, 44.68646196127748 ], [ 7.234303313409037, 44.686451604098174 ], [ 7.235172632313377, 44.686420033035986 ], [ 7.23625272564301, 44.686472732924607 ], [ 7.23689132069679, 44.68655911630988 ], [ 7.23746031271082, 44.686729944166366 ], [ 7.237979898812469, 44.686904507902312 ], [ 7.238668853372271, 44.687086183399011 ], [ 7.239366133442827, 44.687213968900892 ], [ 7.239678809024503, 44.687254799635845 ], [ 7.240572509919584, 44.687277577575593 ], [ 7.241216065837787, 44.687409025045277 ], [ 7.24171461857263, 44.687484221689786 ], [ 7.242121942172997, 44.687485992621575 ], [ 7.242295769269929, 44.687488668831541 ], [ 7.242725378143618, 44.687405258180831 ], [ 7.243484451356711, 44.68726389848797 ], [ 7.243791434072632, 44.687088573495558 ], [ 7.244106862123488, 44.686998900070876 ], [ 7.244426253560416, 44.687026317527319 ], [ 7.244938485003522, 44.687092708048475 ], [ 7.245320610212512, 44.68705356954549 ], [ 7.245936780665688, 44.686982016191806 ], [ 7.246782824909512, 44.686832968285913 ], [ 7.247138426411154, 44.686770910471914 ], [ 7.247269287127742, 44.686642385075075 ], [ 7.2476872368414, 44.686513764885099 ], [ 7.248410341233826, 44.68645284168575 ], [ 7.248994199161247, 44.68635376897074 ], [ 7.249751792942929, 44.68622134723114 ], [ 7.250538429252887, 44.686066859544532 ], [ 7.251245718753924, 44.685902148760732 ], [ 7.252191844831716, 44.6857680971398 ], [ 7.252889458628158, 44.685688750575984 ], [ 7.253172247328822, 44.685648065652884 ], [ 7.253168853146529, 44.685472467455057 ], [ 7.253176154289571, 44.685071973556809 ], [ 7.254740998493009, 44.68489785223467 ], [ 7.255041774540365, 44.684861938810627 ] ] ] ] } },
{ "type": "Feature", "properties": { "fid": 17 }, "geometry": { "type": "MultiPolygon", "coordinates": [ [ [ [ 7.14822272097557, 44.700297368680161 ], [ 7.148166238447885, 44.700237937295192 ], [ 7.148117891587431, 44.700183139019742 ], [ 7.148041662354749, 44.700087377885254 ], [ 7.148017614998286, 44.700037474903681 ], [ 7.147999481240572, 44.699987667844695 ], [ 7.1479871176001, 44.699942455556609 ], [ 7.147980847156018, 44.699879337417144 ], [ 7.147965045115024, 44.699744045887122 ], [ 7.147953793119772, 44.699676345760828 ], [ 7.147934405688933, 44.699604012485594 ], [ 7.147895235484736, 44.699508852415768 ], [ 7.147850760708193, 44.699431610969235 ], [ 7.147798365188569, 44.699367744524061 ], [ 7.147772561704182, 44.699335817688777 ], [ 7.147766827900409, 44.699317719972242 ], [ 7.147755432722668, 44.699254518672511 ], [ 7.147728913277474, 44.699195573170272 ], [ 7.147657487736709, 44.699122395567485 ], [ 7.147648850881548, 44.699108751917215 ], [ 7.147643154819253, 44.699027638375746 ], [ 7.147601438858103, 44.698999954497616 ], [ 7.147583269507214, 44.698963650308123 ], [ 7.147561839096785, 44.69891829085617 ], [ 7.14752009163159, 44.698755571223678 ], [ 7.147449709267898, 44.698587885760546 ], [ 7.147373270393216, 44.698424603144552 ], [ 7.147334387172775, 44.698369958088932 ], [ 7.146965334828518, 44.697994872447943 ], [ 7.146784756939079, 44.697708367422557 ], [ 7.146769849373994, 44.697681118391557 ], [ 7.146636253872695, 44.697467394537874 ], [ 7.146617942018877, 44.697435589047686 ], [ 7.1465879471645, 44.697399092719188 ], [ 7.146597050673659, 44.697385736980351 ], [ 7.146609558591293, 44.697376937681881 ], [ 7.146745782802139, 44.69729812788357 ], [ 7.146785313931383, 44.697258258994296 ], [ 7.146935264487958, 44.697157165901487 ], [ 7.146974330389515, 44.697094783519859 ], [ 7.146999024499011, 44.697050172566186 ], [ 7.147044684772508, 44.696978894837883 ], [ 7.147111165706753, 44.696934962048736 ], [ 7.147437835403205, 44.696697199757359 ], [ 7.147550834490404, 44.696604508597844 ], [ 7.147769090784896, 44.696414499162344 ], [ 7.147822741138219, 44.696352353093431 ], [ 7.147901227890253, 44.696241096976337 ], [ 7.147998959487118, 44.696107647107794 ], [ 7.14801429367493, 44.696086384568318 ], [ 7.147992562538736, 44.696077306168576 ], [ 7.143486130097157, 44.694856459313449 ], [ 7.143333474265845, 44.694885397633463 ], [ 7.142695351703337, 44.695034463928081 ], [ 7.142268802267447, 44.695169253349505 ], [ 7.141805296999459, 44.695294581607229 ], [ 7.141690697286325, 44.695321350672941 ], [ 7.141695452144853, 44.695330043853616 ], [ 7.141699500531626, 44.695339112100505 ], [ 7.141702040861816, 44.695370661681217 ], [ 7.141705801392913, 44.695388727594519 ], [ 7.141719842434203, 44.695442970247861 ], [ 7.141728083159567, 44.695456607906486 ], [ 7.141757679749205, 44.695493099040036 ], [ 7.141803294882736, 44.695534352058452 ], [ 7.141815621619547, 44.695543555037958 ], [ 7.14183070780069, 44.695552802927843 ], [ 7.14187048503713, 44.695566953848079 ], [ 7.141913703770304, 44.695572158412695 ], [ 7.14201390095759, 44.6955962949473 ], [ 7.14205890935028, 44.69561953328536 ], [ 7.142094312923668, 44.695647116479584 ], [ 7.142101371145548, 44.695660734867602 ], [ 7.142113084866133, 44.695701436069847 ], [ 7.142093794053274, 44.695786644485828 ], [ 7.142074221479766, 44.69583133773078 ], [ 7.142043392124348, 44.695907356012164 ], [ 7.142041809154505, 44.695956843183431 ], [ 7.142029006909155, 44.696024152475978 ], [ 7.142020253118037, 44.696100530001914 ], [ 7.142037911374307, 44.69617733735403 ], [ 7.142056714795719, 44.69626766686477 ], [ 7.142064918203275, 44.696294807416272 ], [ 7.142077601845231, 44.696317519700735 ], [ 7.142092794668427, 44.69633577164111 ], [ 7.142162589388477, 44.696471942672076 ], [ 7.142221246042838, 44.696549417139593 ], [ 7.142323335285803, 44.696650104165371 ], [ 7.142427683711493, 44.696741825505988 ], [ 7.142460328631341, 44.696769363697662 ], [ 7.142526838612612, 44.696810956378705 ], [ 7.142594568723609, 44.696839065345877 ], [ 7.142641655862842, 44.696871339618951 ], [ 7.142657887786548, 44.696894109562216 ], [ 7.142658889192881, 44.6969121305534 ], [ 7.142649891352706, 44.696934490047674 ], [ 7.142627346312783, 44.696961130322251 ], [ 7.142532904377231, 44.697040614988786 ], [ 7.142464555318929, 44.697093517063159 ], [ 7.142453730171884, 44.697111345635996 ], [ 7.14245000091701, 44.697129289659607 ], [ 7.142451002260435, 44.697147310650912 ], [ 7.142458561410526, 44.697169939513486 ], [ 7.142480956935235, 44.697197310938051 ], [ 7.142563236106913, 44.697239160157856 ], [ 7.142743920387303, 44.697336624274726 ], [ 7.142945749248803, 44.697438933215544 ], [ 7.143074365842774, 44.697499540472378 ], [ 7.143141702802184, 44.697527642717588 ], [ 7.143631767866118, 44.69775616970341 ], [ 7.143787907162221, 44.697844230711155 ], [ 7.143959634980853, 44.697950549624636 ], [ 7.144074168463622, 44.698019929149083 ], [ 7.144268548841074, 44.698108611135474 ], [ 7.144405340276067, 44.698160347414024 ], [ 7.144461821079187, 44.698170267734788 ], [ 7.144541704854763, 44.698176067198034 ], [ 7.144644954670302, 44.698191248676814 ], [ 7.144779455086054, 44.698215940230384 ], [ 7.144915388824348, 44.69824515608893 ], [ 7.145097229704242, 44.698306625866792 ], [ 7.145256707001007, 44.698376734394571 ], [ 7.145368807397263, 44.69842356721869 ], [ 7.145534088588891, 44.698534280205003 ], [ 7.145651060749829, 44.698626203622339 ], [ 7.145741048520483, 44.698686180441825 ], [ 7.145785666579139, 44.698709410960277 ], [ 7.145836198097436, 44.6987327374991 ], [ 7.145898807115797, 44.698760761328252 ], [ 7.145946435506492, 44.698788541845062 ], [ 7.14597951409465, 44.698802582543358 ], [ 7.146131824544367, 44.698899580500772 ], [ 7.146184792203504, 44.698945452310731 ], [ 7.146240913786676, 44.698991375306058 ], [ 7.146286714972987, 44.699014624838036 ], [ 7.146435478415317, 44.699111564795899 ], [ 7.146500667676379, 44.699157634878318 ], [ 7.146556575543588, 44.699185549553491 ], [ 7.14665882277454, 44.699232221146239 ], [ 7.146748238295414, 44.699310192570422 ], [ 7.1467787719892, 44.699342196419437 ], [ 7.146921443644715, 44.699457041548776 ], [ 7.146998854925015, 44.699503309719532 ], [ 7.147029819471821, 44.699521816973601 ], [ 7.147120347825576, 44.699577300298245 ], [ 7.14718865568576, 44.69963692411671 ], [ 7.147262410320891, 44.699723643323118 ], [ 7.147377487338674, 44.699838040065913 ], [ 7.147420457412585, 44.69988825023762 ], [ 7.147499481291429, 44.699970553616687 ], [ 7.147552200263884, 44.700011919576752 ], [ 7.147604417828703, 44.70004427503104 ], [ 7.147661115559444, 44.700072201977136 ], [ 7.147737274490914, 44.7000959434598 ], [ 7.147794402783185, 44.700110373806268 ], [ 7.147870956059823, 44.700134121597202 ], [ 7.147935037243336, 44.700153165840504 ], [ 7.147987398618971, 44.700181022279033 ], [ 7.148068754107475, 44.700227353700861 ], [ 7.148147887746519, 44.700269147852644 ], [ 7.148194084951908, 44.700292403038425 ], [ 7.14822272097557, 44.700297368680161 ] ] ] ] } },
{ "type": "Feature", "properties": { "fid": 18 }, "geometry": { "type": "MultiPolygon", "coordinates": [ [ [ [ 7.064848590636562, 44.679988717540937 ], [ 7.064923291922959, 44.679973349925817 ], [ 7.064963487121795, 44.679970069199044 ], [ 7.065066832714631, 44.680001426760228 ], [ 7.065238528581789, 44.679964465523476 ], [ 7.065462747554242, 44.679972447905882 ], [ 7.065586704460188, 44.679998079655974 ], [ 7.065600613899874, 44.679997123558586 ], [ 7.065712649365877, 44.679968668055331 ], [ 7.065795417571112, 44.679925058130721 ], [ 7.066014128196011, 44.679891775120943 ], [ 7.066078513359183, 44.679943496031179 ], [ 7.066267147957107, 44.679931151037508 ], [ 7.066314489168934, 44.679939325874912 ], [ 7.066315566336561, 44.679941972606116 ], [ 7.067457329997939, 44.679834655313506 ], [ 7.068874708877826, 44.679822864245558 ], [ 7.069107339178952, 44.679788809042087 ], [ 7.069190817050512, 44.679811683838572 ], [ 7.06996761261075, 44.679783602092471 ], [ 7.070071047249417, 44.679779862450793 ], [ 7.071141463272247, 44.679842983474366 ], [ 7.071953987081897, 44.68007275981693 ], [ 7.072128798999426, 44.68015896372922 ], [ 7.072288787144553, 44.680172009266592 ], [ 7.07238715444408, 44.680286363992117 ], [ 7.072785779567413, 44.680482931833005 ], [ 7.073125919204284, 44.680712943235463 ], [ 7.074122853733511, 44.680775151288046 ], [ 7.075342609620552, 44.680798716223684 ], [ 7.075743769306299, 44.68091194086935 ], [ 7.075984071754298, 44.680897674923749 ], [ 7.076053507510146, 44.680949204278427 ], [ 7.076163468516138, 44.680949658436042 ], [ 7.076231886239325, 44.680969672848164 ], [ 7.076303081759612, 44.681074207858487 ], [ 7.076318133022196, 44.681096307284676 ], [ 7.076441216935394, 44.681103489270683 ], [ 7.076681719033114, 44.681039632009316 ], [ 7.076718738725684, 44.681079735477439 ], [ 7.076788699685562, 44.681086171025903 ], [ 7.076874567853977, 44.68105055247689 ], [ 7.077021032341595, 44.681031629841897 ], [ 7.077111091350581, 44.681036423228377 ], [ 7.077171416974203, 44.68120638250457 ], [ 7.077102344544434, 44.681229663254335 ], [ 7.077074008705512, 44.681292008755214 ], [ 7.077073774881697, 44.681567871296281 ], [ 7.077099625893894, 44.68162821940291 ], [ 7.076978203927704, 44.681766115150175 ], [ 7.076942868665365, 44.681853960028413 ], [ 7.076862497153406, 44.681895686772805 ], [ 7.076854170330425, 44.681972620176481 ], [ 7.076800471811227, 44.682103511104444 ], [ 7.07678376420614, 44.682396207155371 ], [ 7.076819934938839, 44.682476908718705 ], [ 7.076846950573041, 44.682658012393745 ], [ 7.07638552102172, 44.682620033124408 ], [ 7.076345254776455, 44.682674704710223 ], [ 7.076294864862899, 44.682711719906322 ], [ 7.076263485718111, 44.682766966158887 ], [ 7.07624657756427, 44.682812663410203 ], [ 7.076282749196347, 44.68289336407377 ], [ 7.076281484749509, 44.682945697422277 ], [ 7.076395900996809, 44.683286749120747 ], [ 7.076414402749301, 44.683437516864288 ], [ 7.076333656220048, 44.683509005772592 ], [ 7.076249203584752, 44.683721263761981 ], [ 7.076176818052513, 44.683838420243532 ], [ 7.076176310406789, 44.683839015582265 ], [ 7.075669927328883, 44.684834787202426 ], [ 7.075565568397958, 44.685129244326951 ], [ 7.0755698925833, 44.685141796893433 ], [ 7.075539704315806, 44.685202221414741 ], [ 7.075492366984928, 44.685335786069068 ], [ 7.075501749153197, 44.685404836001346 ], [ 7.075456773158341, 44.685603918023318 ], [ 7.075467106368579, 44.685711715260453 ], [ 7.075455911607706, 44.685749088386764 ], [ 7.075350601031695, 44.685849759039179 ], [ 7.075326041895434, 44.685959757356429 ], [ 7.075359747101497, 44.686131254391114 ], [ 7.07528474724004, 44.686264733567818 ], [ 7.075247581361622, 44.686311172467526 ], [ 7.075048912253938, 44.687200966215677 ], [ 7.074850650862685, 44.688232920356967 ], [ 7.074859714783662, 44.688443576255267 ], [ 7.074914855183128, 44.688573537876245 ], [ 7.074870536592698, 44.688677038152555 ], [ 7.074881631528683, 44.688760467359394 ], [ 7.074949419726694, 44.688858935029543 ], [ 7.075025774866336, 44.688901195971134 ], [ 7.075047959342616, 44.688928324919978 ], [ 7.075052171766973, 44.688951608367859 ], [ 7.075109054785802, 44.689021631381067 ], [ 7.075120978896738, 44.689081590980301 ], [ 7.075247856150334, 44.689140921054324 ], [ 7.075452485190804, 44.689436278199537 ], [ 7.075647503176427, 44.689581442267738 ], [ 7.07560661819765, 44.689697436825185 ], [ 7.075578126775792, 44.68972282738455 ], [ 7.075612329791862, 44.689985701916676 ], [ 7.075660451615373, 44.690109235490866 ], [ 7.075641341021714, 44.690211805868302 ], [ 7.075612561816916, 44.690303015110061 ], [ 7.07553238905513, 44.690382595218651 ], [ 7.075541378678398, 44.690454381802475 ], [ 7.075523775348588, 44.690473059821969 ], [ 7.075401972070038, 44.690483858881187 ], [ 7.07538971161267, 44.69052397583895 ], [ 7.075348356288313, 44.690546234059681 ], [ 7.075334859262962, 44.690569268395151 ], [ 7.075328179998161, 44.690651549167967 ], [ 7.075306990172117, 44.690673064548562 ], [ 7.075192595508601, 44.690698915560546 ], [ 7.075163778532203, 44.690719809509872 ], [ 7.075156666693476, 44.690778667439801 ], [ 7.07508512562474, 44.690802939242516 ], [ 7.075070345266838, 44.690843148830538 ], [ 7.075098175687104, 44.69091334091609 ], [ 7.075085980880018, 44.69095435719592 ], [ 7.07501880691903, 44.690986580804257 ], [ 7.075000789001916, 44.691016994077209 ], [ 7.074991197732269, 44.691093973346426 ], [ 7.075005577891696, 44.691152940993732 ], [ 7.07499447126444, 44.691174084055106 ], [ 7.074919254666533, 44.691217422384462 ], [ 7.074905639830182, 44.691326101856305 ], [ 7.074866208155672, 44.691444748514705 ], [ 7.074836302100296, 44.691485514783118 ], [ 7.074759611513599, 44.69149104471429 ], [ 7.074756037607782, 44.691581324956637 ], [ 7.074734776735251, 44.691654226699605 ], [ 7.074692875522455, 44.691686421529504 ], [ 7.074549360811052, 44.691903557441663 ], [ 7.074548900358042, 44.691949550569717 ], [ 7.074473931073741, 44.692101057556272 ], [ 7.074452948091801, 44.69221271198564 ], [ 7.074488536063668, 44.692285322348354 ], [ 7.074458889013341, 44.692329685005554 ], [ 7.074399275652704, 44.692361629823949 ], [ 7.07428983715284, 44.692351238157748 ], [ 7.074271879116792, 44.692367477421065 ], [ 7.073820469753191, 44.693040872071542 ], [ 7.073300698108448, 44.693668077293189 ], [ 7.073299682680807, 44.69370477899124 ], [ 7.07327542616664, 44.693736322711935 ], [ 7.073197158169042, 44.693824846578245 ], [ 7.073166418798289, 44.693830108646168 ], [ 7.073018505434519, 44.694008590593903 ], [ 7.073063578581746, 44.694223480623208 ], [ 7.073098618552946, 44.694279221847665 ], [ 7.073129434722273, 44.694443058539449 ], [ 7.073192005952944, 44.69457417429777 ], [ 7.07320601109508, 44.694662905007988 ], [ 7.073283423837621, 44.694806996185086 ], [ 7.073435549557657, 44.694988000934622 ], [ 7.073443105661469, 44.695040008728633 ], [ 7.0734033969958, 44.69506761431807 ], [ 7.073282668273945, 44.695077121316103 ], [ 7.073387889929994, 44.695428213628951 ], [ 7.073317725670636, 44.695758794561144 ], [ 7.073324692826877, 44.695796208167664 ], [ 7.0733000136313, 44.695891772826265 ], [ 7.073287225262104, 44.695902496827067 ], [ 7.073283172404675, 44.695921591751727 ], [ 7.073214869227084, 44.695977489384894 ], [ 7.073199044946533, 44.696033418746744 ], [ 7.07314853452385, 44.696051505911768 ], [ 7.073122300788774, 44.696053244865979 ], [ 7.072815944902795, 44.696303956167789 ], [ 7.072582598537024, 44.696494916899468 ], [ 7.072183615184024, 44.69677490930701 ], [ 7.072175387130888, 44.696855404492915 ], [ 7.072078018166878, 44.696849012860916 ], [ 7.071524056814903, 44.697237754894623 ], [ 7.071495083277962, 44.697305047529753 ], [ 7.071457052747284, 44.697548045245803 ], [ 7.071478425135743, 44.697633800998695 ], [ 7.071456532039853, 44.697680582832398 ], [ 7.071474478910536, 44.69784128808476 ], [ 7.071414143394565, 44.697863342159231 ], [ 7.071304417111761, 44.697953922775149 ], [ 7.071229546752742, 44.698072069410436 ], [ 7.071023675748595, 44.698126523360209 ], [ 7.07088138411521, 44.698256165129948 ], [ 7.070831368319397, 44.698665477170117 ], [ 7.070834326189603, 44.698776251163146 ], [ 7.070812168693143, 44.698959166072676 ], [ 7.070814182275188, 44.699126768225888 ], [ 7.070833773106715, 44.699205377965967 ], [ 7.070875143719392, 44.699270565324568 ], [ 7.070871034717031, 44.699405939372774 ], [ 7.070895893776894, 44.699557375312828 ], [ 7.070854317219427, 44.69968150693628 ], [ 7.070852762291692, 44.699747373282975 ], [ 7.070770975246782, 44.699874788331094 ], [ 7.070707812262247, 44.700015039402899 ], [ 7.070703240108974, 44.700056676214942 ], [ 7.070734486154157, 44.70010420628445 ], [ 7.070753076040039, 44.7001864582788 ], [ 7.070744088215524, 44.700254400260619 ], [ 7.070728520950926, 44.700283819782939 ], [ 7.070673418589993, 44.70030838476444 ], [ 7.070640462933512, 44.70034205088534 ], [ 7.070649043365165, 44.70037328703809 ], [ 7.070731274675099, 44.700444183292831 ], [ 7.070729705358135, 44.700474891543521 ], [ 7.070702921748876, 44.700506526995099 ], [ 7.070751897928234, 44.700589464272809 ], [ 7.070759972940893, 44.700648664844564 ], [ 7.070741859695602, 44.700695307283084 ], [ 7.070691945523434, 44.700756641945965 ], [ 7.070426715666816, 44.700881790702404 ], [ 7.07038447630906, 44.701049218387126 ], [ 7.070395642291475, 44.701081261231806 ], [ 7.070378074035475, 44.701117967061123 ], [ 7.07028436198014, 44.701185420711063 ], [ 7.070207462750753, 44.7011882508776 ], [ 7.07013789299581, 44.701170077377697 ], [ 7.070102570323889, 44.701188505385808 ], [ 7.070082064881921, 44.701237038199373 ], [ 7.070029483320442, 44.701261510550943 ], [ 7.069891773732848, 44.701244942340878 ], [ 7.069866055820255, 44.701273833960812 ], [ 7.069853959938794, 44.70133377737249 ], [ 7.069794039010128, 44.701431539074868 ], [ 7.069698284594573, 44.701488249423633 ], [ 7.069659168582252, 44.701559103410546 ], [ 7.069543010348085, 44.701595829924301 ], [ 7.069437615200183, 44.701711490833453 ], [ 7.069364252105069, 44.70174574241279 ], [ 7.06927417960606, 44.701863543708257 ], [ 7.069133907849904, 44.701829038520088 ], [ 7.06903391492966, 44.701879593009551 ], [ 7.069024168976623, 44.701919617337275 ], [ 7.068898923992657, 44.701953071218007 ], [ 7.068592672586157, 44.701998851906474 ], [ 7.068561715898774, 44.702026472504215 ], [ 7.068386226211001, 44.702262614934682 ], [ 7.068046357122085, 44.702719943155479 ], [ 7.067709106511934, 44.703371421314827 ], [ 7.067547015937916, 44.704088927668131 ], [ 7.067516640703791, 44.704223383809953 ], [ 7.067494806812975, 44.704350041891992 ], [ 7.067507038765246, 44.704380572546654 ], [ 7.067550075821646, 44.704573710949191 ], [ 7.067484443298766, 44.704714953073918 ], [ 7.067484940623769, 44.704914162799824 ], [ 7.067504294933582, 44.704972048562496 ], [ 7.067560470185909, 44.705032185328456 ], [ 7.067601025113544, 44.705243444171138 ], [ 7.067580724716987, 44.705329831248193 ], [ 7.067445697807137, 44.705420437045071 ], [ 7.067375136100087, 44.70544106119759 ], [ 7.067282089543113, 44.705500375083638 ], [ 7.067276099158931, 44.705557389403502 ], [ 7.067149014162021, 44.705792840908416 ], [ 7.067117340039451, 44.705896775557449 ], [ 7.067110971940186, 44.70598355204087 ], [ 7.066967416759282, 44.706183551371652 ], [ 7.06685675717575, 44.706249709760499 ], [ 7.066660354833561, 44.706577106078441 ], [ 7.066658237034232, 44.706785389376073 ], [ 7.066266981582188, 44.707161266421231 ], [ 7.06623751619473, 44.707208325246 ], [ 7.066230003258323, 44.70726178904242 ], [ 7.066059523532641, 44.707404656971015 ], [ 7.066033585345703, 44.707439140998183 ], [ 7.065999031456495, 44.707507600194525 ], [ 7.065709190605509, 44.708081834494081 ], [ 7.065665382777762, 44.708639236277406 ], [ 7.065820434291518, 44.709290036783692 ], [ 7.065980286839595, 44.709796888076937 ], [ 7.066049820765342, 44.710280560214073 ], [ 7.066201126027532, 44.710360352790545 ], [ 7.066288409728497, 44.710431067382636 ], [ 7.066330381987781, 44.710539504936875 ], [ 7.066322530007037, 44.710815648066422 ], [ 7.066337295975766, 44.710880012545374 ], [ 7.066374222446235, 44.710930418086278 ], [ 7.066420683194012, 44.71101009971963 ], [ 7.066380045524012, 44.711157082219657 ], [ 7.066408768074011, 44.711312015619697 ], [ 7.066548198964013, 44.71138949761972 ], [ 7.066456767594009, 44.711586156019777 ], [ 7.066457317074008, 44.711734973119803 ], [ 7.066335061434005, 44.711852842719836 ], [ 7.066366391124003, 44.711967106119872 ], [ 7.066308371354001, 44.712054165019893 ], [ 7.066235663873998, 44.712154361119914 ], [ 7.06614101981271, 44.712220863840784 ], [ 7.06614207937662, 44.712518372117074 ], [ 7.066115973129918, 44.712723916821716 ], [ 7.066073621804398, 44.713057361851007 ], [ 7.065963690224499, 44.713325564279629 ], [ 7.065892106534373, 44.713661951113288 ], [ 7.065453165405018, 44.713634691805787 ], [ 7.065449609633961, 44.71363669932024 ], [ 7.065348576330408, 44.713682495327816 ], [ 7.065689237172949, 44.714171414447833 ], [ 7.065789807361225, 44.71428137917249 ], [ 7.066039715011189, 44.714560197432178 ], [ 7.066525874698753, 44.715090571055363 ], [ 7.066728324227904, 44.715409089310391 ], [ 7.066769853258648, 44.715477309403099 ], [ 7.066819652488987, 44.715555167439256 ], [ 7.067153902045594, 44.715962239117857 ], [ 7.069261993186516, 44.717665849192628 ], [ 7.069792654449215, 44.717987163323592 ], [ 7.070386479042766, 44.718119065027125 ], [ 7.070953887990311, 44.718219082837955 ], [ 7.071023348447592, 44.718223021895476 ], [ 7.071101661657146, 44.718228844131701 ], [ 7.071193800308095, 44.718234899988104 ], [ 7.071963735049438, 44.718265923569227 ], [ 7.07212109847241, 44.718268582104415 ], [ 7.072446927247213, 44.718274086043301 ], [ 7.073263397745825, 44.718254712295575 ], [ 7.073671891336595, 44.718246693919902 ], [ 7.073702674899612, 44.718245112938121 ], [ 7.0739112588575, 44.71812553782884 ], [ 7.074500321108266, 44.717674074875013 ], [ 7.074963680361416, 44.717326495213477 ], [ 7.075527091270513, 44.716865338550846 ], [ 7.075686917806912, 44.716827331190231 ], [ 7.075738424798029, 44.716794716469195 ], [ 7.075812276973147, 44.716797520108862 ], [ 7.075885991222305, 44.716779990386208 ], [ 7.07981839093345, 44.716929861991737 ], [ 7.079991162696971, 44.716929365506907 ], [ 7.080653352587328, 44.716888287666052 ], [ 7.080963368554688, 44.716851842526928 ], [ 7.081084827785475, 44.716835221898549 ], [ 7.081377639698215, 44.716764582178612 ], [ 7.082293552304404, 44.716400348289049 ], [ 7.082499210585075, 44.716210852281165 ], [ 7.082746230599939, 44.716062671651954 ], [ 7.083202561853919, 44.715965246081261 ], [ 7.083979010783731, 44.715778848639886 ], [ 7.084864487958226, 44.715527347400595 ], [ 7.08606959931391, 44.715052129706045 ], [ 7.086156868374584, 44.715057155199936 ], [ 7.086226884184794, 44.715031061278701 ], [ 7.086719796133832, 44.715039326655791 ], [ 7.086986002469825, 44.715066301161649 ], [ 7.087467491446218, 44.715312928558809 ], [ 7.087991180452708, 44.715524271006302 ], [ 7.088746005037668, 44.715906006102756 ], [ 7.089175199040325, 44.716183258933583 ], [ 7.089554538986847, 44.716405674350092 ], [ 7.090244859934963, 44.716707485185303 ], [ 7.090329901544812, 44.716728006834551 ], [ 7.09055583010896, 44.716838067910849 ], [ 7.090814503307061, 44.716939899447851 ], [ 7.091160312666629, 44.717132537316594 ], [ 7.091289364439896, 44.717195403182174 ], [ 7.092286936448817, 44.717792288088198 ], [ 7.092428743777307, 44.717911576720354 ], [ 7.092623834218523, 44.718045955073009 ], [ 7.092980137358997, 44.718357982181843 ], [ 7.093210138755015, 44.718550878670534 ], [ 7.093375264684599, 44.718832718788782 ], [ 7.093563977491292, 44.71914196272855 ], [ 7.093890744963912, 44.71951201296109 ], [ 7.094389268009256, 44.719974958507315 ], [ 7.094806827408016, 44.720355912368852 ], [ 7.094826882884979, 44.720368761023622 ], [ 7.095167886887063, 44.720559615593068 ], [ 7.095673730185774, 44.720795749705523 ], [ 7.095797713695037, 44.720835427719948 ], [ 7.095861632336114, 44.72084860597495 ], [ 7.096260031996748, 44.720746730551092 ], [ 7.096795631049145, 44.720706147774251 ], [ 7.097378350827188, 44.720648343148731 ], [ 7.097920941803072, 44.720598869296317 ], [ 7.098496506202195, 44.720554443215264 ], [ 7.099111470654371, 44.720524173725323 ], [ 7.099615022906607, 44.720510051061815 ], [ 7.100175163237173, 44.720514872491478 ], [ 7.100734966808735, 44.720506182097374 ], [ 7.10118356259916, 44.720567657914486 ], [ 7.101570379510948, 44.720781144023171 ], [ 7.101812552913845, 44.720965217049937 ], [ 7.102529121594634, 44.721314715579226 ], [ 7.102875764839604, 44.721514026068824 ], [ 7.103012581362321, 44.72160182146343 ], [ 7.103214573986996, 44.721735711124111 ], [ 7.10364756059376, 44.721828426003022 ], [ 7.104071117114941, 44.721799451417638 ], [ 7.1042548986052, 44.721802503274631 ], [ 7.104468266406403, 44.721612496345138 ], [ 7.104648186724057, 44.721322908287348 ], [ 7.104652557662886, 44.721043909135986 ], [ 7.104633387197133, 44.720809530715535 ], [ 7.104609897140366, 44.720259999562138 ], [ 7.104573745876651, 44.719953320666157 ], [ 7.104505006095718, 44.719605590264827 ], [ 7.104527256995778, 44.719479927271806 ], [ 7.104597227644475, 44.71931904726511 ], [ 7.104848660002601, 44.718990135586466 ], [ 7.10502228013428, 44.71857891095366 ], [ 7.10485384208988, 44.718360059420455 ], [ 7.104784940818804, 44.718174368140559 ], [ 7.104825406326801, 44.717949981932577 ], [ 7.104807032930117, 44.717751625932387 ], [ 7.104686028712639, 44.7176145823938 ], [ 7.104557890397641, 44.717454914484435 ], [ 7.104321483663922, 44.717275444098711 ], [ 7.103902792850043, 44.717047934364601 ], [ 7.103412712347404, 44.716711209316088 ], [ 7.103383120916084, 44.716602689889072 ], [ 7.10348357463155, 44.716329787893756 ], [ 7.10357981027061, 44.715944286723257 ], [ 7.103521521839975, 44.71531315599649 ], [ 7.103648215834208, 44.715130712906934 ], [ 7.103695696968882, 44.714703891272421 ], [ 7.103716671586588, 44.714569204819234 ], [ 7.10378016930575, 44.714412718835881 ], [ 7.103801142338302, 44.71427803233459 ], [ 7.103551578404465, 44.713994815021152 ], [ 7.103440100427295, 44.713578856286311 ], [ 7.103304907237365, 44.713369556892175 ], [ 7.103273063072337, 44.713076452299731 ], [ 7.103343717871466, 44.7129425912401 ], [ 7.103482092133121, 44.712800852773235 ], [ 7.103681170421485, 44.712588103847018 ], [ 7.103986194402126, 44.712453633867824 ], [ 7.104311013890838, 44.712220466181556 ], [ 7.104533560190791, 44.712062119378295 ], [ 7.104651981468789, 44.711758006318703 ], [ 7.104674126357674, 44.711587329746727 ], [ 7.104992182890515, 44.711561101336507 ], [ 7.10516925364966, 44.711514527525722 ], [ 7.105457636029139, 44.710862143543245 ], [ 7.10554220095999, 44.710579973486311 ], [ 7.105834660649017, 44.710310255096317 ], [ 7.106063212740656, 44.709967457152032 ], [ 7.106186381403192, 44.709771449106661 ], [ 7.106358600400005, 44.709607762665691 ], [ 7.106470941796774, 44.709501598013937 ], [ 7.10662366333248, 44.709427611087918 ], [ 7.106736199590153, 44.709303444742702 ], [ 7.106731732004813, 44.709186340360382 ], [ 7.106754310936259, 44.709002167014923 ], [ 7.106934074493908, 44.708861110623644 ], [ 7.10701033578335, 44.708578801698508 ], [ 7.107394145575562, 44.708072032053536 ], [ 7.107586230865931, 44.707818649720956 ], [ 7.107661815696164, 44.707545331432492 ], [ 7.107742541118729, 44.707380126282352 ], [ 7.107904855353099, 44.707265786107882 ], [ 7.108111164943549, 44.707084657265128 ], [ 7.108437537077324, 44.706801990508623 ], [ 7.108690538626773, 44.70672516104635 ], [ 7.108844420999699, 44.706615181005233 ], [ 7.108899626578358, 44.70645855461084 ], [ 7.108972125032787, 44.706315718122809 ], [ 7.1090829913159, 44.70621852874131 ], [ 7.109225113590295, 44.706202877913697 ], [ 7.109369541352488, 44.706128749911556 ], [ 7.109486898978304, 44.705856122095611 ], [ 7.109613670491619, 44.705561144183662 ], [ 7.109738282004841, 44.705320144370461 ], [ 7.109903357550805, 44.705120324835704 ], [ 7.109970061720011, 44.704864862546039 ], [ 7.110039770635011, 44.704456410215585 ], [ 7.109980571134374, 44.70411784253389 ], [ 7.109934509963355, 44.704018054272751 ], [ 7.10996873565334, 44.703924096333004 ], [ 7.110094299701324, 44.703750629374198 ], [ 7.110134468622357, 44.703643266256051 ], [ 7.110134742375759, 44.70356224974072 ], [ 7.110117125194724, 44.703485438235077 ], [ 7.110089138952442, 44.703327434028189 ], [ 7.110076101437919, 44.703255199494123 ], [ 7.110077933913014, 44.702980658482524 ], [ 7.110087088396727, 44.702638721118198 ], [ 7.110109332136821, 44.702513056576748 ], [ 7.110168930080523, 44.702293485791962 ], [ 7.110135700667825, 44.702247924032591 ], [ 7.110144048714088, 44.702149036475639 ], [ 7.110168371821822, 44.7020684180372 ], [ 7.110364948603496, 44.701918632045242 ], [ 7.110377494292669, 44.701860324477664 ], [ 7.110419666487528, 44.701825013112433 ], [ 7.110477716691186, 44.701798966862114 ], [ 7.110541907139195, 44.701741514008667 ], [ 7.110603723409062, 44.701648012462186 ], [ 7.110757519281677, 44.701479513094917 ], [ 7.110890917321591, 44.701319678339352 ], [ 7.111034322604995, 44.70119151719674 ], [ 7.111126056597442, 44.701112013874251 ], [ 7.111250380926761, 44.700952028565489 ], [ 7.111325201783413, 44.700858741758914 ], [ 7.111361432753023, 44.700751313012667 ], [ 7.111470664477305, 44.700667597694469 ], [ 7.111487338877114, 44.70059135360323 ], [ 7.111542904167758, 44.70052025398595 ], [ 7.111541277762432, 44.700376189594074 ], [ 7.111540964224755, 44.700313168005202 ], [ 7.111630738406946, 44.700148109584873 ], [ 7.111705617182602, 44.700077329333439 ], [ 7.11173094973346, 44.699965219027249 ], [ 7.111684702129821, 44.699604360345589 ], [ 7.111745543813867, 44.699407315066331 ], [ 7.111725134277757, 44.699100897781655 ], [ 7.111733429841687, 44.699094362447916 ], [ 7.111733327690962, 44.699091722843221 ], [ 7.11145119155778, 44.698979920920166 ], [ 7.110943561616181, 44.69885166081631 ], [ 7.110730675522398, 44.69882089680663 ], [ 7.11000182007096, 44.698683523139231 ], [ 7.10841343584815, 44.698199562807019 ], [ 7.107548231061929, 44.697792949315748 ], [ 7.107168810513697, 44.6977158319227 ], [ 7.106652678044289, 44.697380377686471 ], [ 7.106265804526022, 44.697297685421816 ], [ 7.105865794216485, 44.697149394716618 ], [ 7.105625401384024, 44.696791268911049 ], [ 7.105228416110819, 44.696550405645588 ], [ 7.10508640602838, 44.695284051010795 ], [ 7.105227378426482, 44.694943149948237 ], [ 7.105671050329222, 44.69468899566251 ], [ 7.106285806414545, 44.694448665828766 ], [ 7.106389421931418, 44.694146753641235 ], [ 7.106763907574018, 44.693644331458415 ], [ 7.107053624054954, 44.693226024879088 ], [ 7.107272239097842, 44.692847049390792 ], [ 7.107625117772305, 44.692632341388922 ], [ 7.107771250776393, 44.692468219964773 ], [ 7.107743864251542, 44.692134678942118 ], [ 7.107999567872643, 44.691900354386881 ], [ 7.108120848151424, 44.691470251146171 ], [ 7.108294427456014, 44.690923983699612 ], [ 7.108811916014427, 44.690158354392402 ], [ 7.109261955974731, 44.689526641015846 ], [ 7.109853557787634, 44.688834253052107 ], [ 7.110243672068445, 44.688080011659636 ], [ 7.110748820474817, 44.687656258674593 ], [ 7.111171217041009, 44.687145611941048 ], [ 7.11183351645452, 44.686872992913592 ], [ 7.112481139897349, 44.686627134480446 ], [ 7.112786397057926, 44.686213570964007 ], [ 7.113089752558112, 44.685736958625242 ], [ 7.113503910244739, 44.685442223667657 ], [ 7.113803909023583, 44.68510509055934 ], [ 7.113854283388658, 44.68504740742339 ], [ 7.113876987076948, 44.685016274226818 ], [ 7.113898107923251, 44.684985114876348 ], [ 7.113932827262798, 44.684936175441052 ], [ 7.113976505603168, 44.684878381630213 ], [ 7.114021901336669, 44.68481611498963 ], [ 7.114068867170345, 44.684753874266747 ], [ 7.114117670762496, 44.684696165063599 ], [ 7.114167898445438, 44.684642980545014 ], [ 7.11420902105365, 44.68460314915783 ], [ 7.114266236278932, 44.684541077647239 ], [ 7.11428308530308, 44.684532353578817 ], [ 7.114304911317701, 44.684528212895067 ], [ 7.114319885537916, 44.684528460221038 ], [ 7.114339985272724, 44.684528792200943 ], [ 7.114353388038913, 44.68452901356752 ], [ 7.114369797812926, 44.684533785779998 ], [ 7.11439615529184, 44.684547724653058 ], [ 7.114438932662265, 44.68456643588965 ], [ 7.114717776805888, 44.684710577515013 ], [ 7.114886399823739, 44.684812387921205 ], [ 7.114981221548922, 44.684867967746811 ], [ 7.11501113341107, 44.684881965163285 ], [ 7.115043795982182, 44.684896007987156 ], [ 7.115086709669708, 44.684910220048053 ], [ 7.115161408725894, 44.684929458035384 ], [ 7.115305426291024, 44.684963343858264 ], [ 7.115381841613492, 44.684978108850864 ], [ 7.11567712142334, 44.685041498147704 ], [ 7.115840946506824, 44.685084712577137 ], [ 7.11606108886564, 44.685142359649724 ], [ 7.11621481175318, 44.685180905657937 ], [ 7.116348980500356, 44.685214627655604 ], [ 7.116506112060828, 44.685257730692854 ], [ 7.11655114349687, 44.685267475957595 ], [ 7.11658080070996, 44.685276967578467 ], [ 7.116614156603687, 44.68528201902501 ], [ 7.11669560020675, 44.685287863721847 ], [ 7.116778870564322, 44.685298239675596 ], [ 7.117000315488435, 44.685315395779206 ], [ 7.117158624155789, 44.685322507872627 ], [ 7.117260301087391, 44.685324184666989 ], [ 7.117333904746369, 44.685316396072594 ], [ 7.117440655362416, 44.68529565046066 ], [ 7.117555283472475, 44.685275034635943 ], [ 7.117695329088995, 44.685236833030821 ], [ 7.117843252084353, 44.685198761118954 ], [ 7.118858940762347, 44.684922924206376 ], [ 7.118877760504835, 44.68491423193101 ], [ 7.118908290528305, 44.684896730232097 ], [ 7.118929264282764, 44.684870068707731 ], [ 7.118954373395773, 44.684825470582823 ], [ 7.119000346351231, 44.684745206737517 ], [ 7.119025054289376, 44.684700601986556 ], [ 7.119057198684963, 44.684633613832517 ], [ 7.119079044772706, 44.684579959553481 ], [ 7.119085032712039, 44.684553051106725 ], [ 7.119103076447174, 44.684458823531301 ], [ 7.119140545312003, 44.684324405323537 ], [ 7.119183753551991, 44.684122563902456 ], [ 7.119189346217838, 44.684059639469773 ], [ 7.119198537565005, 44.683933757752982 ], [ 7.119214395441298, 44.683907011893112 ], [ 7.119244780477789, 44.683894008896125 ], [ 7.119300096806422, 44.683890418955414 ], [ 7.11934632078065, 44.683900182763402 ], [ 7.119434556962184, 44.683915139764082 ], [ 7.1195617749327, 44.683944242313558 ], [ 7.119725855508815, 44.683991956563176 ], [ 7.119877412927524, 44.684048466712625 ], [ 7.120106933376612, 44.684133267525574 ], [ 7.120205337405674, 44.684175398452901 ], [ 7.120309403584516, 44.684213121334849 ], [ 7.120409925935072, 44.684250785778502 ], [ 7.120519116636567, 44.684288592835408 ], [ 7.120558487318773, 44.684302744513403 ], [ 7.120604956050438, 44.684317013023453 ], [ 7.120645008753982, 44.684322173532323 ], [ 7.12071802750219, 44.684332377857139 ], [ 7.120797743249799, 44.684342692367586 ], [ 7.120866171733772, 44.684348319858842 ], [ 7.120976428004932, 44.684341132184329 ], [ 7.121096713779227, 44.68431610472954 ], [ 7.121275737287154, 44.684292043736214 ], [ 7.121409815311218, 44.684267242911972 ], [ 7.121543514866166, 44.684242435702878 ], [ 7.121666708919547, 44.684212954314255 ], [ 7.121742572758481, 44.68419619769189 ], [ 7.121837988522745, 44.684184263849211 ], [ 7.121931832798724, 44.684172304075751 ], [ 7.122007248968928, 44.684169043463143 ], [ 7.122092135461673, 44.684165938574537 ], [ 7.122175830116161, 44.684162814019615 ], [ 7.122256236481703, 44.684164136503711 ], [ 7.1223499365401, 44.684156675197606 ], [ 7.122488423884207, 44.684154451538916 ], [ 7.122613641219266, 44.684147508317174 ], [ 7.122722571125244, 44.684144798327267 ], [ 7.12286421143471, 44.68414262605674 ], [ 7.122979690440052, 44.684144524683695 ], [ 7.123054571511479, 44.684145755764682 ], [ 7.123114478389978, 44.684146740627298 ], [ 7.123194438768848, 44.684161558668514 ], [ 7.123320523732926, 44.684177134850792 ], [ 7.123431588403593, 44.68420596755854 ], [ 7.123528803225934, 44.684248076072898 ], [ 7.123655687477938, 44.684299674488422 ], [ 7.12380711577581, 44.684360678477724 ], [ 7.123831269889552, 44.684370077779796 ], [ 7.123859345091553, 44.684379541512449 ], [ 7.123889158456078, 44.684384532617884 ], [ 7.123932364544141, 44.684389743791705 ], [ 7.123979269958409, 44.684390514553485 ], [ 7.124016069556725, 44.684386618057161 ], [ 7.124066552347484, 44.68437394401564 ], [ 7.124139297391108, 44.684343631003991 ], [ 7.124212053710618, 44.684313318131025 ], [ 7.124283517592441, 44.684273981610829 ], [ 7.124378222777017, 44.684235026868919 ], [ 7.12444954124256, 44.68420018903862 ], [ 7.124511755790911, 44.68417870516064 ], [ 7.12453908614158, 44.68417465294003 ], [ 7.124571307580217, 44.684166179874786 ], [ 7.124602447843866, 44.684166691407292 ], [ 7.124645799037281, 44.684167403511218 ], [ 7.124706240892325, 44.684163895142191 ], [ 7.124756299142754, 44.684164717371878 ], [ 7.124797532641107, 44.684169895817938 ], [ 7.124847300542887, 44.684179715605644 ], [ 7.124905154731063, 44.684207672914305 ], [ 7.124965716379545, 44.684249178209441 ], [ 7.125069770692621, 44.684336409571955 ], [ 7.125136068074414, 44.68439601370406 ], [ 7.125196496282113, 44.684442017867518 ], [ 7.125250362638197, 44.684483413064058 ], [ 7.125297577782763, 44.684511195469305 ], [ 7.125360447284386, 44.68453023253322 ], [ 7.125456830905531, 44.684549819839063 ], [ 7.125527121896756, 44.684546472749027 ], [ 7.125620978713147, 44.684534510147415 ], [ 7.125744070713822, 44.68449602031469 ], [ 7.125855331179562, 44.68445733612765 ], [ 7.125962012117502, 44.684414075477129 ], [ 7.126075290350716, 44.684361920645891 ], [ 7.126206614727663, 44.684337068986189 ], [ 7.126263659040516, 44.684329002846503 ], [ 7.126315724133653, 44.684316353778172 ], [ 7.126368934309097, 44.684317227028316 ], [ 7.126677238075465, 44.684331288583763 ], [ 7.127117300138392, 44.684356513183829 ], [ 7.127205584485787, 44.684357961414186 ], [ 7.127288989285675, 44.684363830720336 ], [ 7.127317221414947, 44.684368794992949 ], [ 7.127337030010125, 44.684378122274268 ], [ 7.127356704977488, 44.684391948543698 ], [ 7.127472605179789, 44.684515381481603 ], [ 7.127576507475957, 44.684607109245782 ], [ 7.127631812308413, 44.684653028092534 ], [ 7.127669714629214, 44.684676155601593 ], [ 7.127732296474075, 44.684704189007178 ], [ 7.127855942832385, 44.684746727284399 ], [ 7.127986263724577, 44.684789374869474 ], [ 7.128024746019562, 44.68479450703758 ], [ 7.128066236427533, 44.684804189697573 ], [ 7.12811274122068, 44.684804952191328 ], [ 7.12819117746793, 44.684806238191072 ], [ 7.12824778724617, 44.684811667485029 ], [ 7.128299126540735, 44.684821511528803 ], [ 7.12836185376459, 44.684845045788883 ], [ 7.128603532912246, 44.68495703592653 ], [ 7.128866260188103, 44.685100878795403 ], [ 7.129167493194706, 44.68528586268544 ], [ 7.129506654900673, 44.685529982565185 ], [ 7.129594596634069, 44.685603442255783 ], [ 7.129620523910445, 44.685630874110622 ], [ 7.129639364331725, 44.685658189859652 ], [ 7.129710169671613, 44.685749373452502 ], [ 7.129753221278016, 44.68580859408025 ], [ 7.129787282686956, 44.685840660327337 ], [ 7.129831203244529, 44.685872888064907 ], [ 7.129860438740286, 44.685895872872877 ], [ 7.129880104734752, 44.685909698557282 ], [ 7.129899914273357, 44.685919025407181 ], [ 7.129923021715203, 44.685923905090831 ], [ 7.129959388839795, 44.685933503141776 ], [ 7.130026383450714, 44.685934600469707 ], [ 7.130129556244491, 44.685927287930966 ], [ 7.13039687943337, 44.685940668241393 ], [ 7.130491873635851, 44.685942223808418 ], [ 7.130636626968207, 44.685953596413192 ], [ 7.130721070273072, 44.685963981396341 ], [ 7.130805524961281, 44.68597436650338 ], [ 7.131026699428271, 44.686000493318609 ], [ 7.131276878131218, 44.686081108640501 ], [ 7.13136494332446, 44.686114058341772 ], [ 7.131406826250706, 44.686123746209908 ], [ 7.131460785994628, 44.686138132900588 ], [ 7.131519759741014, 44.686143599260305 ], [ 7.131606822227777, 44.686158527635378 ], [ 7.13176942505932, 44.686179193276516 ], [ 7.131882503436467, 44.686194547156404 ], [ 7.131987882845416, 44.686191770226053 ], [ 7.132163275823114, 44.686194639846747 ], [ 7.132245145128745, 44.686186976861215 ], [ 7.132339281270974, 44.686166010941257 ], [ 7.132511028413909, 44.686110305016001 ], [ 7.132745602465691, 44.686051125214362 ], [ 7.133012776990656, 44.685983475681013 ], [ 7.133330689700709, 44.6859076527412 ], [ 7.133581563167758, 44.685844236531373 ], [ 7.133853392079757, 44.68575415520273 ], [ 7.133993615730422, 44.685697931769063 ], [ 7.134114054996451, 44.685668391919684 ], [ 7.134184968538206, 44.685633541391887 ], [ 7.134313259109195, 44.685568120180349 ], [ 7.134420515113527, 44.685506856292406 ], [ 7.134506803986315, 44.685472256803671 ], [ 7.134601081375539, 44.685446790139359 ], [ 7.134718323204942, 44.685430700956367 ], [ 7.13486078964204, 44.685415023741832 ], [ 7.135026509365003, 44.685399726199336 ], [ 7.135226879585114, 44.685398497932795 ], [ 7.135329952777117, 44.685418186160405 ], [ 7.135415947081539, 44.685442096549899 ], [ 7.135478821079473, 44.685461128110262 ], [ 7.135531745126688, 44.685470994780026 ], [ 7.135593325051226, 44.685481002778261 ], [ 7.135661235139898, 44.685491114112892 ], [ 7.135737645422619, 44.685505865389786 ], [ 7.135787705143935, 44.685506682803521 ], [ 7.136137522044641, 44.685530399001991 ], [ 7.136465748390391, 44.685562764081368 ], [ 7.136632081706011, 44.68556547895377 ], [ 7.136699088759886, 44.685566572566337 ], [ 7.136752434568846, 44.685562942004708 ], [ 7.136911099092596, 44.685534023034684 ], [ 7.137011104805171, 44.685526652588877 ], [ 7.137068898030796, 44.685532096817056 ], [ 7.137114077629667, 44.685537335201033 ], [ 7.137185386665542, 44.685552002271585 ], [ 7.137312717756184, 44.685590089235724 ], [ 7.137591785467969, 44.68568016440917 ], [ 7.137672788299169, 44.685699490489597 ], [ 7.137739650097832, 44.685705082304423 ], [ 7.137819381223519, 44.685715385171825 ], [ 7.137884260384494, 44.685720944563592 ], [ 7.137961415138697, 44.685713200579578 ], [ 7.138021756641215, 44.685700681155055 ], [ 7.138106173834613, 44.685675050784624 ], [ 7.138165376226825, 44.685649009158688 ], [ 7.138239698683941, 44.685618712883866 ], [ 7.138332537324698, 44.685588718491417 ], [ 7.138414950314703, 44.685576558759557 ], [ 7.138589235490087, 44.685552393340181 ], [ 7.138773759264792, 44.685528394568401 ], [ 7.138828697885248, 44.685524789002436 ], [ 7.138907412425239, 44.685517069805762 ], [ 7.139089789400868, 44.685511040258966 ], [ 7.139163389571458, 44.685503237523285 ], [ 7.13926948794105, 44.685477959669626 ], [ 7.139345389954631, 44.685447688417035 ], [ 7.139451057729561, 44.685386393912381 ], [ 7.139552979214012, 44.685307033529021 ], [ 7.139631245998029, 44.68522728760589 ], [ 7.139749394190504, 44.685121184356262 ], [ 7.139964090876425, 44.684931131502054 ], [ 7.140152500098853, 44.684785661845268 ], [ 7.140220401241685, 44.684746257302869 ], [ 7.140284871355433, 44.684715799198401 ], [ 7.140440738644167, 44.684650820280886 ], [ 7.14053017584302, 44.684616267508893 ], [ 7.140668234387896, 44.6845780053293 ], [ 7.140880137274483, 44.684536444297279 ], [ 7.14112163981862, 44.684481861259478 ], [ 7.141232715930068, 44.684461163805118 ], [ 7.141477340282766, 44.684420134390393 ], [ 7.141677060270559, 44.68436487000308 ], [ 7.141848229437119, 44.684327145327792 ], [ 7.141977864010392, 44.684293245640916 ], [ 7.142186366082475, 44.684247125650245 ], [ 7.142349214237149, 44.684222768370603 ], [ 7.14243266121214, 44.684215123740692 ], [ 7.142487834230533, 44.68421602140905 ], [ 7.14255545656612, 44.684235126327977 ], [ 7.142682644717186, 44.684277706165375 ], [ 7.142859174296095, 44.684343594406386 ], [ 7.143035836702643, 44.684404983350348 ], [ 7.143121400325797, 44.684442384482701 ], [ 7.143231758434005, 44.684493692344923 ], [ 7.143450622893315, 44.684641289473092 ], [ 7.143524170374329, 44.684696499637191 ], [ 7.143603040716727, 44.684783304588784 ], [ 7.143670744269913, 44.684860925552371 ], [ 7.143731187947431, 44.684906920152841 ], [ 7.14381803682839, 44.684953344024102 ], [ 7.143930254173279, 44.684995679068003 ], [ 7.144054035834816, 44.685033700809093 ], [ 7.144183785531879, 44.685058315875771 ], [ 7.144306427034091, 44.685082815259321 ], [ 7.144462284724757, 44.685116856729252 ], [ 7.144690316568487, 44.685188080343146 ], [ 7.144804105264436, 44.685230440061666 ], [ 7.144918870984823, 44.685254810808466 ], [ 7.145060464626725, 44.685315626789759 ], [ 7.145158745818504, 44.685362235381419 ], [ 7.145285221661191, 44.685427306655136 ], [ 7.145391998440048, 44.685492057790903 ], [ 7.145441053286723, 44.685524362927389 ], [ 7.145539298816167, 44.68563398717378 ], [ 7.145653907461276, 44.685811394850305 ], [ 7.145731048294502, 44.685952184420913 ], [ 7.145833689127083, 44.686084385706458 ], [ 7.145939352623494, 44.686221137166577 ], [ 7.14606095549204, 44.686340142628602 ], [ 7.146203879784693, 44.686445990614892 ], [ 7.146388230459946, 44.686588520471325 ], [ 7.146564509744697, 44.686748923724842 ], [ 7.146685220175025, 44.686858911660117 ], [ 7.146811808222865, 44.686982498417649 ], [ 7.146920237817052, 44.687119293850614 ], [ 7.146966708866181, 44.687183064660225 ], [ 7.147000812192511, 44.687251135901377 ], [ 7.147034681949475, 44.687314702158872 ], [ 7.147058031090985, 44.687373596477151 ], [ 7.147077130045698, 44.687454927720424 ], [ 7.147082679686706, 44.68749102724319 ], [ 7.147063292686639, 44.687567232689013 ], [ 7.14704071297251, 44.687656889858182 ], [ 7.147031659035713, 44.687706255911237 ], [ 7.147039281588869, 44.68775139144126 ], [ 7.147044974706921, 44.687782992111217 ], [ 7.147056943699562, 44.687828198181677 ], [ 7.147078475214331, 44.687882561809879 ], [ 7.147141794492232, 44.687987116612604 ], [ 7.147157594789346, 44.688023382486605 ], [ 7.147169162820096, 44.688068582036443 ], [ 7.147176121450206, 44.688122709142817 ], [ 7.147187365419405, 44.688239922331597 ], [ 7.147210138146431, 44.688415837966566 ], [ 7.147252071604797, 44.688610069259646 ], [ 7.147274273725914, 44.688704954355543 ], [ 7.147289252886917, 44.688754710424725 ], [ 7.147317882360896, 44.68880918918375 ], [ 7.147377225958565, 44.688877669879275 ], [ 7.147429242609149, 44.688928026929467 ], [ 7.147482738197169, 44.688969405591429 ], [ 7.147508543407408, 44.689001332570555 ], [ 7.147544764525243, 44.689064936812514 ], [ 7.147626185661302, 44.689183288580153 ], [ 7.147725684274637, 44.689315437118303 ], [ 7.147798576427232, 44.68937963621913 ], [ 7.147930898555305, 44.689471806451721 ], [ 7.148034419299014, 44.689527499896663 ], [ 7.148091315543924, 44.689573434612861 ], [ 7.148162053104692, 44.689655603251254 ], [ 7.148206524391108, 44.689732844636026 ], [ 7.148240746157083, 44.689809919761785 ], [ 7.148334415527399, 44.68996447911033 ], [ 7.148369916721281, 44.690001064324868 ], [ 7.148399161731925, 44.690024044525273 ], [ 7.148432484278784, 44.690042589666589 ], [ 7.148450194779983, 44.690056380429532 ], [ 7.148470685311795, 44.690056712734588 ], [ 7.148493550954647, 44.690057083553654 ], [ 7.148506307770683, 44.690052789252803 ], [ 7.148525514678772, 44.690044098371331 ], [ 7.148539841862476, 44.690039829533241 ], [ 7.148574929919397, 44.690040398543751 ], [ 7.148635376865543, 44.690036877585008 ], [ 7.148673906269937, 44.690028500009696 ], [ 7.148741221997054, 44.690007085656013 ], [ 7.148851451379474, 44.689963861175002 ], [ 7.148947599888321, 44.689929410651885 ], [ 7.149023206198756, 44.689908130548169 ], [ 7.149134433512104, 44.689882926692576 ], [ 7.149218174552487, 44.689866279516181 ], [ 7.149285330358237, 44.689862866969001 ], [ 7.149336964585662, 44.689863703961677 ], [ 7.149373624182168, 44.689864298200874 ], [ 7.149420391388716, 44.68986955744397 ], [ 7.149453351969274, 44.689874592879988 ], [ 7.149474881024197, 44.689879443018064 ], [ 7.149554580075035, 44.689903240701156 ], [ 7.149638471136691, 44.689931607449353 ], [ 7.149792190276593, 44.689983611678905 ], [ 7.149889875632307, 44.690012201788981 ], [ 7.149979568144928, 44.690031659937986 ], [ 7.15004076712797, 44.690041653960968 ], [ 7.150085705056946, 44.690042382110207 ], [ 7.15014759167792, 44.690043384857681 ], [ 7.150201628569927, 44.690030756848465 ], [ 7.150260543766421, 44.690013706670534 ], [ 7.150360549731402, 44.689956811553323 ], [ 7.150450678374755, 44.689913259875716 ], [ 7.150619580573721, 44.689834974730751 ], [ 7.150673267289403, 44.689808837284545 ], [ 7.150702323606905, 44.689800305577371 ], [ 7.150751092134367, 44.689792093151318 ], [ 7.150791837861597, 44.689788251939227 ], [ 7.150838748349114, 44.689789011741432 ], [ 7.150891667804599, 44.689798871207394 ], [ 7.150961116443445, 44.68982250189039 ], [ 7.151013760941328, 44.68984135920708 ], [ 7.151062243108632, 44.689842144370921 ], [ 7.15116661849582, 44.689821328748707 ], [ 7.151279025394242, 44.68979614190345 ], [ 7.15136215774731, 44.689761478575306 ], [ 7.151460162417743, 44.68971805362726 ], [ 7.151511513231159, 44.689678374423742 ], [ 7.151561426656924, 44.689634170744682 ], [ 7.151609367276779, 44.689589935103946 ], [ 7.15166326312097, 44.689532292313068 ], [ 7.151722026937516, 44.689470227122868 ], [ 7.151776520592354, 44.689430598677475 ], [ 7.151826300575632, 44.689390893901013 ], [ 7.151868542290742, 44.689364570618018 ], [ 7.151908680750128, 44.689342714453915 ], [ 7.151954465470055, 44.689316448490388 ], [ 7.151993553748933, 44.689290074116492 ], [ 7.152070417852072, 44.689241805265588 ], [ 7.152124779315077, 44.689206675693335 ], [ 7.152184684656917, 44.689158132279623 ], [ 7.152251439450871, 44.689105198506809 ], [ 7.152323463223142, 44.689047848784881 ], [ 7.152356388867379, 44.689016873370576 ], [ 7.15238907788854, 44.688981392936405 ], [ 7.152422145266144, 44.688945918615524 ], [ 7.15246980062537, 44.688861167362916 ], [ 7.152512824478181, 44.688785343504527 ], [ 7.152548941328713, 44.688740916130037 ], [ 7.152584915069278, 44.688700987609138 ], [ 7.152643247898929, 44.688652418505093 ], [ 7.152697998207744, 44.688617294947917 ], [ 7.152774745811786, 44.688560021369412 ], [ 7.15283437396003, 44.68852047548674 ], [ 7.152902814058926, 44.688476570956283 ], [ 7.152972567574762, 44.688428186451461 ], [ 7.153043874704231, 44.688393330580922 ], [ 7.153162405085165, 44.688336732664744 ], [ 7.153277924963617, 44.688275584747792 ], [ 7.153396415657956, 44.688232489489671 ], [ 7.153580995565831, 44.688145451146873 ], [ 7.153687377631674, 44.688111162119931 ], [ 7.153763265839163, 44.688080881062852 ], [ 7.153845965421053, 44.68805971246038 ], [ 7.153951775400332, 44.688043418661941 ], [ 7.154033370428568, 44.688044737971595 ], [ 7.154082460021005, 44.688063536399298 ], [ 7.154160291062089, 44.688096303032296 ], [ 7.154214076651129, 44.688128680870477 ], [ 7.15426769297285, 44.688179060672773 ], [ 7.154295175859462, 44.688220015607449 ], [ 7.15431216129859, 44.688256299650455 ], [ 7.154315609991531, 44.688296866035721 ], [ 7.15429447030466, 44.688341536100317 ], [ 7.154243406579044, 44.688421731839576 ], [ 7.1541982047737, 44.68847951641937 ], [ 7.154170109177413, 44.688519572820546 ], [ 7.15415484707524, 44.688577841426685 ], [ 7.154153131890111, 44.688631827870886 ], [ 7.154165391809817, 44.68871754852573 ], [ 7.154183502513687, 44.688780857864387 ], [ 7.154217292217255, 44.688821914778195 ], [ 7.154250226251419, 44.688840451943179 ], [ 7.154296449120603, 44.688850201569025 ], [ 7.154358476275246, 44.688846703122898 ], [ 7.154417807756918, 44.688816153980433 ], [ 7.154490400694312, 44.688740807363168 ], [ 7.15456686093638, 44.688692530296819 ], [ 7.154655439259644, 44.688635446683875 ], [ 7.154720039250747, 44.688600481357604 ], [ 7.154741605960553, 44.688591827567656 ], [ 7.154785362295241, 44.688592534768084 ], [ 7.154874912781256, 44.688616487958463 ], [ 7.154954898220126, 44.688680797133159 ], [ 7.155004245694497, 44.688753613504048 ], [ 7.155053737415191, 44.688821931002714 ], [ 7.155070007921867, 44.688880709281882 ], [ 7.155087834071342, 44.689002529230258 ], [ 7.155089674278354, 44.689106086128156 ], [ 7.155088398736226, 44.689196089133269 ], [ 7.155080185812827, 44.689218462321186 ], [ 7.155071593222234, 44.689240829373162 ], [ 7.155060342329987, 44.689272155828796 ], [ 7.155039214183996, 44.689316826211083 ], [ 7.155015283567265, 44.689374954843245 ], [ 7.155005213225541, 44.689406300370514 ], [ 7.154991390538953, 44.689469093522412 ], [ 7.154982265303238, 44.689594979112272 ], [ 7.154973319253325, 44.689752375857694 ], [ 7.154970757615771, 44.689932381675028 ], [ 7.154959146990216, 44.690260780194912 ], [ 7.154962958432832, 44.690364368930425 ], [ 7.154971132691316, 44.690454524629423 ], [ 7.154978163953902, 44.690481645336931 ], [ 7.154988195650728, 44.690513315711662 ], [ 7.155037593689654, 44.690671655281186 ], [ 7.155073252625406, 44.690753252753993 ], [ 7.155137550629997, 44.69083981417581 ], [ 7.155211271518668, 44.690940031357492 ], [ 7.155263241947662, 44.691017391153352 ], [ 7.155414952373192, 44.691195388369543 ], [ 7.155504181837385, 44.691291354741217 ], [ 7.155536727092485, 44.691359398219817 ], [ 7.155796705887365, 44.691642671115432 ], [ 7.155884366229937, 44.69173861183716 ], [ 7.156039662279709, 44.691903162583571 ], [ 7.156200865043469, 44.692067808506209 ], [ 7.156334152941733, 44.692204996345382 ], [ 7.156443137125232, 44.692287777439823 ], [ 7.156512382596288, 44.692342909706269 ], [ 7.156543450756117, 44.692370418429086 ], [ 7.156586678760936, 44.692425130551769 ], [ 7.156914500141832, 44.692695992706355 ], [ 7.157025172190285, 44.692787802843604 ], [ 7.157060719022516, 44.692810882542119 ], [ 7.157081717337693, 44.69282022385422 ], [ 7.157112576103605, 44.692829724326984 ], [ 7.157138453752586, 44.692834643210794 ], [ 7.157179839366573, 44.692835311226787 ], [ 7.157208363818192, 44.692831270460339 ], [ 7.157242547127323, 44.69282281984556 ], [ 7.157294766408815, 44.692805657967156 ], [ 7.157371191505998, 44.692770882021406 ], [ 7.15742038852929, 44.692749170129488 ], [ 7.157452247459441, 44.692727178403459 ], [ 7.157479265394218, 44.692696106185551 ], [ 7.157516056184639, 44.692642685784939 ], [ 7.157586095535776, 44.692535787783918 ], [ 7.157623935465843, 44.692486885456162 ], [ 7.157698606304828, 44.692420572730022 ], [ 7.157797609647383, 44.692345650220602 ], [ 7.157857875312247, 44.692310613201649 ], [ 7.157989815424748, 44.692254226673406 ], [ 7.158106376328989, 44.692197591880955 ], [ 7.158276858371749, 44.692119320914067 ], [ 7.158379857139789, 44.692080471778439 ], [ 7.158437722771115, 44.692058899274265 ], [ 7.158485088592561, 44.692032656204098 ], [ 7.158519062157891, 44.692006197106735 ], [ 7.158536502833139, 44.691965967801416 ], [ 7.158543197831102, 44.691916562817291 ], [ 7.158543248240164, 44.691840043586922 ], [ 7.158555859127509, 44.691790734019065 ], [ 7.158579750513807, 44.691746107570019 ], [ 7.158608881531453, 44.691710567981715 ], [ 7.158673441556322, 44.691639590356218 ], [ 7.158834455568908, 44.691462139903244 ], [ 7.158980818726268, 44.691311460046094 ], [ 7.15901084730881, 44.691284937184953 ], [ 7.159032193802375, 44.691258274318855 ], [ 7.159042756733455, 44.691235938746487 ], [ 7.159063646722642, 44.691186762615665 ], [ 7.159095528510377, 44.691101754279337 ], [ 7.159133742360719, 44.691003344491982 ], [ 7.159157447692413, 44.690927206658237 ], [ 7.159183877668936, 44.690815103311209 ], [ 7.159191182380735, 44.690783712829877 ], [ 7.15918953260524, 44.690761180330654 ], [ 7.159181564646778, 44.69073854596013 ], [ 7.159158696304524, 44.690688664260954 ], [ 7.159134246249671, 44.690638757053392 ], [ 7.15907862312343, 44.69055233775682 ], [ 7.159058052969526, 44.690529500173078 ], [ 7.159032605117775, 44.690511085113606 ], [ 7.158974505902152, 44.690465136458585 ], [ 7.158939244837002, 44.690433059596131 ], [ 7.158810862227845, 44.690327462128877 ], [ 7.158616123350074, 44.690175782506984 ], [ 7.158486987819247, 44.690056668987033 ], [ 7.158384636049682, 44.689951490898864 ], [ 7.158332481621258, 44.689892134264262 ], [ 7.158255576436587, 44.689805371254884 ], [ 7.158211960214755, 44.689750653479372 ], [ 7.158177829656041, 44.689682585171184 ], [ 7.158160478415425, 44.689632792267631 ], [ 7.158143296609503, 44.689564997371896 ], [ 7.15812189672852, 44.689506136784949 ], [ 7.158097380423652, 44.689433722373934 ], [ 7.158080964070884, 44.689379443358156 ], [ 7.158075798449169, 44.689343350573836 ], [ 7.158061366387496, 44.689226087035294 ], [ 7.15803154205216, 44.689122078703939 ], [ 7.158002783852399, 44.68900908520191 ], [ 7.157967003348727, 44.688868971305133 ], [ 7.157930004236962, 44.688742341276139 ], [ 7.157876056932377, 44.688565924780853 ], [ 7.157839148800581, 44.688398785551342 ], [ 7.157823262861129, 44.688290500869861 ], [ 7.15781210057994, 44.688182292403084 ], [ 7.157802909807245, 44.688024602745969 ], [ 7.157796472444201, 44.687916470512448 ], [ 7.15779267786487, 44.687700352553584 ], [ 7.157791517192682, 44.687376248715353 ], [ 7.157800929152522, 44.687029809544732 ], [ 7.157820064008126, 44.686787054439037 ], [ 7.157833740277857, 44.686728759736575 ], [ 7.157854720094346, 44.686639074596911 ], [ 7.157869252096194, 44.686553786599518 ], [ 7.157878814804269, 44.686513430248333 ], [ 7.157881668787884, 44.68647296565166 ], [ 7.157879953287449, 44.686427926143629 ], [ 7.157865988222772, 44.686283662964044 ], [ 7.157848845796576, 44.686202365074983 ], [ 7.157819349209432, 44.686125369026193 ], [ 7.157739919486152, 44.685944040038564 ], [ 7.157662177555681, 44.685771740592969 ], [ 7.157592027298612, 44.685608565967186 ], [ 7.157524991260746, 44.685409432083006 ], [ 7.157486358417819, 44.685309782579125 ], [ 7.157412422682256, 44.684961112276724 ], [ 7.157365523692113, 44.68444869077998 ], [ 7.157327591717752, 44.683957185471485 ], [ 7.157186948630962, 44.682993637528661 ], [ 7.156790295962737, 44.681318615521334 ], [ 7.155843176342591, 44.679177007065469 ], [ 7.15707452920336, 44.680124133328192 ], [ 7.157540665437672, 44.680371649056042 ], [ 7.157741924020136, 44.680293081194861 ], [ 7.157828875143554, 44.679961767562723 ], [ 7.157806433121521, 44.679705049986715 ], [ 7.157126457361285, 44.677763228323933 ], [ 7.157069213103988, 44.677061720039482 ], [ 7.15768311484129, 44.677324953612576 ], [ 7.157970002732284, 44.677438670121283 ], [ 7.158648039654851, 44.677323210939726 ], [ 7.159039648479888, 44.677215930418988 ], [ 7.159766196657619, 44.677205825989404 ], [ 7.160544799520311, 44.67700019815944 ], [ 7.162724722183854, 44.676718945486122 ], [ 7.164337851408966, 44.676150298816459 ], [ 7.165054170518011, 44.675996628203187 ], [ 7.165379823062952, 44.675761389506881 ], [ 7.164646713882099, 44.675648075031262 ], [ 7.164008620464775, 44.675292343214572 ], [ 7.163696593401628, 44.675234627939503 ], [ 7.163357880479134, 44.675069736706092 ], [ 7.162926752682504, 44.674922252640073 ], [ 7.161856653508567, 44.67443595269993 ], [ 7.161313678379391, 44.67444357263318 ], [ 7.161131692047228, 44.67439700662964 ], [ 7.161413116227538, 44.673748122112968 ], [ 7.161763544983081, 44.67351266393932 ], [ 7.16197507215672, 44.67352999767877 ], [ 7.162369872877974, 44.673435154668766 ], [ 7.162949408232222, 44.673151796417862 ], [ 7.163651256028411, 44.672572651994493 ], [ 7.163812304700108, 44.672474681835723 ], [ 7.164026147283606, 44.672478120835208 ], [ 7.164309224964196, 44.67240633902987 ], [ 7.165015712050611, 44.672265028849999 ], [ 7.165953677950774, 44.672203766647428 ], [ 7.166183742925377, 44.672116816018423 ], [ 7.166411035140737, 44.67190577824686 ], [ 7.167202211624737, 44.671622689037946 ], [ 7.167604444899267, 44.671376290271397 ], [ 7.167620815827767, 44.671281135971164 ], [ 7.16743701395125, 44.671173227147776 ], [ 7.167200832821335, 44.671243449506775 ], [ 7.167332199361049, 44.67110475277785 ], [ 7.167206450387115, 44.670639961479949 ], [ 7.166770276343182, 44.67016401490536 ], [ 7.166679146739994, 44.670054064100214 ], [ 7.166648646754662, 44.669949908493336 ], [ 7.166710937864165, 44.669816190009804 ], [ 7.166727764424209, 44.669690808905514 ], [ 7.166804787567263, 44.669605255649905 ], [ 7.166989561383798, 44.669531075663514 ], [ 7.16704212307201, 44.669431088308066 ], [ 7.166947038084017, 44.669261513024239 ], [ 7.166935474438598, 44.669103489699843 ], [ 7.166746464784966, 44.668883479850635 ], [ 7.166548272843264, 44.668550340760483 ], [ 7.166314271350767, 44.668447410787017 ], [ 7.165611327762338, 44.667705635925181 ], [ 7.164729824578593, 44.666948932311151 ], [ 7.164453800642895, 44.666703411478217 ], [ 7.164206505459797, 44.66638200750684 ], [ 7.164209098653393, 44.666214899284832 ], [ 7.164326518197414, 44.66599887027018 ], [ 7.164577049557595, 44.665902584881692 ], [ 7.16503371329917, 44.665883406165172 ], [ 7.165198719671588, 44.665685958732773 ], [ 7.165186463774378, 44.665555976110987 ], [ 7.165136405751549, 44.665412532909407 ], [ 7.165142546306401, 44.66526856154757 ], [ 7.165182349894236, 44.665213510632938 ], [ 7.165230409239518, 44.665203442111959 ], [ 7.165567244987328, 44.665011704579157 ], [ 7.165829875127284, 44.664843094571417 ], [ 7.165954987619932, 44.664715482324283 ], [ 7.165988649307699, 44.664608004619907 ], [ 7.16620759429175, 44.664384682751766 ], [ 7.16646543113724, 44.663924842997837 ], [ 7.166643285962321, 44.663527532286636 ], [ 7.166770817993991, 44.663210294441555 ], [ 7.166437083667321, 44.662754224358494 ], [ 7.16537941547693, 44.661845215734694 ], [ 7.163597052603374, 44.660582741719267 ], [ 7.163093005667316, 44.659899367168144 ], [ 7.162536572253056, 44.65976536402956 ], [ 7.161726724737063, 44.65951890218183 ], [ 7.160890109912141, 44.659380379441707 ], [ 7.159728986703658, 44.659161590844768 ], [ 7.158216320951844, 44.658978803032852 ], [ 7.15802418935842, 44.65877562458423 ], [ 7.157352883579273, 44.658581386462465 ], [ 7.15586543931698, 44.658340618196341 ], [ 7.154946300249665, 44.657858917453218 ], [ 7.154379818567334, 44.657674692400349 ], [ 7.15337977798663, 44.657166661295072 ], [ 7.152755202922426, 44.656973151909384 ], [ 7.152281571899023, 44.656440280579361 ], [ 7.152079648686604, 44.656178577231323 ], [ 7.152052833687151, 44.655919707925634 ], [ 7.152002671468794, 44.655660460700744 ], [ 7.1520806551885, 44.655411624257731 ], [ 7.152558981407794, 44.65506089045639 ], [ 7.153132839538377, 44.655011818482393 ], [ 7.154450898154534, 44.655066478780086 ], [ 7.154961893991156, 44.65515810403042 ], [ 7.155661255124603, 44.655202750300873 ], [ 7.15626670000222, 44.655262548924483 ], [ 7.156688007982008, 44.655236005318805 ], [ 7.157759283661592, 44.6549698510658 ], [ 7.158172345284119, 44.654834792802163 ], [ 7.158692577156149, 44.654634768499079 ], [ 7.159606541435494, 44.654541128813811 ], [ 7.159756904485409, 44.654218424146215 ], [ 7.160259576329965, 44.65383470387539 ], [ 7.161156237265438, 44.653549030537441 ], [ 7.162066748969482, 44.653610724959279 ], [ 7.162581175972893, 44.653546961893227 ], [ 7.16287291514409, 44.653184845084674 ], [ 7.162902577144418, 44.652985243331891 ], [ 7.163163072016155, 44.652872721813118 ], [ 7.163582519024967, 44.652904479177636 ], [ 7.163971666982695, 44.652850759927425 ], [ 7.164272554701942, 44.652873893027639 ], [ 7.164335390757141, 44.652733180673117 ], [ 7.164445182119923, 44.652584886573635 ], [ 7.164731647358804, 44.652389412716047 ], [ 7.16538102794649, 44.652166423888694 ], [ 7.165742780873278, 44.651805424682507 ], [ 7.165963551068507, 44.651100357861608 ], [ 7.166420514453108, 44.650682529442676 ], [ 7.167289954009096, 44.650146271627207 ], [ 7.168092356427272, 44.649884040362707 ], [ 7.16873068081416, 44.650010993479263 ], [ 7.169222150990493, 44.650292967694519 ], [ 7.169651650783786, 44.650434256703235 ], [ 7.170074491751929, 44.650357668418863 ], [ 7.170361189365714, 44.650153847438162 ], [ 7.17053168215232, 44.649931490476639 ], [ 7.170113038153406, 44.649874761629121 ], [ 7.1698962375959, 44.649712890649134 ], [ 7.170107308986181, 44.649553375922409 ], [ 7.169940953315693, 44.64940515203277 ], [ 7.169943578671246, 44.649186852603584 ], [ 7.169037956079198, 44.648040139772853 ], [ 7.169223664018169, 44.648076464343468 ], [ 7.169577240948048, 44.647973757273341 ], [ 7.169734222985066, 44.647809541256038 ], [ 7.169493824432295, 44.647655627798599 ], [ 7.169615912881493, 44.647115703921685 ], [ 7.169539975120125, 44.646931080500629 ], [ 7.169555703066959, 44.646431134527205 ], [ 7.169173149828087, 44.646341634282855 ], [ 7.168506930099189, 44.645989146925537 ], [ 7.167732659081965, 44.64535981264639 ], [ 7.167340156548438, 44.644844978061386 ], [ 7.167046020051705, 44.644173325202836 ], [ 7.16566604238427, 44.643867716453975 ], [ 7.165437342224235, 44.643713982316697 ], [ 7.165940263106854, 44.64368871582375 ], [ 7.166614983986097, 44.643399433570522 ], [ 7.168028270662783, 44.642646812050174 ], [ 7.167709347709458, 44.642391595016029 ], [ 7.166911527604773, 44.641770213542479 ], [ 7.166529796690454, 44.641655707661464 ], [ 7.166168520991715, 44.641633232118629 ], [ 7.165846838898481, 44.641836480833987 ], [ 7.165533673653073, 44.64213990517635 ], [ 7.164468392641904, 44.641114050003203 ], [ 7.163017491135795, 44.6400986541679 ], [ 7.162720893247186, 44.639877128879711 ], [ 7.162217911034006, 44.639535567878035 ], [ 7.160694432960409, 44.638602340475217 ], [ 7.159799768433891, 44.638462874219009 ], [ 7.159002687685744, 44.638191588176362 ], [ 7.157870871077991, 44.637798183113951 ], [ 7.156597152643438, 44.635618433070462 ], [ 7.156595979390421, 44.634918135551992 ], [ 7.156086197533368, 44.632950790428069 ], [ 7.154163733229336, 44.630985621994306 ], [ 7.153741195465414, 44.630320194159054 ], [ 7.153775588572472, 44.629603797863609 ], [ 7.153954535722848, 44.629114828628346 ], [ 7.153162769961817, 44.628869905130152 ], [ 7.151561715861195, 44.628594478044029 ], [ 7.149767910786735, 44.628102033823517 ], [ 7.147378607234402, 44.627778867744119 ], [ 7.147079545053017, 44.62772410949551 ], [ 7.146897127399304, 44.627704189127321 ], [ 7.146634669046642, 44.627649264012604 ], [ 7.145971927164505, 44.62756648408282 ], [ 7.14525362666535, 44.627496301423022 ], [ 7.144520082769822, 44.627434868958936 ], [ 7.144327328138353, 44.627413731303335 ], [ 7.144216473815121, 44.627393924590862 ], [ 7.144104652783175, 44.627342593486233 ], [ 7.143841270920841, 44.627225781204238 ], [ 7.143581872329484, 44.627095529406986 ], [ 7.143261483524718, 44.626901268020937 ], [ 7.142950412856224, 44.626662145047113 ], [ 7.142662962707251, 44.626423405478356 ], [ 7.142209585947365, 44.626100943293125 ], [ 7.141633255954587, 44.625767475595453 ], [ 7.141184711981517, 44.625503603904598 ], [ 7.140492333310033, 44.625091720138066 ], [ 7.139674577686633, 44.624596767232063 ], [ 7.139340581085428, 44.624397771816447 ], [ 7.139163960642688, 44.62429136507302 ], [ 7.139083072774064, 44.624258538096591 ], [ 7.139017502540939, 44.62423946441929 ], [ 7.138938153968685, 44.624220166109403 ], [ 7.138866487732561, 44.624218997881762 ], [ 7.138809647960687, 44.624222572533895 ], [ 7.138752520580191, 44.624235144921698 ], [ 7.138466020377514, 44.624324999712748 ], [ 7.138070096476802, 44.624449079136078 ], [ 7.137830883399699, 44.624526199810134 ], [ 7.137416401926814, 44.624712991441399 ], [ 7.136976575402966, 44.624903869212439 ], [ 7.136385552032406, 44.625141790874729 ], [ 7.136105286556649, 44.625294758647307 ], [ 7.13585793820785, 44.625416754613113 ], [ 7.13569391256761, 44.625495098400108 ], [ 7.13561755459665, 44.625529861321837 ], [ 7.135575383257624, 44.625542676342626 ], [ 7.135537195831954, 44.62554205273112 ], [ 7.135479218176582, 44.625532103464508 ], [ 7.135409706691563, 44.625512963352911 ], [ 7.13530953100311, 44.625479818705593 ], [ 7.134786640900646, 44.625336240671913 ], [ 7.134262797594532, 44.62521064956475 ], [ 7.133696254221276, 44.625102362960774 ], [ 7.133521364278747, 44.62507699784576 ], [ 7.133365341358313, 44.625065444606946 ], [ 7.133272283967705, 44.625068424354083 ], [ 7.133156299857758, 44.625098036498741 ], [ 7.133036356358245, 44.62514108745642 ], [ 7.132904980105086, 44.62518395132242 ], [ 7.132782019357339, 44.625222451443861 ], [ 7.132640659678804, 44.625269652954785 ], [ 7.132500613280008, 44.625312374546162 ], [ 7.132361267278704, 44.625346104971925 ], [ 7.132205269975152, 44.62537056036836 ], [ 7.132042839905543, 44.625399411529763 ], [ 7.131965764736834, 44.625407152921319 ], [ 7.131848943752473, 44.625414243915749 ], [ 7.131708770092162, 44.625411950199094 ], [ 7.131557322055976, 44.625404970576639 ], [ 7.131397370273396, 44.625393350349597 ], [ 7.131214724195604, 44.625376857207499 ], [ 7.130871444570945, 44.625308220620738 ], [ 7.130776993894125, 44.62529317062112 ], [ 7.130394678286622, 44.625151873883247 ], [ 7.130131014304025, 44.62505753143477 ], [ 7.129861672456046, 44.624931586793046 ], [ 7.129786053979934, 44.624894338318455 ], [ 7.129722946397647, 44.624884302093626 ], [ 7.129168246225443, 44.624812196816556 ], [ 7.128568371359615, 44.624748350820177 ], [ 7.12826592498658, 44.624720886732774 ], [ 7.127998570515417, 44.624680493557356 ], [ 7.127839301459426, 44.624659877084923 ], [ 7.127558691849133, 44.624614764295437 ], [ 7.127405821394041, 44.624603254608417 ], [ 7.12729897487659, 44.624606003317574 ], [ 7.127178181891749, 44.624611594623978 ], [ 7.12709792009946, 44.62464793437136 ], [ 7.126913951144856, 44.624700145334373 ], [ 7.126902035551463, 44.624712022408382 ], [ 7.126829488812561, 44.624787353007797 ], [ 7.126740404229357, 44.624862412215762 ], [ 7.126702380534757, 44.62476018924643 ], [ 7.125264963056059, 44.624936420674047 ], [ 7.120370346136166, 44.625713428765877 ], [ 7.117022949428446, 44.626835980031629 ], [ 7.115699148936513, 44.6278277795398 ], [ 7.113146684752192, 44.628135708782189 ], [ 7.112821034153153, 44.626908321323526 ], [ 7.113472270681858, 44.626305563825248 ], [ 7.11351317361295, 44.625043109478952 ], [ 7.113527821913391, 44.624187384016203 ], [ 7.111895115226173, 44.62248349744678 ], [ 7.1114302623441, 44.62174810036138 ], [ 7.1102657724039, 44.620440979235646 ], [ 7.109764252863395, 44.619112309942651 ], [ 7.106908120892756, 44.617479278573889 ], [ 7.106195910847762, 44.615757409943811 ], [ 7.107285462393775, 44.614246293758015 ], [ 7.108050928630683, 44.614087483807829 ], [ 7.10880804339621, 44.614185776325392 ], [ 7.109520530350308, 44.61442623927072 ], [ 7.110773342839678, 44.614046816637604 ], [ 7.111234207305701, 44.614025858951955 ], [ 7.112718076434039, 44.613307242517699 ], [ 7.112915171048027, 44.612781716957748 ], [ 7.112875440599962, 44.611537704427846 ], [ 7.113335044281161, 44.609701703263866 ], [ 7.114372284101926, 44.608561231183792 ], [ 7.115192435110884, 44.607945949704458 ], [ 7.115283976574395, 44.607701029431965 ], [ 7.115253146306555, 44.607503818625823 ], [ 7.115378733298542, 44.607134412039542 ], [ 7.115669750060561, 44.606796220492967 ], [ 7.116140580049157, 44.605846462519395 ], [ 7.116141638968596, 44.605572728656227 ], [ 7.116235797464391, 44.605376415373286 ], [ 7.116975117027305, 44.604383558928355 ], [ 7.117292326565582, 44.603816075745762 ], [ 7.117515907430223, 44.603657197892709 ], [ 7.117966105787245, 44.603460361915836 ], [ 7.118401193213301, 44.603121975648996 ], [ 7.118609087014638, 44.6024449190136 ], [ 7.118685911066882, 44.601909241559987 ], [ 7.118684657454704, 44.601372906070367 ], [ 7.119599979792332, 44.598845500790048 ], [ 7.120014742958944, 44.597999087492575 ], [ 7.119974532303814, 44.597600244936523 ], [ 7.119901440990044, 44.597398055020825 ], [ 7.119886946496726, 44.597189245618281 ], [ 7.119879712949924, 44.596919880656507 ], [ 7.119831189863111, 44.596778770372509 ], [ 7.119783645127588, 44.596607338614874 ], [ 7.119735733851169, 44.596447277382481 ], [ 7.119637588853323, 44.59619916831037 ], [ 7.119584129121675, 44.596046600014382 ], [ 7.119465133913461, 44.595786770784748 ], [ 7.119430936691399, 44.595695194814198 ], [ 7.11936266484483, 44.5955082526621 ], [ 7.119306347697504, 44.595279793232741 ], [ 7.119218225006342, 44.595269153769607 ], [ 7.119033272145995, 44.595266106833776 ], [ 7.118925491033615, 44.595250827358186 ], [ 7.118801759069271, 44.595217279975948 ], [ 7.118702968710757, 44.595179642199476 ], [ 7.118545560187186, 44.595091524663786 ], [ 7.118478061345883, 44.59507240733182 ], [ 7.118391927528453, 44.595057484092941 ], [ 7.118324881295799, 44.595060880360485 ], [ 7.118241269409812, 44.5950775072954 ], [ 7.118120221976791, 44.595107020865981 ], [ 7.118029824659533, 44.595114533309463 ], [ 7.117872062588767, 44.595098428955197 ], [ 7.117805986488054, 44.595083835925919 ], [ 7.117730412831826, 44.595046580047907 ], [ 7.117608988835916, 44.59499056319045 ], [ 7.117533707271722, 44.594944309505053 ], [ 7.117464238206037, 44.594925159087886 ], [ 7.117379383323157, 44.594919258664859 ], [ 7.117174898605218, 44.594911385399726 ], [ 7.116920188844953, 44.594898182148661 ], [ 7.116831930818218, 44.594887723942591 ], [ 7.116646719880195, 44.594844157665143 ], [ 7.116456536974985, 44.594796007815567 ], [ 7.116302895070113, 44.594761964278462 ], [ 7.116044377253194, 44.594708185026526 ], [ 7.115603045024312, 44.594597373027561 ], [ 7.115348514838138, 44.594530154274509 ], [ 7.115121723894955, 44.594481397895549 ], [ 7.114895931732397, 44.594450662542599 ], [ 7.114735035672599, 44.594434502104136 ], [ 7.114657303734106, 44.5944152135352 ], [ 7.114528750855021, 44.59437257941422 ], [ 7.114425990982697, 44.594348376116734 ], [ 7.114204319151276, 44.594299702457029 ], [ 7.114129735693118, 44.59428046553262 ], [ 7.114057569747768, 44.59424776475344 ], [ 7.113947843372593, 44.594182934728778 ], [ 7.113807667810051, 44.594086092832555 ], [ 7.113696763370806, 44.59402124310261 ], [ 7.113596301449131, 44.5939745707892 ], [ 7.113540509276562, 44.593946641464285 ], [ 7.113492933842781, 44.593932351621859 ], [ 7.11343144306885, 44.59392233306982 ], [ 7.113346590151034, 44.593916429679808 ], [ 7.113118212822578, 44.593917156815728 ], [ 7.113074918990942, 44.593916441300344 ], [ 7.113026226426812, 44.593924639034256 ], [ 7.112947196336838, 44.593945839064958 ], [ 7.112807030188664, 44.594006539729442 ], [ 7.112739354457384, 44.594041431037134 ], [ 7.112647357198646, 44.594098426483626 ], [ 7.112581260355154, 44.594133343797388 ], [ 7.112560319055724, 44.594160005084476 ], [ 7.112522387305588, 44.594249402934629 ], [ 7.112493436919443, 44.594316443020958 ], [ 7.112459211252443, 44.594351887160386 ], [ 7.112404393468638, 44.594391492087532 ], [ 7.112390416116622, 44.594409265984396 ], [ 7.112386696587115, 44.594427209474432 ], [ 7.112361843719419, 44.594525825994729 ], [ 7.112318432200541, 44.594687153112176 ], [ 7.112308747424161, 44.594718501709188 ], [ 7.111893603926674, 44.594626113347445 ], [ 7.111858719794934, 44.59462103519926 ], [ 7.111814012250266, 44.594615794579205 ], [ 7.111767180695693, 44.594615020059727 ], [ 7.111672200746344, 44.594617950429559 ], [ 7.111614112421271, 44.594612488419664 ], [ 7.111566283516446, 44.594593692336623 ], [ 7.111474050016491, 44.594560657998692 ], [ 7.111255406803063, 44.594467016245439 ], [ 7.111209314343196, 44.594443747492228 ], [ 7.111129164438935, 44.594401910286578 ], [ 7.111073373086726, 44.594373979771007 ], [ 7.110990682078339, 44.594350105411486 ], [ 7.110920779860234, 44.594344447582124 ], [ 7.110836169947111, 44.594343047592332 ], [ 7.110562684698826, 44.594338521965788 ], [ 7.110437794341935, 44.594340956311839 ], [ 7.110369325450551, 44.594339823112911 ], [ 7.110333007130525, 44.594330219514703 ], [ 7.110297150289073, 44.594307119803858 ], [ 7.110225849062992, 44.594247423435924 ], [ 7.110156567160071, 44.594174256708811 ], [ 7.110050176108065, 44.594055463187004 ], [ 7.109909302390535, 44.593931597465627 ], [ 7.109763045640139, 44.593767131225121 ], [ 7.109668031267628, 44.593662029434448 ], [ 7.109631312907855, 44.593616409013812 ], [ 7.109604439242348, 44.59357095158569 ], [ 7.109586231732683, 44.593561647618394 ], [ 7.109546389455209, 44.593551985420135 ], [ 7.109488301165393, 44.593546522328204 ], [ 7.109446732678093, 44.59354133275842 ], [ 7.109400593049291, 44.59353156623154 ], [ 7.109300670545562, 44.593480397819576 ], [ 7.109249462171646, 44.59345704355097 ], [ 7.109216548420446, 44.593451997225273 ], [ 7.109133129852303, 44.593450615702757 ], [ 7.108898059284621, 44.593451223540164 ], [ 7.108816598826121, 44.593449874219843 ], [ 7.10875137628147, 44.59345779631817 ], [ 7.108648291969422, 44.593492098650977 ], [ 7.108581755581624, 44.593540510109165 ], [ 7.108553131048233, 44.593549038390151 ], [ 7.108519936685255, 44.593552989708428 ], [ 7.10848677857298, 44.593543437877052 ], [ 7.108449342628693, 44.593520311421663 ], [ 7.108337789898142, 44.5934149345169 ], [ 7.108240324882418, 44.593336798411165 ], [ 7.108186249698482, 44.593304393669321 ], [ 7.108115656132378, 44.593271715183192 ], [ 7.108032969215407, 44.593247838745 ], [ 7.107956810203637, 44.593228571674572 ], [ 7.107894141332181, 44.593218530614308 ], [ 7.107827825712968, 44.593199426587482 ], [ 7.107782272045912, 44.593171664128676 ], [ 7.107758548071081, 44.593126258464878 ], [ 7.107751742947499, 44.593081133206809 ], [ 7.107744538409556, 44.592999991350453 ], [ 7.107736933458577, 44.592918842856236 ], [ 7.107720879347339, 44.592855559313136 ], [ 7.107692476235016, 44.592796572338898 ], [ 7.107655917340996, 44.592746452673026 ], [ 7.10757526471011, 44.592659592155051 ], [ 7.107508939642366, 44.592604477805104 ], [ 7.107400111495654, 44.592512648875285 ], [ 7.107342052157748, 44.592457671446908 ], [ 7.107271487831254, 44.592375479195674 ], [ 7.107173029984266, 44.592279320717068 ], [ 7.10710941546946, 44.59223775481307 ], [ 7.107063570719248, 44.592218989733205 ], [ 7.107003806826913, 44.592204495099189 ], [ 7.106933907643988, 44.592198834876925 ], [ 7.106809179294466, 44.592196766692325 ], [ 7.106735692563872, 44.592204550602915 ], [ 7.106661514416877, 44.592221325495572 ], [ 7.106617793718835, 44.592234104194617 ], [ 7.106544308178745, 44.59224188800156 ], [ 7.106484507693634, 44.592240896231893 ], [ 7.106377718980126, 44.59224362634901 ], [ 7.106294303536503, 44.592242242803273 ], [ 7.106208458275701, 44.592218312653877 ], [ 7.106037657550195, 44.59214345943527 ], [ 7.105949006327482, 44.59209697630385 ], [ 7.105850231122651, 44.592059327637827 ], [ 7.105726660061232, 44.592021267487219 ], [ 7.105645105047708, 44.592010911838656 ], [ 7.105553570847201, 44.59200489179478 ], [ 7.105428830420109, 44.592002821900842 ], [ 7.105380567067343, 44.591997519753193 ], [ 7.105347264159627, 44.591992465852726 ], [ 7.105264980663516, 44.591968594099825 ], [ 7.10516861036239, 44.591953490993333 ], [ 7.1050392040429, 44.591937839492552 ], [ 7.104879874451914, 44.591921691153523 ], [ 7.104811993652161, 44.591902559390618 ], [ 7.104749376497192, 44.591879013716635 ], [ 7.104668094633691, 44.591823649424782 ], [ 7.104586872733474, 44.591754782326198 ], [ 7.104457429470973, 44.591631099599525 ], [ 7.104361247768574, 44.591561983964873 ], [ 7.10429960543333, 44.591520449235972 ], [ 7.10423684260003, 44.591501402108882 ], [ 7.104137629365443, 44.591477248428838 ], [ 7.104049525437929, 44.591462281643182 ], [ 7.103745988790678, 44.591425731898994 ], [ 7.103549822847322, 44.59140446863649 ], [ 7.103387408595567, 44.591374763229965 ], [ 7.103291879345174, 44.591346168764474 ], [ 7.103191430601954, 44.59129948749478 ], [ 7.103100513372238, 44.591225957009009 ], [ 7.103048997950667, 44.591175587359984 ], [ 7.102904169953391, 44.59106515098874 ], [ 7.102714219689813, 44.590913453365367 ], [ 7.10257736526762, 44.590812151576664 ], [ 7.10246509620143, 44.590729263231289 ], [ 7.102332761501505, 44.59064604125966 ], [ 7.101790133193848, 44.590371447113235 ], [ 7.101583334997919, 44.590277983713449 ], [ 7.101361636818075, 44.5901707684082 ], [ 7.101201120724531, 44.590082575214836 ], [ 7.101051392638574, 44.590026069970307 ], [ 7.100992022911928, 44.59001157873994 ], [ 7.100880573286133, 44.590000722442049 ], [ 7.100604830220282, 44.589969127901476 ], [ 7.100466860179092, 44.589962331240457 ], [ 7.100272228773474, 44.589954591618877 ], [ 7.10004917089308, 44.589937376117227 ], [ 7.099991087246837, 44.589931908266145 ], [ 7.099910276239039, 44.589935064645466 ], [ 7.099859324058812, 44.589952221657917 ], [ 7.099832668141548, 44.589960780519533 ], [ 7.099802572351556, 44.589978284621616 ], [ 7.099772087468473, 44.589995782239761 ], [ 7.099748421405304, 44.590008892092868 ], [ 7.099701310665427, 44.590017110473163 ], [ 7.099662842672614, 44.59002547269003 ], [ 7.099614006293252, 44.59003816356045 ], [ 7.099525279622839, 44.590054691656469 ], [ 7.099426466503632, 44.590066550528263 ], [ 7.099262591491909, 44.590081827418999 ], [ 7.099166039691604, 44.590084721214112 ], [ 7.099039042403319, 44.590091609258479 ], [ 7.098810827558537, 44.590087809218318 ], [ 7.098202743548982, 44.590082182939007 ], [ 7.097875715422008, 44.590090238751664 ], [ 7.097750980904372, 44.590088160562857 ], [ 7.097577454276007, 44.590049259235904 ], [ 7.097170496069618, 44.590033474882674 ], [ 7.096919445911211, 44.590029290471421 ], [ 7.096870755831675, 44.590037481356987 ], [ 7.096815232831615, 44.590050059568426 ], [ 7.096679479501923, 44.590083806518734 ], [ 7.096527504553801, 44.590144290351653 ], [ 7.096409175731091, 44.59018732998009 ], [ 7.096315183938562, 44.590208269040708 ], [ 7.096201420169852, 44.590219875829867 ], [ 7.096059619442632, 44.590222012459719 ], [ 7.095973353389368, 44.590211571333768 ], [ 7.095864595888822, 44.590178248789357 ], [ 7.095621410033827, 44.590066162711487 ], [ 7.09544123794412, 44.589977633551435 ], [ 7.095331101079982, 44.589926282491923 ], [ 7.095222344494048, 44.589892959349477 ], [ 7.09513410980694, 44.589882484744841 ], [ 7.095014102731866, 44.589880482438225 ], [ 7.094926404189573, 44.589865515369837 ], [ 7.094701965065671, 44.589794251379111 ], [ 7.094424549471171, 44.589717601500659 ], [ 7.094194806591202, 44.589664252984313 ], [ 7.094125206095947, 44.589649587402022 ], [ 7.094024127367675, 44.589634396280609 ], [ 7.093864712731724, 44.589609228639112 ], [ 7.09378341677847, 44.589603370084184 ], [ 7.093575259958632, 44.589599894463021 ], [ 7.093344785482183, 44.58960504825609 ], [ 7.09311042479843, 44.589596632928668 ], [ 7.092917512050437, 44.589584408216545 ], [ 7.092800947910208, 44.589573458594145 ], [ 7.092655167997089, 44.589553018276533 ], [ 7.092550405781529, 44.589542265561704 ], [ 7.092321888196679, 44.589547449982263 ], [ 7.092224802107955, 44.589554830224955 ], [ 7.092158993116861, 44.589580738039906 ], [ 7.092091321998249, 44.589615617196586 ], [ 7.092039284672497, 44.589677765071855 ], [ 7.09192872421655, 44.589747937369204 ], [ 7.091782841167381, 44.589826521688487 ], [ 7.091677890478488, 44.589869780008272 ], [ 7.091551378305341, 44.589921680313573 ], [ 7.091389766159325, 44.589963991212798 ], [ 7.091334631210138, 44.589976573243625 ], [ 7.091278655215775, 44.590002644933044 ], [ 7.091220226506631, 44.590055683080621 ], [ 7.091169768076344, 44.590117856951338 ], [ 7.091138837435502, 44.590148848553831 ], [ 7.091096094765478, 44.590179642653865 ], [ 7.0910386968923, 44.590201189202546 ], [ 7.090975056146291, 44.590209127590839 ], [ 7.090890453211177, 44.590207712927636 ], [ 7.090735713657585, 44.590196122836197 ], [ 7.090566319097953, 44.590175284942298 ], [ 7.090296003593171, 44.590134753764119 ], [ 7.090214696021047, 44.590128892472066 ], [ 7.090161035251188, 44.590132496097446 ], [ 7.090088983365071, 44.590144794538396 ], [ 7.089974629116798, 44.590174390233877 ], [ 7.089927599948078, 44.59019160843873 ], [ 7.089893857359702, 44.590200046416612 ], [ 7.089842471944324, 44.590194685462471 ], [ 7.089789400728231, 44.590180293782694 ], [ 7.08972919068594, 44.590143276390805 ], [ 7.089549806624972, 44.590018741128546 ], [ 7.089364328350732, 44.589876098601252 ], [ 7.089151068430738, 44.589728489547845 ], [ 7.088968537807134, 44.589603900701348 ], [ 7.088725853934979, 44.589428790839847 ], [ 7.088642338097788, 44.589382380218652 ], [ 7.088565360825344, 44.589340580253598 ], [ 7.088446976642245, 44.589289084470295 ], [ 7.088374672896236, 44.589260866372094 ], [ 7.088287272195913, 44.589236896688774 ], [ 7.088164615235508, 44.589207835312315 ], [ 7.088085173147235, 44.58919300124267 ], [ 7.087916384091735, 44.589154164556192 ], [ 7.087852049248781, 44.589135082084702 ], [ 7.087767743142543, 44.589124667579433 ], [ 7.087669814954144, 44.589109523596321 ], [ 7.087537166001345, 44.589084795429848 ], [ 7.087432700895299, 44.589065040494155 ], [ 7.087381600584377, 44.589050680708965 ], [ 7.087324098261808, 44.5890272111508 ], [ 7.087306550285036, 44.589022415921953 ], [ 7.087247764290545, 44.588989922321467 ], [ 7.087122109301983, 44.588920298352832 ], [ 7.086984136099534, 44.58884146534556 ], [ 7.086894727377079, 44.588794954701704 ], [ 7.086877020549832, 44.588794657994235 ], [ 7.086812201074013, 44.588802574310868 ], [ 7.086746539538115, 44.588823980227502 ], [ 7.086713189550088, 44.588840220559426 ], [ 7.086713196650708, 44.588840284406658 ], [ 7.086700373954199, 44.588941807152672 ], [ 7.086439709423714, 44.589201694294346 ], [ 7.085689025067509, 44.589911324477875 ], [ 7.085150150193731, 44.590080945050474 ], [ 7.084582583020086, 44.590185043172163 ], [ 7.084436610656411, 44.59047922727396 ], [ 7.083849278025852, 44.590791829105633 ], [ 7.083239559036228, 44.591442233482425 ], [ 7.081822692046362, 44.591553970856573 ], [ 7.081159121545038, 44.591606295019837 ], [ 7.081116572340662, 44.591393067009072 ], [ 7.08117361102, 44.590977853824789 ], [ 7.081069693065035, 44.590598544396649 ], [ 7.080502206950884, 44.590293608673925 ], [ 7.080547811483953, 44.590037589094521 ], [ 7.08044440841406, 44.589873415865299 ], [ 7.079250147009158, 44.589845843427931 ], [ 7.079249798522131, 44.589845773980194 ], [ 7.079190362174599, 44.589867429051246 ], [ 7.079037247537111, 44.589914366658434 ], [ 7.078499777099664, 44.590035858394494 ], [ 7.078312091253239, 44.590068709437261 ], [ 7.078233043297046, 44.59008988512845 ], [ 7.078117844872809, 44.590096948486114 ], [ 7.077939153837518, 44.590107444088666 ], [ 7.077502648067609, 44.59010459588297 ], [ 7.077329666245741, 44.59009718167551 ], [ 7.07723715203708, 44.590073117417504 ], [ 7.076959042186735, 44.589910889676368 ], [ 7.076641096275465, 44.589702977680879 ], [ 7.076339342812885, 44.589553853852664 ], [ 7.076256810775787, 44.589525455740215 ], [ 7.076191887013946, 44.589524361766507 ], [ 7.076141466099656, 44.589537015887345 ], [ 7.076113675715884, 44.589568056330819 ], [ 7.076065699454182, 44.589661774082913 ], [ 7.076042283698797, 44.58971539446874 ], [ 7.076034251503694, 44.589755770346301 ], [ 7.076046295981079, 44.589796484550646 ], [ 7.076073735421105, 44.589823954437456 ], [ 7.076135608571621, 44.589870009554666 ], [ 7.076169035458162, 44.58990658280829 ], [ 7.076201686481503, 44.589979152963103 ], [ 7.076206738175871, 44.590028751814344 ], [ 7.07619310994947, 44.590096040894338 ], [ 7.076157585317207, 44.590158459755926 ], [ 7.076093580453191, 44.590224899928941 ], [ 7.075906394430032, 44.590397294116961 ], [ 7.075593965023873, 44.590666604448721 ], [ 7.075362391020319, 44.590919271986678 ], [ 7.075213810972918, 44.591078812076724 ], [ 7.074817486379961, 44.591468239499541 ], [ 7.07459079137107, 44.591680476486793 ], [ 7.074241928108893, 44.5920391935434 ], [ 7.073933316409874, 44.592299561152018 ], [ 7.073614570419336, 44.592568759410355 ], [ 7.073375434450277, 44.592740272810104 ], [ 7.073236365865927, 44.592814447108005 ], [ 7.073142844153643, 44.59284437748704 ], [ 7.072997534903357, 44.592904942429755 ], [ 7.072836280944624, 44.592983243026843 ], [ 7.072590008508685, 44.59313212807573 ], [ 7.072478571884546, 44.59321577041527 ], [ 7.072414467858152, 44.59327320432309 ], [ 7.072273072628901, 44.593369844384888 ], [ 7.072098307929187, 44.593416407086792 ], [ 7.071946734851218, 44.593463361174791 ], [ 7.071825772546362, 44.593537839513949 ], [ 7.071617522861861, 44.593691865842231 ], [ 7.071305697016664, 44.593893655789579 ], [ 7.071214107195241, 44.593937120952262 ], [ 7.071099885370082, 44.593962198693603 ], [ 7.070975967842691, 44.593982611255662 ], [ 7.070787657225511, 44.594033444313936 ], [ 7.070651890575841, 44.594103169993424 ], [ 7.070452863230479, 44.594275355006701 ], [ 7.070326502756164, 44.594417259182805 ], [ 7.070294963129775, 44.594466239791878 ], [ 7.070265369930492, 44.594551263248277 ], [ 7.070163032806133, 44.594824109376006 ], [ 7.069990759782136, 44.595199301785065 ], [ 7.06993705542273, 44.595310925013607 ], [ 7.069910827936137, 44.595341990336166 ], [ 7.069873037727135, 44.595377361419558 ], [ 7.069811287285479, 44.595434833631955 ], [ 7.069689262655936, 44.595540800426619 ], [ 7.069475127462173, 44.595717229499009 ], [ 7.069425695441697, 44.595747902332391 ], [ 7.069367986350348, 44.595778435176939 ], [ 7.069287061742482, 44.595808575397413 ], [ 7.069152559840931, 44.595851313196313 ], [ 7.068957408510951, 44.595906528766825 ], [ 7.06882295623622, 44.595937979682425 ], [ 7.068852546576274, 44.596173630433839 ], [ 7.06890263199162, 44.596403985202464 ], [ 7.069142548628808, 44.59686611018958 ], [ 7.069134679162179, 44.597103653525501 ], [ 7.068968786722273, 44.597364453154022 ], [ 7.068626160343565, 44.59766547572444 ], [ 7.068371912857616, 44.598037136148044 ], [ 7.068056210961496, 44.598438004425127 ], [ 7.068016425335246, 44.598908362705743 ], [ 7.067783024467432, 44.599198267366106 ], [ 7.06774718836967, 44.59948378315849 ], [ 7.067606950760868, 44.599765711600952 ], [ 7.066959039983498, 44.600152310982018 ], [ 7.066726200587042, 44.600424937261934 ], [ 7.066319341048132, 44.600655723288043 ], [ 7.065887461940236, 44.601093511042855 ], [ 7.064896058281255, 44.602351521062829 ], [ 7.066214092151149, 44.603462843529016 ], [ 7.066536326924939, 44.604142437082714 ], [ 7.065862100179571, 44.605137900553203 ], [ 7.065778106378198, 44.605663686742815 ], [ 7.064875070932618, 44.606262020579855 ], [ 7.063330429414628, 44.606689574180074 ], [ 7.062801719854113, 44.606762710459336 ], [ 7.062489795327507, 44.606865452389108 ], [ 7.061772691122894, 44.607510130407036 ], [ 7.060910390311495, 44.607919243204506 ], [ 7.060384044501781, 44.608156362279146 ], [ 7.06010205597503, 44.608449746482464 ], [ 7.060051687143454, 44.608872386556008 ], [ 7.059960571628965, 44.609065299698948 ], [ 7.059687211349026, 44.609281045428325 ], [ 7.058510356268314, 44.609676909239568 ], [ 7.0579011866659, 44.609868634838961 ], [ 7.057554253433754, 44.610113373048129 ], [ 7.05727684789374, 44.610450042678103 ], [ 7.057026647701949, 44.610696424359276 ], [ 7.056758167262585, 44.610765318617311 ], [ 7.056401171410366, 44.610758264902366 ], [ 7.055773651850606, 44.610718307851883 ], [ 7.055289526543837, 44.610723025950975 ], [ 7.055124550057604, 44.61077207256146 ], [ 7.054927035371369, 44.610889706219076 ], [ 7.05467826692199, 44.611092894388165 ], [ 7.054280334942733, 44.611596036271429 ], [ 7.053766780785828, 44.612300310328521 ], [ 7.053361487380972, 44.612842215850037 ], [ 7.053177192661752, 44.613106999224705 ], [ 7.052987844908087, 44.613522943768551 ], [ 7.052852895198048, 44.614121314356531 ], [ 7.052749762165312, 44.614672691711739 ], [ 7.052794940784596, 44.614950030429519 ], [ 7.052783552269457, 44.615109727966882 ], [ 7.052731569486314, 44.615216875357724 ], [ 7.052678158959319, 44.615273417155642 ], [ 7.052678529437832, 44.615273752379167 ], [ 7.052754242177617, 44.615342233442561 ], [ 7.052807753439276, 44.61537915595391 ], [ 7.052873172591575, 44.61542528398796 ], [ 7.052932920380918, 44.615475816491639 ], [ 7.053092828238373, 44.615582071793206 ], [ 7.05316468392456, 44.615623808192119 ], [ 7.053213478268434, 44.615660650076805 ], [ 7.053276777586339, 44.615711242959399 ], [ 7.053318672329904, 44.615765972066647 ], [ 7.053354746587611, 44.615829604372571 ], [ 7.0533894017262, 44.615888711240906 ], [ 7.053432326661595, 44.615947959099195 ], [ 7.053482477595809, 44.616002828912819 ], [ 7.053540357529988, 44.616062331705876 ], [ 7.053579015018292, 44.616108003064625 ], [ 7.053627498021891, 44.616153841919427 ], [ 7.053688978426025, 44.616199902331566 ], [ 7.053776203344122, 44.616241900352918 ], [ 7.053866566244122, 44.616283951798302 ], [ 7.05396367858963, 44.616312614533101 ], [ 7.054061341911559, 44.616336785347592 ], [ 7.054157575973544, 44.616356430489851 ], [ 7.054216508972737, 44.616384442284563 ], [ 7.05428026079955, 44.616421538631769 ], [ 7.054347400872301, 44.616463193914512 ], [ 7.05440431368367, 44.616504674869489 ], [ 7.054459646933737, 44.61654612887844 ], [ 7.054514980262493, 44.616587582861627 ], [ 7.054565194311103, 44.616628949584552 ], [ 7.054625346638062, 44.616679488087122 ], [ 7.054678109039906, 44.616738903096618 ], [ 7.054721274891615, 44.616802655796469 ], [ 7.054741427691019, 44.616848011457826 ], [ 7.054779534546111, 44.616898174251212 ], [ 7.054864180104656, 44.616958132402374 ], [ 7.054964782439222, 44.617000357428374 ], [ 7.055072146668329, 44.617029193874579 ], [ 7.055143187091833, 44.617048408989639 ], [ 7.055262346026786, 44.617077446179948 ], [ 7.05535474284977, 44.617106027403501 ], [ 7.055452257911808, 44.617134695728069 ], [ 7.055554491897374, 44.617163444339539 ], [ 7.055632071462501, 44.617187271749223 ], [ 7.055732585873314, 44.617220492143367 ], [ 7.055824682825859, 44.617258070335374 ], [ 7.05592076888351, 44.617282212696217 ], [ 7.056028283026162, 44.617306549566429 ], [ 7.056071282410747, 44.61731628417931 ], [ 7.056095875830303, 44.617334707840079 ], [ 7.056111649851405, 44.617357482559576 ], [ 7.056122317052081, 44.617380170325525 ], [ 7.056129472258871, 44.617425304433908 ], [ 7.056128650834595, 44.617497310095906 ], [ 7.056106773132758, 44.617550952329587 ], [ 7.056073858380177, 44.617640416455039 ], [ 7.056067226062369, 44.617685315805346 ], [ 7.056051983439348, 44.61784710046841 ], [ 7.056050561273331, 44.617937100806834 ], [ 7.056071232743843, 44.618013973650797 ], [ 7.056091844318316, 44.618104349152937 ], [ 7.056136366408476, 44.618316664903276 ], [ 7.056166725146814, 44.618398203891651 ], [ 7.056182918347879, 44.618479501689649 ], [ 7.056243305660849, 44.618723596095997 ], [ 7.056289398332185, 44.61893593850656 ], [ 7.056311358173828, 44.619080351633329 ], [ 7.056322643451762, 44.619143560938987 ], [ 7.056319190201805, 44.619247030364335 ], [ 7.056319268501521, 44.619292043964741 ], [ 7.05633491138181, 44.619377833587613 ], [ 7.056340159123689, 44.619409431515066 ], [ 7.056352645606544, 44.619436651451679 ], [ 7.056354015290408, 44.619454679676345 ], [ 7.05634850283018, 44.619549111587496 ], [ 7.056336631686053, 44.619656938922212 ], [ 7.056330911483913, 44.619674846443516 ], [ 7.056290327323052, 44.619746175126259 ], [ 7.056257031697188, 44.619799622978334 ], [ 7.056227624819932, 44.619830630896878 ], [ 7.056182221078717, 44.619892875030352 ], [ 7.056105752876531, 44.619977096356287 ], [ 7.056038241857199, 44.620052467694023 ], [ 7.055968861911293, 44.620136809619268 ], [ 7.05588579389532, 44.620229920865391 ], [ 7.055801656460883, 44.620296006482114 ], [ 7.055701371150269, 44.620361817035324 ], [ 7.055582499586325, 44.620418308502032 ], [ 7.05549626359551, 44.620452849569133 ], [ 7.055391171007259, 44.620509575518362 ], [ 7.055254860455824, 44.620592776958233 ], [ 7.055123809395771, 44.620671566605282 ], [ 7.054959771160455, 44.620794806368515 ], [ 7.054842935334763, 44.620896343997835 ], [ 7.054734367031396, 44.620998022373776 ], [ 7.054606779727131, 44.62112638391821 ], [ 7.054532127612816, 44.621215136342293 ], [ 7.054485451847144, 44.621268355659168 ], [ 7.054440786503122, 44.621308105540955 ], [ 7.054371914003232, 44.621365447773002 ], [ 7.054288463098095, 44.621422541509766 ], [ 7.054206743381598, 44.621475163465021 ], [ 7.054045234318837, 44.621557933975865 ], [ 7.053867425175732, 44.621644927626853 ], [ 7.053689077131812, 44.621736413037091 ], [ 7.053563150017339, 44.621815288227097 ], [ 7.053442042885147, 44.621903247907547 ], [ 7.0533262548857, 44.621973293255991 ], [ 7.053271660673645, 44.622003870927593 ], [ 7.053241132549505, 44.622021355271237 ], [ 7.053215575101052, 44.622043425591492 ], [ 7.053199626618539, 44.622061158535296 ], [ 7.05318760618746, 44.622078958459021 ], [ 7.053181884758593, 44.622096865794155 ], [ 7.053181433561749, 44.622110361774105 ], [ 7.053182401679535, 44.622128383181234 ], [ 7.053187081659646, 44.622141966659456 ], [ 7.053203156562052, 44.622155744445614 ], [ 7.053234288946713, 44.622178781437626 ], [ 7.053251805868719, 44.622197085030557 ], [ 7.053267980633626, 44.622219866959455 ], [ 7.053299992734329, 44.62225192138294 ], [ 7.053366235091587, 44.622320569248153 ], [ 7.053443157204208, 44.622411905287017 ], [ 7.053501959693734, 44.622502932343558 ], [ 7.053569021697202, 44.62259410018472 ], [ 7.053626456939582, 44.622667098967639 ], [ 7.053662396526629, 44.622735230038536 ], [ 7.053690756762887, 44.622794229437687 ], [ 7.053721793078167, 44.622902787915201 ], [ 7.053738936510967, 44.622943591184722 ], [ 7.053748173012177, 44.622961753539236 ], [ 7.053767811044659, 44.622975591986147 ], [ 7.053789006226088, 44.622989456974388 ], [ 7.053821796633152, 44.623057534307755 ], [ 7.053839552930136, 44.623080343112669 ], [ 7.053860295851331, 44.623107704049886 ], [ 7.053885921044083, 44.623130646983256 ], [ 7.053918634034377, 44.62315371072863 ], [ 7.053996749479318, 44.623209056933675 ], [ 7.054049089409123, 44.623245958855946 ], [ 7.054104278308245, 44.623291911760234 ], [ 7.054159166634313, 44.623346861962247 ], [ 7.054202547321509, 44.623392613561514 ], [ 7.054251564259542, 44.623469969768522 ], [ 7.054280127349179, 44.62351096757736 ], [ 7.054303982477673, 44.623551885143591 ], [ 7.054323975447782, 44.623601739331761 ], [ 7.054342699329383, 44.623642569440925 ], [ 7.054361424496161, 44.623683399568662 ], [ 7.054371940508206, 44.623710586123217 ], [ 7.054382396135155, 44.623751275318206 ], [ 7.054388260683976, 44.623823394836499 ], [ 7.054401657062283, 44.623976664729689 ], [ 7.054400741164462, 44.624192707839264 ], [ 7.05440984404879, 44.624273884984348 ], [ 7.054418429385777, 44.624323544746119 ], [ 7.054431583827649, 44.624377783593836 ], [ 7.054444899944643, 44.624427523971718 ], [ 7.054486316258576, 44.624531757879502 ], [ 7.054559774583351, 44.624726562236525 ], [ 7.054598430418337, 44.624866758841797 ], [ 7.054648961936159, 44.625052170013319 ], [ 7.054666485339001, 44.625128989385573 ], [ 7.054678370970354, 44.625174204133515 ], [ 7.054685288063866, 44.625214832997855 ], [ 7.054692342866165, 44.625250962985469 ], [ 7.054696337487443, 44.625332053054315 ], [ 7.054718905168821, 44.625611513368568 ], [ 7.054718447695702, 44.625719534906459 ], [ 7.054713945295578, 44.6257599691899 ], [ 7.054708441043676, 44.625818391290736 ], [ 7.054708519192018, 44.625863404843052 ], [ 7.054713704915231, 44.625908505422622 ], [ 7.054719202584995, 44.62594460887285 ], [ 7.054730260001993, 44.625967303388073 ], [ 7.054749135172989, 44.626003634771777 ], [ 7.054772741247916, 44.626040046759293 ], [ 7.054787249016464, 44.626053797613174 ], [ 7.054810264455403, 44.62607219464163 ], [ 7.054832602617144, 44.6260995825698 ], [ 7.054858617523293, 44.626122531914731 ], [ 7.054864466104463, 44.626136135226233 ], [ 7.054865835413195, 44.626154163443381 ], [ 7.054865311253288, 44.626217171618684 ], [ 7.054860257967473, 44.626262097740813 ], [ 7.05484621768206, 44.626293367079256 ], [ 7.054825087953983, 44.6263245156266 ], [ 7.054804107238897, 44.62635116548703 ], [ 7.054783278061866, 44.626373316703749 ], [ 7.054766288515061, 44.626386530894592 ], [ 7.054757417359464, 44.62640438463027 ], [ 7.054751695939917, 44.626422292032281 ], [ 7.054750944437862, 44.626444785336048 ], [ 7.05474868992642, 44.626512265246753 ], [ 7.054747854941104, 44.626584270565019 ], [ 7.054742971865525, 44.626777739887956 ], [ 7.054741184777292, 44.626890239972802 ], [ 7.054745318465177, 44.626966831167607 ], [ 7.054750665928544, 44.627007433272375 ], [ 7.05476103362781, 44.627039118471586 ], [ 7.054777048630054, 44.627066398669392 ], [ 7.054801117370105, 44.627089314864698 ], [ 7.054821863372903, 44.627116675663395 ], [ 7.054830950534437, 44.627139336595654 ], [ 7.05483644836712, 44.627175440036218 ], [ 7.054837883295114, 44.627238481579937 ], [ 7.054837799870292, 44.627287993590457 ], [ 7.054838711814213, 44.627414043316534 ], [ 7.054829696136462, 44.627931530099978 ], [ 7.054822040708651, 44.628314003407937 ], [ 7.05478859679638, 44.629114650757813 ], [ 7.05478730951627, 44.629200152000074 ], [ 7.054796396961649, 44.629222812932731 ], [ 7.054812737106286, 44.629241096216994 ], [ 7.054819252752829, 44.629281718207913 ], [ 7.054840588937277, 44.629327093928339 ], [ 7.054843867259134, 44.629358658321074 ], [ 7.054840243283034, 44.629408109992042 ], [ 7.054831832530306, 44.629565509374189 ], [ 7.05482551080457, 44.629601411420772 ], [ 7.054807244352291, 44.629700127023419 ], [ 7.054789051296006, 44.629749330459632 ], [ 7.05477618939836, 44.629780619849726 ], [ 7.054761747483981, 44.629811882317149 ], [ 7.054679341288426, 44.629932011128503 ], [ 7.054637316601272, 44.629998813340144 ], [ 7.054612033420857, 44.630047895932627 ], [ 7.054597690097287, 44.630088162496023 ], [ 7.054586926890475, 44.630150996158029 ], [ 7.054581444010865, 44.630173408824604 ], [ 7.054572423108024, 44.630195761202387 ], [ 7.054561731001144, 44.630209082663619 ], [ 7.054551140151048, 44.63023140828723 ], [ 7.054543548904603, 44.630258286243333 ], [ 7.05453662430267, 44.630312182872423 ], [ 7.054530768269319, 44.630393105022918 ], [ 7.054525274575721, 44.630451527252426 ], [ 7.054525491464751, 44.630492041917734 ], [ 7.054529859087935, 44.630514622438497 ], [ 7.054540917237407, 44.630537316968748 ], [ 7.054550155114625, 44.630555479261012 ], [ 7.054553254743031, 44.630569035736052 ], [ 7.054545813786246, 44.630591415033152 ], [ 7.054524821259977, 44.630618064622411 ], [ 7.054501819083939, 44.630658183617832 ], [ 7.054473535856118, 44.630702713832491 ], [ 7.054456404677359, 44.630720426772733 ], [ 7.054449102668612, 44.630738307212148 ], [ 7.054443543629639, 44.630751716134895 ], [ 7.054440837381417, 44.630832691951561 ], [ 7.054444584948141, 44.630967792370576 ], [ 7.054450082820536, 44.631003895808981 ], [ 7.054453020758395, 44.631021950748803 ], [ 7.054460689984219, 44.631040086315203 ], [ 7.054471659552745, 44.631053776904032 ], [ 7.054483985780195, 44.631085495484108 ], [ 7.054493323710257, 44.631112661921193 ], [ 7.054508811297572, 44.63114443437059 ], [ 7.054519719206883, 44.631171627558864 ], [ 7.054551146739175, 44.631221676501163 ], [ 7.054577542340459, 44.631280642126299 ], [ 7.054620783657893, 44.631389408193051 ], [ 7.054628301384842, 44.631412042383872 ], [ 7.054633198060682, 44.631466140439372 ], [ 7.054637706041531, 44.631484222126133 ], [ 7.054640104379327, 44.631506769083401 ], [ 7.054643053736386, 44.631524824211581 ], [ 7.054652303131977, 44.631542986689119 ], [ 7.054667112865996, 44.63154774025633 ], [ 7.054685311631549, 44.631557052786093 ], [ 7.054691399684876, 44.631575161393641 ], [ 7.054685689022275, 44.631593068960974 ], [ 7.054674785942206, 44.631624391707064 ], [ 7.054667044214523, 44.631655768319398 ], [ 7.054656052438873, 44.631678087116121 ], [ 7.054648461028986, 44.631704965070305 ], [ 7.054641158944905, 44.631722845517935 ], [ 7.054635386582906, 44.631754255684768 ], [ 7.054630482830228, 44.631794683087762 ], [ 7.054626280430827, 44.6318261200054 ], [ 7.05461883932463, 44.631848499300254 ], [ 7.054597856438243, 44.631875149061834 ], [ 7.054580714859207, 44.631892861840171 ], [ 7.054552893432389, 44.631923896281414 ], [ 7.054530180081271, 44.631955017760269 ], [ 7.054515748796288, 44.631986280366704 ], [ 7.054489183970817, 44.632026338640763 ], [ 7.054468601644766, 44.632052995203679 ], [ 7.054454459666566, 44.632075260296602 ], [ 7.05444910469314, 44.632129183653355 ], [ 7.054444312089206, 44.632178615375267 ], [ 7.054443259608775, 44.632210105962912 ], [ 7.054430686308308, 44.632232397784648 ], [ 7.054411673867979, 44.632259081089465 ], [ 7.054395060934992, 44.632308311370494 ], [ 7.054383616584908, 44.632344126078472 ], [ 7.054373542716528, 44.632397969010626 ], [ 7.054373758200569, 44.63243848363998 ], [ 7.054370234769519, 44.632496939420314 ], [ 7.054372482670188, 44.632523985033231 ], [ 7.054378269993927, 44.632551090964483 ], [ 7.054388587980516, 44.632596278975392 ], [ 7.054395955396153, 44.632623411833045 ], [ 7.054404994047508, 44.632659575605317 ], [ 7.054416780839461, 44.632695786209247 ], [ 7.054438896568139, 44.632741175265792 ], [ 7.054455965870798, 44.632772974669074 ], [ 7.054465443046913, 44.632795642257165 ], [ 7.054479963710909, 44.632809393356204 ], [ 7.054494021980093, 44.63283664022525 ], [ 7.054512070760429, 44.632850451442238 ], [ 7.054532527964161, 44.632886809782875 ], [ 7.054520117494988, 44.632904603169671 ], [ 7.054511094849356, 44.632926955503223 ], [ 7.054511913090963, 44.632949475532072 ], [ 7.054512140000562, 44.632989990352399 ], [ 7.05452447796439, 44.633021709118772 ], [ 7.054548776646612, 44.633049130482604 ], [ 7.054576514809777, 44.633067608016439 ], [ 7.054604025324983, 44.63308158044741 ], [ 7.054630356455183, 44.633095532775386 ], [ 7.054671346125104, 44.633118737303683 ], [ 7.054689395033671, 44.63313254849426 ], [ 7.054705334246186, 44.633150824951763 ], [ 7.054717961683416, 44.633173546194953 ], [ 7.054722191809333, 44.63320062557316 ], [ 7.054730678449897, 44.633241281127788 ], [ 7.054744663326269, 44.63331804009907 ], [ 7.054751130228523, 44.633372164888144 ], [ 7.054759855928778, 44.633417325729532 ], [ 7.054767301610468, 44.633489472060731 ], [ 7.054770089409969, 44.633512025644094 ], [ 7.054764669153583, 44.633520935724576 ], [ 7.054747677460404, 44.633534149860367 ], [ 7.054720756087077, 44.63353819236999 ], [ 7.054685553657241, 44.63354209377097 ], [ 7.0546234411787, 44.633550037840735 ], [ 7.05448515237857, 44.633597194734733 ], [ 7.054365512559393, 44.633640168061582 ], [ 7.054233523611622, 44.633687432011648 ], [ 7.054098773674236, 44.633734648749332 ], [ 7.053986563749138, 44.633791251964389 ], [ 7.053904975160981, 44.633839374612243 ], [ 7.053829926933179, 44.633892109909496 ], [ 7.053737045912193, 44.633971548451584 ], [ 7.053673667564015, 44.634028983802871 ], [ 7.053625300384684, 44.634073171388458 ], [ 7.053532217752458, 44.634170611188871 ], [ 7.053486799452084, 44.634232853855544 ], [ 7.05344827181141, 44.634277209125344 ], [ 7.053306219021167, 44.634436830808255 ], [ 7.05320771340813, 44.634543180300746 ], [ 7.053136329329572, 44.63462748612784 ], [ 7.053067077613026, 44.634707327057285 ], [ 7.053016838390307, 44.634760484886513 ], [ 7.052821093694953, 44.63498220730559 ], [ 7.052745289237524, 44.635057435058528 ], [ 7.052696481572224, 44.635115118375957 ], [ 7.052644209979032, 44.635181745018329 ], [ 7.052630215759298, 44.635199511178442 ], [ 7.052624894698436, 44.635217425277538 ], [ 7.052627593380298, 44.63523097495591 ], [ 7.052639103143893, 44.635240173711026 ], [ 7.052641801829948, 44.635253723389084 ], [ 7.052646083477598, 44.635325815867596 ], [ 7.052662026317546, 44.635497133985979 ], [ 7.052674657146065, 44.635672896820253 ], [ 7.052678863405678, 44.635794501372466 ], [ 7.05267765932797, 44.635830490554838 ], [ 7.052675187444647, 44.635857455682306 ], [ 7.052638833349657, 44.636131409698699 ], [ 7.052604226366789, 44.63651792385685 ], [ 7.052598216208514, 44.636603344413878 ], [ 7.052595292681966, 44.636643805475714 ], [ 7.052597528509384, 44.63667085089989 ], [ 7.052611596840826, 44.636698098156231 ], [ 7.052632506929734, 44.63672096089784 ], [ 7.052687105042982, 44.636784909177244 ], [ 7.052724183524424, 44.636830553752112 ], [ 7.052747941726519, 44.63686246747924 ], [ 7.052758710619087, 44.636894159654972 ], [ 7.052760946528186, 44.636921205076362 ], [ 7.052732137999402, 44.637334825408495 ], [ 7.052716427549987, 44.637510104786188 ], [ 7.052704294675582, 44.637613425758524 ], [ 7.052694818991056, 44.637649273845199 ], [ 7.052680686249337, 44.637671538855422 ], [ 7.052662111375005, 44.637684725667214 ], [ 7.05262504647188, 44.637697597087843 ], [ 7.052557195892796, 44.637723447003324 ], [ 7.052481463078312, 44.637749162419141 ], [ 7.052395210634741, 44.637783700754824 ], [ 7.052271871604558, 44.637831109960658 ], [ 7.052175605225383, 44.637869978501328 ], [ 7.052126265752277, 44.6378961439802 ], [ 7.052088889386645, 44.637918012339043 ], [ 7.052062493312827, 44.637953571674657 ], [ 7.052048963391047, 44.638016357811992 ], [ 7.052047457690304, 44.638061344255497 ], [ 7.052037293094329, 44.638164698730854 ], [ 7.052022771409957, 44.638245472794225 ], [ 7.051994795704024, 44.63833952093178 ], [ 7.051966731671826, 44.638424565127622 ], [ 7.051931990708068, 44.638568011154696 ], [ 7.051910014312052, 44.638671164060796 ], [ 7.05189038427848, 44.638810366701861 ], [ 7.05187849847423, 44.638918192993366 ], [ 7.051862182494514, 44.638958425494202 ], [ 7.051842012899534, 44.639007594659311 ], [ 7.051818843442661, 44.639052211417066 ], [ 7.051789296246303, 44.639087716910957 ], [ 7.05176184783297, 44.639118756999785 ], [ 7.051744011344403, 44.639145459897179 ], [ 7.051729727259196, 44.639172223414 ], [ 7.051709281566991, 44.639194380566686 ], [ 7.05167505336648, 44.639216302509446 ], [ 7.051607149493754, 44.6392556545809 ], [ 7.051535091897307, 44.639312940570882 ], [ 7.051495440976828, 44.639343772335422 ], [ 7.051476414690261, 44.639370454883455 ], [ 7.051468670071229, 44.639401831190249 ], [ 7.051467465094038, 44.639437820323913 ], [ 7.05147310101434, 44.63946942500143 ], [ 7.051485600525483, 44.639496645609135 ], [ 7.051525226417424, 44.639560338881566 ], [ 7.051541983408661, 44.639601135781753 ], [ 7.05157147878876, 44.639673658565947 ], [ 7.051594474306605, 44.639728065564256 ], [ 7.051614481361673, 44.639777920343782 ], [ 7.051626367211287, 44.639823135310671 ], [ 7.051633132945399, 44.6398682628963 ], [ 7.051633195758031, 44.639913276089423 ], [ 7.051621547608145, 44.639967091846643 ], [ 7.051610189321966, 44.640011910124997 ], [ 7.051584909051638, 44.640060992016444 ], [ 7.051553479664471, 44.640105467745059 ], [ 7.051525489347786, 44.640140999735209 ], [ 7.051504440732886, 44.64018115140528 ], [ 7.051486454420446, 44.640212352912606 ], [ 7.051480216142819, 44.640257258560744 ], [ 7.051482538161427, 44.640329317580665 ], [ 7.051493821505153, 44.640392527121378 ], [ 7.051509925066636, 44.640464821350932 ], [ 7.051544431417776, 44.640528427231736 ], [ 7.051559919710478, 44.64056020004741 ], [ 7.05157307462656, 44.640614439096296 ], [ 7.051591210491171, 44.640673264361581 ], [ 7.051599243989971, 44.640727416002512 ], [ 7.051593446348543, 44.640853350979697 ], [ 7.05157916203331, 44.64093863021462 ], [ 7.051573298778106, 44.640961036206292 ], [ 7.051557433837963, 44.64098777271402 ], [ 7.051524472212582, 44.641018718643799 ], [ 7.051465955189801, 44.641071734457498 ], [ 7.05141827226332, 44.641106930311246 ], [ 7.051380301065475, 44.64114679311831 ], [ 7.051347189874114, 44.641182237654405 ], [ 7.051312306588571, 44.641235656777816 ], [ 7.051259426360029, 44.641320277174607 ], [ 7.051215418134579, 44.641387044143919 ], [ 7.051184965413191, 44.641449541276735 ], [ 7.051162924026497, 44.641507680772627 ], [ 7.051140569934462, 44.641574817347582 ], [ 7.051123950059131, 44.641624046959791 ], [ 7.051100338300468, 44.641682159634954 ], [ 7.051078436056077, 44.64173580027677 ], [ 7.051060245835753, 44.641785003071263 ], [ 7.051053493688827, 44.64185690717693 ], [ 7.051039132521142, 44.641991698335538 ], [ 7.051020101699302, 44.642112906140532 ], [ 7.051001070789558, 44.642234113938549 ], [ 7.050965258778977, 44.642409049771935 ], [ 7.050943214054061, 44.642620230307394 ], [ 7.050933572008011, 44.642755102001473 ], [ 7.050905954538154, 44.642979691009259 ], [ 7.050885868240035, 44.643132389222274 ], [ 7.050827258029142, 44.64338795753563 ], [ 7.050797531962573, 44.643522486304242 ], [ 7.050764593036408, 44.643611948112429 ], [ 7.050703974703715, 44.643786460289057 ], [ 7.05066017781145, 44.643893741509345 ], [ 7.050596094937976, 44.644018681164347 ], [ 7.050510783716256, 44.644165764336108 ], [ 7.050456541732699, 44.644290871948272 ], [ 7.050412844546076, 44.644407157185235 ], [ 7.050390196982471, 44.644483290988113 ], [ 7.050355285937872, 44.644631234700555 ], [ 7.050330378393451, 44.644774848024745 ], [ 7.050324650316828, 44.644945796130152 ], [ 7.05031411316365, 44.645107659686623 ], [ 7.0503097416542, 44.645238120074481 ], [ 7.050296723014263, 44.645332423120507 ], [ 7.050273773405767, 44.645417554147222 ], [ 7.050245792299572, 44.645511601655755 ], [ 7.050228027245848, 44.645583317589271 ], [ 7.050200798481401, 44.645654871892873 ], [ 7.050184176531, 44.645704101300538 ], [ 7.050158981612992, 44.645762186704438 ], [ 7.050133686120752, 44.645811267968661 ], [ 7.050108943385719, 44.645855857459722 ], [ 7.050075324850613, 44.645918300181059 ], [ 7.050045158565577, 44.645971799440488 ], [ 7.050007396580182, 44.64605217620165 ], [ 7.049985049318106, 44.646119312617913 ], [ 7.049959250911614, 44.646195392496487 ], [ 7.04991358002982, 44.646311643794498 ], [ 7.049905369837808, 44.646356515630551 ], [ 7.0499028947961, 44.646383480599042 ], [ 7.049908604320908, 44.646460098651545 ], [ 7.049913938381857, 44.64650070063022 ], [ 7.049914764935624, 44.646523220785802 ], [ 7.049913558698529, 44.646559209841101 ], [ 7.049915201723559, 44.646604249979461 ], [ 7.049918050664653, 44.646671816752395 ], [ 7.049916693643019, 44.646712304438658 ], [ 7.04991495692623, 44.646811301333003 ], [ 7.049906456086179, 44.646923686308355 ], [ 7.04990494826199, 44.646968672624105 ], [ 7.049900050926117, 44.647009099835479 ], [ 7.049894413652793, 44.647036010786209 ], [ 7.049884847894865, 44.647062854632765 ], [ 7.049872670247467, 44.647085152656565 ], [ 7.04984950720663, 44.647129769065664 ], [ 7.049829634430965, 44.647169940466597 ], [ 7.049814744212662, 44.647214698182729 ], [ 7.049810375682204, 44.647250633214817 ], [ 7.049807900544188, 44.647277598175826 ], [ 7.049805789456655, 44.64734057901012 ], [ 7.049803376776715, 44.647412557105532 ], [ 7.049805773681731, 44.647435104083485 ], [ 7.049821414777752, 44.647462378504926 ], [ 7.049846230611083, 44.647521318091592 ], [ 7.049850598723382, 44.647543898739762 ], [ 7.049846455239202, 44.647561832788845 ], [ 7.049820280546727, 44.647601896537829 ], [ 7.049804562426555, 44.647624134074277 ], [ 7.049790716283034, 44.647637401172652 ], [ 7.049533527510719, 44.647844564245297 ], [ 7.049471310462834, 44.647902016968978 ], [ 7.049452280325192, 44.647928699076346 ], [ 7.049446554937262, 44.647946606082698 ], [ 7.049447693456872, 44.648018644836483 ], [ 7.049445342446931, 44.648135636032968 ], [ 7.049434064265001, 44.648225467466958 ], [ 7.049421257228463, 44.648301769159026 ], [ 7.049411174250558, 44.648355611360167 ], [ 7.049404845488869, 44.648391512878646 ], [ 7.049399661579391, 44.648404927926734 ], [ 7.049388826588242, 44.64842274762804 ], [ 7.049369957149341, 44.648444931259007 ], [ 7.049336991280294, 44.648475876445829 ], [ 7.049306006678471, 44.648506855475752 ], [ 7.049266588043562, 44.648542191592888 ], [ 7.049223478131668, 44.648581965828811 ], [ 7.049194226025999, 44.648608473225302 ], [ 7.049176135361914, 44.648630670130764 ], [ 7.049144147650837, 44.648679636798711 ], [ 7.049116614275586, 44.6487601880143 ], [ 7.049104572296558, 44.648813996708718 ], [ 7.049095917351106, 44.648930880160087 ], [ 7.049096576976573, 44.649052423984607 ], [ 7.049104847638488, 44.649111080988334 ], [ 7.049106651011843, 44.649210138326481 ], [ 7.049110168752368, 44.649399249066477 ], [ 7.049106849894164, 44.649498218870612 ], [ 7.049114278580871, 44.649570365097546 ], [ 7.04912075037269, 44.649683005818346 ], [ 7.0491215608625, 44.649800051001435 ], [ 7.049136355230265, 44.64995784598365 ], [ 7.049143581370746, 44.650047993562119 ], [ 7.049165533717828, 44.650133891571642 ], [ 7.04919832153145, 44.650201969906909 ], [ 7.049235628313544, 44.650288130267072 ], [ 7.049272707928264, 44.650369785527687 ], [ 7.049289022630646, 44.650482594407933 ], [ 7.049286005650126, 44.650572566949677 ], [ 7.049278168020727, 44.65065345471227 ], [ 7.049269569489985, 44.650909876442668 ], [ 7.049268362669471, 44.650945865456443 ], [ 7.049268964953401, 44.65098638658602 ], [ 7.049277008722319, 44.651040538478711 ], [ 7.049290314386156, 44.651090279074154 ], [ 7.04930520064756, 44.651140046674506 ], [ 7.049327621830037, 44.651176439403969 ], [ 7.049351082037402, 44.651217351085812 ], [ 7.049370113575308, 44.651249184686741 ], [ 7.049387725482124, 44.651276492824884 ], [ 7.049395232121065, 44.651299127101346 ], [ 7.049394477896848, 44.65132162023513 ], [ 7.049395607203913, 44.651335143142191 ], [ 7.049395154669006, 44.651348639022395 ], [ 7.049391762682354, 44.651402595515897 ], [ 7.049388144663886, 44.651452046943042 ], [ 7.049388444071325, 44.651501565301764 ], [ 7.049384524347148, 44.651560013980877 ], [ 7.049386707292432, 44.651600562112833 ], [ 7.049391739642442, 44.651650161336164 ], [ 7.049392264304467, 44.651681678726924 ], [ 7.04939521409597, 44.651699733941221 ], [ 7.04940115153866, 44.651722341405048 ], [ 7.049402268247462, 44.651735864095954 ], [ 7.04940166486115, 44.651753858601673 ], [ 7.049402341634766, 44.651780877387104 ], [ 7.04940098401269, 44.651821365024567 ], [ 7.049395107336985, 44.651843770636134 ], [ 7.049387812252711, 44.651861650809138 ], [ 7.049377505559799, 44.651874978322205 ], [ 7.04936365827532, 44.65188824533999 ], [ 7.049349809724048, 44.651901512334426 ], [ 7.049339212654496, 44.6519238372898 ], [ 7.049333186350862, 44.651950741544816 ], [ 7.04934046576528, 44.65196887073656 ], [ 7.049350495477196, 44.651987046919572 ], [ 7.049363864467831, 44.652023284970632 ], [ 7.049368534371586, 44.652036868370885 ], [ 7.049371622415981, 44.652050424743429 ], [ 7.049371118134629, 44.652077423348423 ], [ 7.049365392269438, 44.652095330330802 ], [ 7.049353604043823, 44.65211763493479 ], [ 7.049329497314951, 44.652166736281792 ], [ 7.049312872580671, 44.652215965463888 ], [ 7.049303542984009, 44.652247314478103 ], [ 7.049298358677055, 44.652260729506587 ], [ 7.049297151817531, 44.65229671851241 ], [ 7.04929939780449, 44.652323764108544 ], [ 7.049312402029711, 44.65238250194767 ], [ 7.049323008160838, 44.652418692793937 ], [ 7.049336928904558, 44.652450439069952 ], [ 7.049349267789808, 44.65248215831636 ], [ 7.049372869276863, 44.652518571196381 ], [ 7.049395203224965, 44.652545960008254 ], [ 7.049424628534618, 44.652573469974683 ], [ 7.049437721733351, 44.652582696082973 ], [ 7.049445693690669, 44.652591834692295 ], [ 7.049456665952001, 44.65260552576482 ], [ 7.049462905192035, 44.652619135972294 ], [ 7.04949487834447, 44.652664694262825 ], [ 7.049531423654696, 44.652714831860202 ], [ 7.049572949532961, 44.652769555737237 ], [ 7.049649528191743, 44.652883394064986 ], [ 7.04970141201655, 44.65296980326319 ], [ 7.049739626147911, 44.653028971705794 ], [ 7.049787845534851, 44.653083809844851 ], [ 7.049811911341353, 44.6531067269541 ], [ 7.049860281678038, 44.653157066437693 ], [ 7.04990467309906, 44.653184831922104 ], [ 7.049972880465069, 44.653231008993458 ], [ 7.050036606143782, 44.65328161067908 ], [ 7.050070062769577, 44.653318191736531 ], [ 7.050084373609748, 44.653349944579936 ], [ 7.050083016387973, 44.653390432222665 ], [ 7.050061408780002, 44.653435075196178 ], [ 7.05002906581994, 44.653506542019898 ], [ 7.050012040419542, 44.653555764450303 ], [ 7.0500053581359, 44.653614165946969 ], [ 7.049993304471902, 44.653667974494944 ], [ 7.049919317679784, 44.654076320150459 ], [ 7.049901184634704, 44.654170535660761 ], [ 7.049869463845701, 44.654399555126474 ], [ 7.049820550563231, 44.654718304928991 ], [ 7.049761743805499, 44.655072895301345 ], [ 7.049711019137635, 44.655445628494142 ], [ 7.049656735157095, 44.655912826055449 ], [ 7.049590880316215, 44.65628980187028 ], [ 7.049524724073279, 44.656675774875815 ], [ 7.049454794993856, 44.657115697759892 ], [ 7.049369125317217, 44.657730898413547 ], [ 7.049358802981311, 44.657780235241191 ], [ 7.049343018669471, 44.657815975144992 ], [ 7.049313635548357, 44.657869487490139 ], [ 7.049275125691812, 44.657936347479506 ], [ 7.049229656216146, 44.658034596930655 ], [ 7.049169220988044, 44.658132590633066 ], [ 7.049137617288176, 44.658181563786272 ], [ 7.049124106076476, 44.658208340101673 ], [ 7.049103688331091, 44.65825300319166 ], [ 7.049102782907301, 44.65827999491453 ], [ 7.049107274972366, 44.658334086065622 ], [ 7.049095174463417, 44.658518428449732 ], [ 7.049078708200804, 44.658621674643328 ], [ 7.049047424158959, 44.658778682002307 ], [ 7.049013877877889, 44.658944653086621 ], [ 7.048985886222121, 44.659038699904009 ], [ 7.048955056154922, 44.659123695808844 ], [ 7.048910639838416, 44.659248970302919 ], [ 7.048876141991725, 44.659360910691696 ], [ 7.048822132421104, 44.659490522393192 ], [ 7.048772266142636, 44.659602200087392 ], [ 7.048705887293174, 44.659736101520785 ], [ 7.048609874598372, 44.659919009575184 ], [ 7.048533837388109, 44.660070750606216 ], [ 7.04843161939209, 44.660262554827021 ], [ 7.04835305902639, 44.660418753795405 ], [ 7.048225323919967, 44.660619124001364 ], [ 7.04801827483743, 44.660939670318754 ], [ 7.047874804611848, 44.661162277063681 ], [ 7.047857873787413, 44.661220503123374 ], [ 7.047855457530026, 44.661292480959681 ], [ 7.047860525730893, 44.661364586773416 ], [ 7.047873466697962, 44.661436827203318 ], [ 7.047901297977523, 44.661500319844883 ], [ 7.047937154362061, 44.661559448499801 ], [ 7.048001889251272, 44.66165057928675 ], [ 7.048052572672984, 44.661714462611563 ], [ 7.048445821999834, 44.662153300380929 ], [ 7.048917432983454, 44.66272401067453 ], [ 7.049273228549455, 44.663139699462135 ], [ 7.049360226198162, 44.663249214637432 ], [ 7.049461427770185, 44.663381478399671 ], [ 7.049533900497183, 44.663477241690757 ], [ 7.049569521050325, 44.663531864591143 ], [ 7.049605078545071, 44.663599989989031 ], [ 7.049640485229954, 44.663672613994194 ], [ 7.049675288446298, 44.663763232459729 ], [ 7.049701904293061, 44.663862713439059 ], [ 7.049729073275884, 44.663957702664575 ], [ 7.049762367952026, 44.664093307280758 ], [ 7.049816164688117, 44.664287777638222 ], [ 7.049912087187791, 44.664577492622008 ], [ 7.049959596793824, 44.664735845948471 ], [ 7.050007721466423, 44.664876204978704 ], [ 7.050069835429586, 44.665057313671248 ], [ 7.050126047764409, 44.665179806002939 ], [ 7.050222878267701, 44.665442529029619 ], [ 7.050286123738114, 44.665578644972754 ], [ 7.050364575774202, 44.665719521759307 ], [ 7.050427961352847, 44.665851138816976 ], [ 7.050441519776061, 44.665905384675661 ], [ 7.050503257862507, 44.666086486685614 ], [ 7.050549412672035, 44.666285327338493 ], [ 7.050544887627429, 44.666420285876917 ], [ 7.050551408595414, 44.666672464057797 ], [ 7.050552344860892, 44.666879534934772 ], [ 7.050544501279409, 44.667113463041744 ], [ 7.050529687820619, 44.667320264966435 ], [ 7.050516773506926, 44.667482087384734 ], [ 7.050460181884625, 44.668052772471469 ], [ 7.050450960113551, 44.668151641227361 ], [ 7.050446814587655, 44.668228090704659 ], [ 7.050449071017692, 44.668313651888482 ], [ 7.05045975547041, 44.668394855799832 ], [ 7.050467338298716, 44.668462503168541 ], [ 7.05047613878253, 44.668552677289178 ], [ 7.050482978732808, 44.668642817929403 ], [ 7.050495382575981, 44.668719550002066 ], [ 7.050513213346134, 44.668787372358899 ], [ 7.050598899747208, 44.669018396283931 ], [ 7.050690918748648, 44.669213518729798 ], [ 7.050873665406084, 44.669536223465421 ], [ 7.050952274712665, 44.669672601257851 ], [ 7.051015264712266, 44.669745695672191 ], [ 7.051055109456371, 44.669827397318052 ], [ 7.051074083578612, 44.669872733138902 ], [ 7.051132929018571, 44.669963761498273 ], [ 7.051161672487377, 44.670000261689097 ], [ 7.051188974357226, 44.670032236073347 ], [ 7.051216449754416, 44.670059712222042 ], [ 7.051252329433477, 44.670082830630086 ], [ 7.051288772233021, 44.670101457447814 ], [ 7.05135869541261, 44.670120655720346 ], [ 7.051407735331914, 44.670139497513894 ], [ 7.051469784644405, 44.670158561325863 ], [ 7.051549315046685, 44.670173422262131 ], [ 7.051583837419914, 44.670178512637015 ], [ 7.051638062977593, 44.67018393925968 ], [ 7.051716464658763, 44.670185277243817 ], [ 7.051771231858688, 44.670186211855643 ], [ 7.05181330129202, 44.670177927378212 ], [ 7.05187049144203, 44.670165399716197 ], [ 7.05189058421699, 44.670165742578817 ], [ 7.051924227967771, 44.670161815476135 ], [ 7.051970240015146, 44.670153598215855 ], [ 7.052091980583424, 44.670155675433335 ], [ 7.052229353658954, 44.670162520417811 ], [ 7.052312878140223, 44.670163945391607 ], [ 7.0523613398679, 44.670164772147423 ], [ 7.052422661518596, 44.670170319454641 ], [ 7.052494218701415, 44.670176041333143 ], [ 7.052587688688774, 44.670186638143562 ], [ 7.052721986687976, 44.670202432462681 ], [ 7.052781976326866, 44.67021245804807 ], [ 7.052862776828644, 44.670236342113412 ], [ 7.05292980014902, 44.670259991155511 ], [ 7.052987354577555, 44.67028347867349 ], [ 7.053053435531937, 44.670311612762305 ], [ 7.053155007575046, 44.670362857995087 ], [ 7.053186327093604, 44.670381396839758 ], [ 7.053251856661358, 44.670414022601562 ], [ 7.053289470395192, 44.670432668746265 ], [ 7.053333876408711, 44.670460433077082 ], [ 7.053378194137289, 44.670479193503617 ], [ 7.053427334722268, 44.670507038526239 ], [ 7.05346021407882, 44.670525603891235 ], [ 7.053496267019013, 44.670544223355762 ], [ 7.053537422649176, 44.670562929807041 ], [ 7.053563228692803, 44.670581374545876 ], [ 7.053589563630344, 44.670595327105246 ], [ 7.053663168395791, 44.670646095066246 ], [ 7.053722973235175, 44.670696627721483 ], [ 7.053771662345524, 44.6707379684701 ], [ 7.053802519098425, 44.670770002827432 ], [ 7.053829834137537, 44.670801976801108 ], [ 7.053853746711685, 44.670829391576902 ], [ 7.053893105550602, 44.670902081555745 ], [ 7.05393998779271, 44.670997405715994 ], [ 7.053977374857379, 44.671070062053261 ], [ 7.054007480195746, 44.671124589496955 ], [ 7.054045268377209, 44.671197252647779 ], [ 7.054078285727817, 44.671247328516763 ], [ 7.054158865458724, 44.671383737652825 ], [ 7.054211023264101, 44.671474650421445 ], [ 7.054291012663006, 44.67162905415821 ], [ 7.054300418469748, 44.671642718029538 ], [ 7.054316595391804, 44.671665499677765 ], [ 7.054332557242086, 44.671683776468356 ], [ 7.054361593349486, 44.671711278451824 ], [ 7.054431496468273, 44.671766484014668 ], [ 7.054449557001194, 44.671780295363703 ], [ 7.054465668223667, 44.671794073491 ], [ 7.054490723898625, 44.671799001659963 ], [ 7.05452691842469, 44.671813122018456 ], [ 7.054644378195058, 44.671837629514101 ], [ 7.054811962144389, 44.671871993309622 ], [ 7.054893076955979, 44.671886878907721 ], [ 7.054961333816408, 44.671897044198431 ], [ 7.05504757419012, 44.671912017010669 ], [ 7.055145932617283, 44.671918193814129 ], [ 7.055239006253723, 44.671928781698703 ], [ 7.055353765850899, 44.671939738898068 ], [ 7.055466944347726, 44.671950669051832 ], [ 7.055580122890874, 44.671961599094075 ], [ 7.055695023007781, 44.671968057153592 ], [ 7.055859978987825, 44.671975367514754 ], [ 7.055976599417949, 44.671977353396258 ], [ 7.056161800619204, 44.671980506866618 ], [ 7.056448501439473, 44.671989889194961 ], [ 7.056556856838885, 44.671991733779578 ], [ 7.056590501382773, 44.671987805315624 ], [ 7.05663369012367, 44.67199304168615 ], [ 7.056672007728253, 44.67200269631379 ], [ 7.056711654661585, 44.672007872366159 ], [ 7.056756265369777, 44.672017634084241 ], [ 7.056801287142286, 44.672027402781538 ], [ 7.056908740398828, 44.672056238815387 ], [ 7.057155710669619, 44.672109955046743 ], [ 7.057426757918196, 44.672186586372888 ], [ 7.057659288904694, 44.672271564150336 ], [ 7.057807772474178, 44.67232360333962 ], [ 7.058055113558799, 44.672413333447288 ], [ 7.058115835837049, 44.672436872256391 ], [ 7.058153852177272, 44.67245552364065 ], [ 7.058247306296425, 44.672502125058251 ], [ 7.058332635556313, 44.672544087026878 ], [ 7.058472244145288, 44.672613979166471 ], [ 7.058548026597632, 44.672646776239176 ], [ 7.058748036652476, 44.672749203509454 ], [ 7.058807417786914, 44.672777220334282 ], [ 7.058853171304555, 44.672800504231041 ], [ 7.058884482633128, 44.672819041366324 ], [ 7.05892007675556, 44.672851154878181 ], [ 7.058936029040312, 44.6728694308594 ], [ 7.058943853705919, 44.67288306746299 ], [ 7.058941070771107, 44.672919029661273 ], [ 7.058925346536793, 44.673035793234234 ], [ 7.058916788651952, 44.673103165567639 ], [ 7.058909260734656, 44.673175056600634 ], [ 7.058906177309836, 44.6732200160654 ], [ 7.058902564119118, 44.673269467711464 ], [ 7.058901362319664, 44.673305456789741 ], [ 7.058900310743295, 44.673336947232997 ], [ 7.058909196096699, 44.673377609005833 ], [ 7.058923945465114, 44.673431874045924 ], [ 7.058935843008375, 44.673477088218881 ], [ 7.058944637965323, 44.673508746073502 ], [ 7.058952252709918, 44.673540383861329 ], [ 7.058954364803173, 44.673571928092635 ], [ 7.058951580566314, 44.67360789026516 ], [ 7.058937209400193, 44.673684166133867 ], [ 7.05892230605173, 44.673728924630957 ], [ 7.058906134542393, 44.673764659186723 ], [ 7.058898677804179, 44.673787038347143 ], [ 7.058891231147342, 44.673809417678385 ], [ 7.058887177459138, 44.673836355886927 ], [ 7.058889728860636, 44.673854404021604 ], [ 7.058897104215814, 44.673881536552642 ], [ 7.058910823682941, 44.673931282890834 ], [ 7.058925411600554, 44.673990046369546 ], [ 7.058942051852235, 44.674093856624147 ], [ 7.058965164971872, 44.674251791185668 ], [ 7.059038790215447, 44.674644646300671 ], [ 7.059105631565826, 44.674992374136366 ], [ 7.059120912452115, 44.675078156487913 ], [ 7.059125824473854, 44.675096244745667 ], [ 7.059136631419459, 44.675150442720835 ], [ 7.05916055747857, 44.675272381536878 ], [ 7.059173576045758, 44.675331118292576 ], [ 7.059192338140526, 44.675430463373317 ], [ 7.059217165686338, 44.675525410372998 ], [ 7.059240310231159, 44.675611326381052 ], [ 7.059267171065003, 44.675692804370179 ], [ 7.059280188559026, 44.675751541091742 ], [ 7.05929153559762, 44.675801247040724 ], [ 7.059327452878543, 44.675882878963868 ], [ 7.059381532583791, 44.675987325541115 ], [ 7.059424103719583, 44.676046564600021 ], [ 7.059502401523401, 44.676169427519078 ], [ 7.059593470991443, 44.67628800626828 ], [ 7.059698621206574, 44.676397821878901 ], [ 7.059860384724962, 44.67657161610876 ], [ 7.060044718216988, 44.676754795999244 ], [ 7.060171737909802, 44.676882987526277 ], [ 7.060400027323951, 44.677107424372906 ], [ 7.060553477597444, 44.677258570434503 ], [ 7.06070260719705, 44.677409642892677 ], [ 7.060786454455809, 44.677496589684374 ], [ 7.060828448183447, 44.677537813654297 ], [ 7.060869020847829, 44.677574512285474 ], [ 7.06090619012945, 44.677606651909976 ], [ 7.061001737489284, 44.677720804381032 ], [ 7.061045353082418, 44.677784561745192 ], [ 7.061088459206148, 44.677875317554637 ], [ 7.061155285066608, 44.678011488032034 ], [ 7.061220958609875, 44.678170144826851 ], [ 7.061325917212562, 44.678392485291994 ], [ 7.061421287669274, 44.678583154545848 ], [ 7.061473191965703, 44.678705567892052 ], [ 7.061539868312883, 44.678846236773744 ], [ 7.061611671101707, 44.678986992654011 ], [ 7.06171624165637, 44.679209326144438 ], [ 7.061806629692852, 44.679395409277589 ], [ 7.0618351147992, 44.679463410637368 ], [ 7.061868634016454, 44.6795224950815 ], [ 7.061898169435451, 44.679559005962219 ], [ 7.061942537448752, 44.679600269816142 ], [ 7.06206169925985, 44.679692316315496 ], [ 7.062221845836643, 44.679785058346219 ], [ 7.062368770423349, 44.679852307960317 ], [ 7.063161931443383, 44.679995910326149 ], [ 7.064711830343388, 44.680058212666744 ], [ 7.064793971079803, 44.680052567151691 ], [ 7.064848590636562, 44.679988717540937 ] ] ] ] } }
]
}
