{
"type": "FeatureCollection",
"name": "Bacino idrografico",
"crs": { "type": "name", "properties": { "name": "urn:ogc:def:crs:OGC:1.3:CRS84" } },
"features": [
{ "type": "Feature", "properties": { "uuid": "ed7ed158-3eb7-4398-bbc4-c926fdaf313f", "ente_prod": "ISTAT", "sc_acq": "1:10000", "comune_ist": "004077", "comune_nom": "Crissolo", "provin_nom": "CUNEO", "provin_sig": "CN", "zona_alt": "M", "d_zona_alt": "montagna", "quota_capo": 1327, "quota_min": 1064, "quota_max": 3837, "cap": "12030" }, "geometry": { "type": "MultiPolygon", "coordinates": [ [ [ [ 7.075669988830993, 44.68483329242617 ], [ 7.075565338464234, 44.685128576858112 ], [ 7.0755698925833, 44.685141796893433 ], [ 7.075538100671096, 44.685205431249372 ], [ 7.075492238047027, 44.685334837123946 ], [ 7.075501749153197, 44.685404836001346 ], [ 7.075456773158341, 44.685603918023318 ], [ 7.075467106368579, 44.685711715260453 ], [ 7.075455911607706, 44.685749088386764 ], [ 7.075350263017166, 44.685850082160229 ], [ 7.075325917685769, 44.685959125357698 ], [ 7.075359747101497, 44.686131254391114 ], [ 7.07528474724004, 44.686264733567818 ], [ 7.075247215886512, 44.686311629129555 ], [ 7.075048992509625, 44.687199446871723 ], [ 7.074850745415358, 44.688231378199561 ], [ 7.074859886688462, 44.688443981422388 ], [ 7.074914855183128, 44.688573537876245 ], [ 7.074870536592698, 44.688677038152555 ], [ 7.074881631528683, 44.688760467359394 ], [ 7.074949419726694, 44.688858935029543 ], [ 7.075025774866336, 44.688901195971134 ], [ 7.075047959342616, 44.688928324919978 ], [ 7.075052171766973, 44.688951608367859 ], [ 7.075109054785802, 44.689021631381067 ], [ 7.075120978896738, 44.689081590980301 ], [ 7.075247856150334, 44.689140921054324 ], [ 7.075452485190804, 44.689436278199537 ], [ 7.075647503176427, 44.689581442267738 ], [ 7.07560661819765, 44.689697436825185 ], [ 7.075578126775792, 44.68972282738455 ], [ 7.075612329791862, 44.689985701916676 ], [ 7.075660451615373, 44.690109235490866 ], [ 7.075641341021714, 44.690211805868302 ], [ 7.075612561816916, 44.690303015110061 ], [ 7.07553238905513, 44.690382595218651 ], [ 7.075541378678398, 44.690454381802475 ], [ 7.075523775348588, 44.690473059821969 ], [ 7.075401972070038, 44.690483858881187 ], [ 7.07538971161267, 44.69052397583895 ], [ 7.075348356288313, 44.690546234059681 ], [ 7.075334859262962, 44.690569268395151 ], [ 7.075328179998161, 44.690651549167967 ], [ 7.075306990172117, 44.690673064548562 ], [ 7.075192595508601, 44.690698915560546 ], [ 7.075163778532203, 44.690719809509872 ], [ 7.075156666693476, 44.690778667439801 ], [ 7.07508512562474, 44.690802939242516 ], [ 7.075070345266838, 44.690843148830538 ], [ 7.075098175687104, 44.69091334091609 ], [ 7.075085980880018, 44.69095435719592 ], [ 7.07501880691903, 44.690986580804257 ], [ 7.075000789001916, 44.691016994077209 ], [ 7.074991197732269, 44.691093973346426 ], [ 7.075005577891696, 44.691152940993732 ], [ 7.07499447126444, 44.691174084055106 ], [ 7.074919254666533, 44.691217422384462 ], [ 7.074905639830182, 44.691326101856305 ], [ 7.074866208155672, 44.691444748514705 ], [ 7.074836302100296, 44.691485514783118 ], [ 7.074759611513599, 44.69149104471429 ], [ 7.074756037607782, 44.691581324956637 ], [ 7.074734776735251, 44.691654226699605 ], [ 7.074692875522455, 44.691686421529504 ], [ 7.074549360811052, 44.691903557441663 ], [ 7.074548900358042, 44.691949550569717 ], [ 7.074473931073741, 44.692101057556272 ], [ 7.074452948091801, 44.69221271198564 ], [ 7.074488536063668, 44.692285322348354 ], [ 7.074458889013341, 44.692329685005554 ], [ 7.074399275652704, 44.692361629823949 ], [ 7.07428983715284, 44.692351238157748 ], [ 7.074269459419471, 44.692369665527004 ], [ 7.073820592890612, 44.693039264451549 ], [ 7.073300667457477, 44.693666658140756 ], [ 7.073300731290342, 44.693666877962933 ], [ 7.073299682680807, 44.69370477899124 ], [ 7.07327542616664, 44.693736322711935 ], [ 7.073197158169042, 44.693824846578245 ], [ 7.073165013291013, 44.693830349245367 ], [ 7.073018631048962, 44.69400698444953 ], [ 7.073064283903076, 44.694224602642223 ], [ 7.073098618552946, 44.694279221847665 ], [ 7.073129434722273, 44.694443058539449 ], [ 7.073192005952944, 44.69457417429777 ], [ 7.07320601109508, 44.694662905007988 ], [ 7.073283423837621, 44.694806996185086 ], [ 7.073435549557657, 44.694988000934622 ], [ 7.073443105661469, 44.695040008728633 ], [ 7.0734033969958, 44.69506761431807 ], [ 7.073283282478227, 44.695077072949836 ], [ 7.07338803078871, 44.695426589365049 ], [ 7.073317630352222, 44.695758282701263 ], [ 7.073324692826877, 44.695796208167664 ], [ 7.0733000136313, 44.695891772826265 ], [ 7.073286977100198, 44.695902704929267 ], [ 7.073283316464992, 44.695919951891369 ], [ 7.073215429331436, 44.695975509749054 ], [ 7.073199044946533, 44.696033418746744 ], [ 7.07314853452385, 44.696051505911768 ], [ 7.07312027937405, 44.696053378859133 ], [ 7.072582749574472, 44.696493278596428 ], [ 7.072183783988748, 44.696773257884715 ], [ 7.072175387130888, 44.696855404492915 ], [ 7.072076020333598, 44.696848881715425 ], [ 7.071525003276018, 44.697235556683687 ], [ 7.071495083277962, 44.697305047529753 ], [ 7.071457052747284, 44.697548045245803 ], [ 7.071478425135743, 44.697633800998695 ], [ 7.071456532039853, 44.697680582832398 ], [ 7.071474478910536, 44.69784128808476 ], [ 7.071414143394565, 44.697863342159231 ], [ 7.071304417111761, 44.697953922775149 ], [ 7.071229546752742, 44.698072069410436 ], [ 7.071023675748595, 44.698126523360209 ], [ 7.07088138411521, 44.698256165129948 ], [ 7.070831368319397, 44.698665477170117 ], [ 7.070834326189603, 44.698776251163146 ], [ 7.070812168693143, 44.698959166072676 ], [ 7.070814182275188, 44.699126768225888 ], [ 7.070833773106715, 44.699205377965967 ], [ 7.070875143719392, 44.699270565324568 ], [ 7.070871034717031, 44.699405939372774 ], [ 7.070895893776894, 44.699557375312828 ], [ 7.070854317219427, 44.69968150693628 ], [ 7.070852762291692, 44.699747373282975 ], [ 7.070770975246782, 44.699874788331094 ], [ 7.070707812262247, 44.700015039402899 ], [ 7.070703240108974, 44.700056676214942 ], [ 7.070734486154157, 44.70010420628445 ], [ 7.070753076040039, 44.7001864582788 ], [ 7.070744088215524, 44.700254400260619 ], [ 7.070728520950926, 44.700283819782939 ], [ 7.070673418589993, 44.70030838476444 ], [ 7.070640462933512, 44.70034205088534 ], [ 7.070649043365165, 44.70037328703809 ], [ 7.070731274675099, 44.700444183292831 ], [ 7.070729705358135, 44.700474891543521 ], [ 7.070702921748876, 44.700506526995099 ], [ 7.070751897928234, 44.700589464272809 ], [ 7.070759972940893, 44.700648664844564 ], [ 7.070741859695602, 44.700695307283084 ], [ 7.070691945523434, 44.700756641945965 ], [ 7.070426715666816, 44.700881790702404 ], [ 7.07038447630906, 44.701049218387126 ], [ 7.070395642291475, 44.701081261231806 ], [ 7.070378074035475, 44.701117967061123 ], [ 7.07028436198014, 44.701185420711063 ], [ 7.070207462750753, 44.7011882508776 ], [ 7.07013789299581, 44.701170077377697 ], [ 7.070102570323889, 44.701188505385808 ], [ 7.070082064881921, 44.701237038199373 ], [ 7.070029483320442, 44.701261510550943 ], [ 7.069891773732848, 44.701244942340878 ], [ 7.069866055820255, 44.701273833960812 ], [ 7.069853959938794, 44.70133377737249 ], [ 7.069794039010128, 44.701431539074868 ], [ 7.069698284594573, 44.701488249423633 ], [ 7.069659168582252, 44.701559103410546 ], [ 7.069543010348085, 44.701595829924301 ], [ 7.069437615200183, 44.701711490833453 ], [ 7.069364252105069, 44.70174574241279 ], [ 7.06927417960606, 44.701863543708257 ], [ 7.069133907849904, 44.701829038520088 ], [ 7.06903391492966, 44.701879593009551 ], [ 7.069024168976623, 44.701919617337275 ], [ 7.068898923992657, 44.701953071218007 ], [ 7.068590624789098, 44.701999158023042 ], [ 7.068561904211072, 44.702024783318528 ], [ 7.068430354632253, 44.702201798782973 ], [ 7.068415093507227, 44.702222334343489 ], [ 7.068046552623774, 44.702718242379575 ], [ 7.0677093075478, 44.70336970488983 ], [ 7.067516854356401, 44.704221669854753 ], [ 7.067494751510055, 44.704349903857171 ], [ 7.067507038765246, 44.704380572546654 ], [ 7.067550075821646, 44.704573710949191 ], [ 7.067484443298766, 44.704714953073918 ], [ 7.067484940623769, 44.704914162799824 ], [ 7.067504294933582, 44.704972048562496 ], [ 7.067560470185909, 44.705032185328456 ], [ 7.067601025113544, 44.705243444171138 ], [ 7.067580724716987, 44.705329831248193 ], [ 7.067445697807137, 44.705420437045071 ], [ 7.067375136100087, 44.70544106119759 ], [ 7.067282089543113, 44.705500375083638 ], [ 7.067276099158931, 44.705557389403502 ], [ 7.067149014162021, 44.705792840908416 ], [ 7.067117340039451, 44.705896775557449 ], [ 7.067110971940186, 44.70598355204087 ], [ 7.066967416759282, 44.706183551371652 ], [ 7.066855478709649, 44.706250474096336 ], [ 7.066660368992693, 44.70657571352961 ], [ 7.066658237034232, 44.706785389376073 ], [ 7.066266981582188, 44.707161266421231 ], [ 7.06623751619473, 44.707208325246 ], [ 7.066230003258323, 44.70726178904242 ], [ 7.066056641692404, 44.707407072044781 ], [ 7.066033833027532, 44.707437396824119 ], [ 7.065709452029948, 44.708080069087728 ], [ 7.065665634486979, 44.708637472244625 ], [ 7.065778103595265, 44.70910952496142 ], [ 7.065820690287946, 44.709288266938962 ], [ 7.06598014459633, 44.709795098637557 ], [ 7.066049949937105, 44.710280628334473 ], [ 7.066201126027532, 44.710360352790545 ], [ 7.066288409728497, 44.710431067382636 ], [ 7.066330381987781, 44.710539504936875 ], [ 7.066322530007037, 44.710815648066422 ], [ 7.066337295975766, 44.710880012545374 ], [ 7.066374222446235, 44.710930418086278 ], [ 7.066420683194012, 44.71101009971963 ], [ 7.066380045524012, 44.711157082219657 ], [ 7.066408768074011, 44.711312015619697 ], [ 7.066548198964013, 44.71138949761972 ], [ 7.066456767594009, 44.711586156019777 ], [ 7.066457317074008, 44.711734973119803 ], [ 7.066335061434005, 44.711852842719836 ], [ 7.066366391124003, 44.711967106119872 ], [ 7.066308371354001, 44.712054165019893 ], [ 7.066235663873998, 44.712154361119914 ], [ 7.066140915432522, 44.712220937184576 ], [ 7.066141975475499, 44.712516543419902 ], [ 7.066073516386147, 44.713055520836697 ], [ 7.065963580493306, 44.713323729322617 ], [ 7.065892011662069, 44.713660103084109 ], [ 7.065369618897474, 44.713810189450697 ], [ 7.065369228952822, 44.713810301482766 ], [ 7.065370925446049, 44.713812277475455 ], [ 7.065450918002973, 44.713905448731417 ], [ 7.065468594460821, 44.7139229998416 ], [ 7.065526285479941, 44.713991492798016 ], [ 7.065789704245472, 44.714279531713508 ], [ 7.066031643283827, 44.714549198043692 ], [ 7.066047608485477, 44.714567471983791 ], [ 7.066525787397264, 44.7150887029972 ], [ 7.066728232207431, 44.715407215447307 ], [ 7.066769755262674, 44.715475433970369 ], [ 7.066953139511697, 44.715762114832479 ], [ 7.067082227747955, 44.715890329494137 ], [ 7.067423274661737, 44.716229190734317 ], [ 7.067661303982679, 44.716462780381654 ], [ 7.067697220982062, 44.716490432275982 ], [ 7.068492249700069, 44.71710250201744 ], [ 7.068501850735173, 44.717109912275625 ], [ 7.068516098529888, 44.717120908984739 ], [ 7.069012467559491, 44.717511904980647 ], [ 7.069567197959119, 44.717903885651104 ], [ 7.069923625725319, 44.718053949037419 ], [ 7.069941074632475, 44.718063245767318 ], [ 7.070042256340926, 44.718105466419921 ], [ 7.070123434631609, 44.718120343622374 ], [ 7.070570741537169, 44.718195419492616 ], [ 7.071023247873912, 44.718221069588395 ], [ 7.071101572679741, 44.718226896141587 ], [ 7.071193698194399, 44.718232951194047 ], [ 7.071963649983617, 44.718263964932063 ], [ 7.072120993084639, 44.718266622055438 ], [ 7.072967252921536, 44.718280909501701 ], [ 7.073758920491496, 44.71824025453386 ], [ 7.074500216168708, 44.717672108148975 ], [ 7.075315944571257, 44.717060203051105 ], [ 7.075738308511381, 44.71679275354478 ], [ 7.076378260635026, 44.716817043088 ], [ 7.07769898788723, 44.716848290691139 ], [ 7.078184158989114, 44.716887967301936 ], [ 7.079077622097809, 44.71693000923274 ], [ 7.079991104468405, 44.716927372137967 ], [ 7.080733208984575, 44.716881332027071 ], [ 7.08108476917608, 44.716833231202848 ], [ 7.081451079942765, 44.716744862424925 ], [ 7.082278498350364, 44.716457185049542 ], [ 7.083341064523048, 44.71593038875691 ], [ 7.083851937053713, 44.715812930715046 ], [ 7.084899413056061, 44.715515427183092 ], [ 7.085706833765904, 44.715222890848082 ], [ 7.085789886339485, 44.715191937641791 ], [ 7.086226923351491, 44.715029054956467 ], [ 7.086719830504379, 44.71503731654137 ], [ 7.086986048834715, 44.715064284390699 ], [ 7.087467553343227, 44.715310914044338 ], [ 7.087991253606516, 44.715522236758147 ], [ 7.088746074370753, 44.71590397488319 ], [ 7.089048100657159, 44.716099068179474 ], [ 7.089175290719393, 44.716181225730402 ], [ 7.089554633896412, 44.716403629930205 ], [ 7.089560847384831, 44.716406346323254 ], [ 7.090432510447759, 44.71678741138399 ], [ 7.090814624281665, 44.716937839170292 ], [ 7.091181157758537, 44.717142020239066 ], [ 7.091445905440517, 44.71732199192116 ], [ 7.092195352848232, 44.717748626012224 ], [ 7.092624007961718, 44.718043862527693 ], [ 7.092980307181651, 44.718355892298305 ], [ 7.093210314398307, 44.718548784463849 ], [ 7.093375450933524, 44.718830614818785 ], [ 7.093564157712576, 44.719139843738581 ], [ 7.093890939358197, 44.71950989131269 ], [ 7.0943894749304, 44.719972831504762 ], [ 7.094540814359712, 44.720110894138656 ], [ 7.094811656580737, 44.720357973643878 ], [ 7.095168119286632, 44.720557475182382 ], [ 7.095728134923644, 44.720818880000188 ], [ 7.095965643222845, 44.720867854647196 ], [ 7.096401917010154, 44.720956150122532 ], [ 7.097052727934628, 44.721048020083231 ], [ 7.097500436346023, 44.721064483445318 ], [ 7.099450438454561, 44.721029446863476 ], [ 7.100390915016476, 44.721072104504941 ], [ 7.100768485435572, 44.721145906202317 ], [ 7.101252092322451, 44.721234970536123 ], [ 7.101698936394984, 44.721386438318767 ], [ 7.102318914363666, 44.721806349680058 ], [ 7.102626140883357, 44.722149041848262 ], [ 7.10284905372876, 44.722355296877609 ], [ 7.103500517249343, 44.722645192892642 ], [ 7.104152855774892, 44.722800064465467 ], [ 7.104884293877578, 44.722852718488149 ], [ 7.105609226075551, 44.722887256397634 ], [ 7.106174454783781, 44.722860556219047 ], [ 7.106737625420634, 44.722831715538433 ], [ 7.107658414342745, 44.722752461906971 ], [ 7.109082031366925, 44.72268153479633 ], [ 7.110373020442336, 44.722684924425572 ], [ 7.11072248221963, 44.722677196120152 ], [ 7.111453264342918, 44.722846836843004 ], [ 7.112320054448954, 44.723153754770173 ], [ 7.112543538303741, 44.72323398285495 ], [ 7.112953254924718, 44.72337579164811 ], [ 7.113763339516877, 44.723740280274875 ], [ 7.114835049975746, 44.724068578963873 ], [ 7.115300801624642, 44.724283319017452 ], [ 7.115608264730513, 44.724414431485641 ], [ 7.115961129814983, 44.724618307655128 ], [ 7.11652579597621, 44.724740168186642 ], [ 7.116966546516665, 44.72476543682869 ], [ 7.117836017956268, 44.724784279192605 ], [ 7.11857769366735, 44.724936058902365 ], [ 7.119142701726697, 44.725156919027405 ], [ 7.120008737890229, 44.725562808869256 ], [ 7.120124127965762, 44.72561871175624 ], [ 7.120521140283762, 44.725836815455047 ], [ 7.120755096832347, 44.726020705307391 ], [ 7.12087576551148, 44.726315287505869 ], [ 7.121154604820686, 44.727112078829528 ], [ 7.121298683473753, 44.727537579331333 ], [ 7.121628106959879, 44.728465735450676 ], [ 7.121806642189774, 44.728765766629792 ], [ 7.12216946770813, 44.729406393199106 ], [ 7.122695498556829, 44.729883181196669 ], [ 7.122927341825597, 44.730121052531011 ], [ 7.123438147977739, 44.730750631378811 ], [ 7.123866188706022, 44.731279804370601 ], [ 7.124123177570253, 44.731594617990133 ], [ 7.124747353732765, 44.73230706621915 ], [ 7.125162173122494, 44.732831517530457 ], [ 7.125752031218703, 44.733763958201649 ], [ 7.126007519044642, 44.734236267963297 ], [ 7.126531172140653, 44.735203624125511 ], [ 7.126797055394028, 44.735671623063027 ], [ 7.127169761152026, 44.736424934306577 ], [ 7.127324288089574, 44.736846080586339 ], [ 7.127767283224718, 44.737758105154484 ], [ 7.127972288378321, 44.737887484960893 ], [ 7.128470912026509, 44.737895663467839 ], [ 7.128763374610044, 44.737895960968551 ], [ 7.129272637786639, 44.738039360990946 ], [ 7.129717868727081, 44.738357228411388 ], [ 7.130271710362499, 44.738501336543465 ], [ 7.130865563922759, 44.738457062950225 ], [ 7.13145889977642, 44.738331747100695 ], [ 7.131769019973597, 44.738273807651552 ], [ 7.133187402273006, 44.737959419890998 ], [ 7.133775210636782, 44.737784481111603 ], [ 7.134190179957421, 44.737669729511907 ], [ 7.134621144714703, 44.737474226974406 ], [ 7.135657737627294, 44.736991544395515 ], [ 7.136127334778704, 44.736760640534882 ], [ 7.13716749202785, 44.736485048885264 ], [ 7.137507495287138, 44.736454591566378 ], [ 7.138462752137994, 44.736573701339452 ], [ 7.139126986152943, 44.736697073805793 ], [ 7.139483330328933, 44.736797410221925 ], [ 7.140072227933222, 44.737239116474754 ], [ 7.140467768462278, 44.737619167837337 ], [ 7.141264051850071, 44.738203796033453 ], [ 7.141900890094684, 44.738542750375345 ], [ 7.142459155252063, 44.738758885199104 ], [ 7.143063268363055, 44.739146821672357 ], [ 7.143417845408835, 44.739413657916188 ], [ 7.144331366001069, 44.739901147096681 ], [ 7.144733674130894, 44.740218276685198 ], [ 7.145139572792697, 44.740719998091663 ], [ 7.145518278635574, 44.74115827729235 ], [ 7.145998612601674, 44.74166570454517 ], [ 7.146310542213278, 44.742008370028472 ], [ 7.147058762789168, 44.742371615918273 ], [ 7.148071298050285, 44.742703138696754 ], [ 7.149058118649751, 44.742912699372823 ], [ 7.149316678244992, 44.743060922185698 ], [ 7.149453771394609, 44.743328728791184 ], [ 7.149762001657698, 44.743144674412221 ], [ 7.150038682327695, 44.743059133265341 ], [ 7.150401399505295, 44.74296148863035 ], [ 7.150717322957037, 44.742894575862685 ], [ 7.150977900354615, 44.742781778683884 ], [ 7.151245276553357, 44.742628567641958 ], [ 7.151522670139165, 44.742520522136424 ], [ 7.151825869653926, 44.742493924506228 ], [ 7.152212609636232, 44.742360656254149 ], [ 7.152600655629343, 44.742173388019488 ], [ 7.153092108889171, 44.741974277654791 ], [ 7.153642654438027, 44.74170412544207 ], [ 7.153985342104117, 44.741516118610605 ], [ 7.154277734849916, 44.741295787991142 ], [ 7.154631155251946, 44.741130446202931 ], [ 7.154967587090183, 44.740964846657548 ], [ 7.155298382978615, 44.740790139106288 ], [ 7.15565549303139, 44.740507834231892 ], [ 7.15597222721517, 44.74022937430955 ], [ 7.156267322658453, 44.739923572888522 ], [ 7.156477727065162, 44.739773926667567 ], [ 7.156674572383462, 44.739678081771949 ], [ 7.156870518808391, 44.73962272833915 ], [ 7.15708373509316, 44.739558655560309 ], [ 7.157191588476831, 44.7393938563538 ], [ 7.157450152660405, 44.739330515166493 ], [ 7.157864273010165, 44.739229161105627 ], [ 7.158135961934645, 44.739125523902374 ], [ 7.158408952070385, 44.738967888113883 ], [ 7.158819043674566, 44.738632407514665 ], [ 7.15915644920704, 44.738435302856608 ], [ 7.159624969676319, 44.738235794338998 ], [ 7.159940515735024, 44.738006825501358 ], [ 7.16018639235958, 44.737808241922906 ], [ 7.160363629514769, 44.737608532428176 ], [ 7.160555356213937, 44.737499102789727 ], [ 7.161739133717262, 44.737122060002896 ], [ 7.162663126487586, 44.736722828597628 ], [ 7.163044774932919, 44.73643639702275 ], [ 7.163795652059384, 44.736268443994767 ], [ 7.164544530485566, 44.736163453636031 ], [ 7.165097550381025, 44.735699716859031 ], [ 7.165735240343877, 44.735178837074592 ], [ 7.166162999431968, 44.734744589179471 ], [ 7.166877098517586, 44.73442747964512 ], [ 7.167381132129535, 44.73420149970935 ], [ 7.168262788184343, 44.733815056456045 ], [ 7.168931914725764, 44.733722271561852 ], [ 7.169453540640785, 44.732101201459685 ], [ 7.169449061725291, 44.73193007203578 ], [ 7.169417344378924, 44.731609976630786 ], [ 7.16938517566434, 44.731303389286253 ], [ 7.1694267835973, 44.730997966492687 ], [ 7.169481493755586, 44.730602744977411 ], [ 7.169587888949946, 44.730194837105515 ], [ 7.16959294937943, 44.729722287758086 ], [ 7.169597830173023, 44.72926774753256 ], [ 7.169663417386488, 44.728827676488542 ], [ 7.169765265504076, 44.728563744023106 ], [ 7.169786113845734, 44.728303011823357 ], [ 7.169857314675833, 44.72799806333628 ], [ 7.169890252313994, 44.727566484382777 ], [ 7.169878114405379, 44.727525783333263 ], [ 7.16985242987146, 44.727439843023106 ], [ 7.170097119397714, 44.727038651685 ], [ 7.170359541355992, 44.726700779962876 ], [ 7.170541917490289, 44.726523648202182 ], [ 7.170738385891488, 44.726225205735403 ], [ 7.170465630028601, 44.725689701074103 ], [ 7.170325940936963, 44.724863735188187 ], [ 7.170342685886518, 44.724332871392065 ], [ 7.170480981727913, 44.723889466753711 ], [ 7.170415737652816, 44.723330260407458 ], [ 7.170227408549867, 44.722733090567999 ], [ 7.170116103652932, 44.722321691758033 ], [ 7.169877396241062, 44.72202078905881 ], [ 7.16976524457383, 44.721636386266177 ], [ 7.169781141629938, 44.721132500664851 ], [ 7.169711362973413, 44.720717268831692 ], [ 7.169806263640809, 44.720336186666096 ], [ 7.170152426792526, 44.719869105719411 ], [ 7.170411557850657, 44.719522164810776 ], [ 7.17112814004821, 44.719119538447273 ], [ 7.171510647319473, 44.718801583109503 ], [ 7.171682783600974, 44.718597293253019 ], [ 7.170918838024053, 44.717873844467881 ], [ 7.170681020314071, 44.717545947482463 ], [ 7.170486039451102, 44.717160217318018 ], [ 7.170455844037734, 44.716804138805628 ], [ 7.170173768162126, 44.716565558201538 ], [ 7.169892274001308, 44.716295477689322 ], [ 7.169780130781615, 44.715911074689949 ], [ 7.169641425742029, 44.715067109463739 ], [ 7.16988984713204, 44.714395912593858 ], [ 7.169912740223424, 44.714333261756003 ], [ 7.170426940323377, 44.713778865151582 ], [ 7.17082568748339, 44.712957031019108 ], [ 7.17125973688318, 44.712315816280125 ], [ 7.171786254429935, 44.711419493625826 ], [ 7.1720502090587, 44.711356205523749 ], [ 7.172452922249622, 44.711196114008075 ], [ 7.172951551312956, 44.710983536699878 ], [ 7.17326361149699, 44.710857997960233 ], [ 7.173393372162891, 44.710846579495836 ], [ 7.173604287533745, 44.710926468911325 ], [ 7.173777042644786, 44.710965241657661 ], [ 7.173852701733552, 44.710930444446198 ], [ 7.173821232145804, 44.710664374141153 ], [ 7.173852860815503, 44.710448817111882 ], [ 7.173767299092092, 44.710334927213417 ], [ 7.173609489128603, 44.710134332522657 ], [ 7.173547327573232, 44.709903778869318 ], [ 7.173587269858643, 44.709737876503269 ], [ 7.173550396626776, 44.709642759761842 ], [ 7.173461419509178, 44.70947479397482 ], [ 7.173386283360062, 44.709329543175159 ], [ 7.173418929845267, 44.709082511952808 ], [ 7.173478835656706, 44.708921408763196 ], [ 7.173441962482275, 44.708826310880028 ], [ 7.173148164084182, 44.708209425260961 ], [ 7.173020476380348, 44.708004832280778 ], [ 7.172869091806143, 44.707763851742321 ], [ 7.172835787231768, 44.707556252262137 ], [ 7.17285095927336, 44.707236908238364 ], [ 7.17298746649124, 44.706847491763305 ], [ 7.173042470799627, 44.706654820601244 ], [ 7.173065510065545, 44.706574158395298 ], [ 7.173104885713015, 44.70642626004296 ], [ 7.173031017732383, 44.706254019184598 ], [ 7.172898334699681, 44.706044846601394 ], [ 7.172730780218748, 44.705691068154913 ], [ 7.172514851942054, 44.705282493759782 ], [ 7.172274143180371, 44.704959050737813 ], [ 7.172068037588328, 44.704802722167408 ], [ 7.171858406869366, 44.704520283493771 ], [ 7.171713863951057, 44.704211876274933 ], [ 7.171537804207238, 44.70396599995437 ], [ 7.171109163678091, 44.703536001286182 ], [ 7.170847870191491, 44.703315767888895 ], [ 7.170666534502808, 44.703074286138374 ], [ 7.170531266365023, 44.702797553525421 ], [ 7.170539348147437, 44.702541113086028 ], [ 7.170620374078975, 44.702173302314094 ], [ 7.17068799700852, 44.702079859659356 ], [ 7.17075819640745, 44.70190544605051 ], [ 7.170884201731168, 44.701686903813794 ], [ 7.170979231158318, 44.701512870044716 ], [ 7.171344870617578, 44.701262159832005 ], [ 7.171497159092311, 44.701161076336078 ], [ 7.171631045575656, 44.701005676744224 ], [ 7.171712503283245, 44.70078641980615 ], [ 7.171737547740655, 44.70046723375453 ], [ 7.171782279771189, 44.700148362194803 ], [ 7.171851299374854, 44.699847893620579 ], [ 7.171935912025947, 44.699691704250576 ], [ 7.172084186367734, 44.699554548503187 ], [ 7.172267584012592, 44.699404439728276 ], [ 7.172561453185298, 44.699229089721896 ], [ 7.172756717995786, 44.69917819636742 ], [ 7.173180492736613, 44.699135477571808 ], [ 7.173459828357919, 44.69909494480568 ], [ 7.173605907980617, 44.699002756146001 ], [ 7.173912249233933, 44.698818605206739 ], [ 7.174212216448514, 44.698611839903293 ], [ 7.174391038114435, 44.698506677596605 ], [ 7.174553053783555, 44.698396729635498 ], [ 7.174936767200338, 44.69822282956337 ], [ 7.1753348531079, 44.698094144215695 ], [ 7.175417290069039, 44.698068452244961 ], [ 7.175573180609878, 44.698052950555642 ], [ 7.175772554301795, 44.698047139940464 ], [ 7.175988630934138, 44.698037080323147 ], [ 7.176135111980889, 44.697994416475971 ], [ 7.176324892445442, 44.697866914724663 ], [ 7.176437291533348, 44.697729161053871 ], [ 7.176537731898963, 44.697532715474061 ], [ 7.176629863282392, 44.697399155179049 ], [ 7.176750999974512, 44.697297565960362 ], [ 7.176936505858508, 44.697192489338953 ], [ 7.177080820399548, 44.697118281039792 ], [ 7.1771377040428, 44.69701566498064 ], [ 7.177140317615022, 44.696831152620192 ], [ 7.177150707649841, 44.696714280255293 ], [ 7.177211102729102, 44.696611720244427 ], [ 7.177343728578078, 44.696483304711258 ], [ 7.177458428808388, 44.696372596856278 ], [ 7.177478624686318, 44.696269395563881 ], [ 7.177417055401276, 44.696182901412669 ], [ 7.177334328536796, 44.696028533702105 ], [ 7.177255060777207, 44.695865224115835 ], [ 7.177195567331985, 44.695612202979092 ], [ 7.17717471939307, 44.695409320783199 ], [ 7.177176793262734, 44.695242792983159 ], [ 7.177100371178889, 44.695088544694045 ], [ 7.176931876416312, 44.694865290746876 ], [ 7.176721172652549, 44.69459184047755 ], [ 7.176548399505696, 44.694404524755214 ], [ 7.176462137159093, 44.694250118776459 ], [ 7.176363492864083, 44.694050472807554 ], [ 7.176255579204748, 44.693945224328374 ], [ 7.176114053934617, 44.693830440569116 ], [ 7.176026663658741, 44.693712005386573 ], [ 7.176005004347739, 44.693648641907366 ], [ 7.17603489209568, 44.693563589873214 ], [ 7.176130760479703, 44.693412094596283 ], [ 7.176285327949942, 44.693211996761562 ], [ 7.176824124369332, 44.692707466397188 ], [ 7.177033232126674, 44.692503759265556 ], [ 7.177313455725457, 44.692283173721158 ], [ 7.177448199349017, 44.692073760572491 ], [ 7.177504890037321, 44.691876615225084 ], [ 7.1776317408302, 44.691604057592244 ], [ 7.17784300573576, 44.691431892044946 ], [ 7.178107298854011, 44.691292063385795 ], [ 7.178449970636393, 44.691230017076222 ], [ 7.178596774166373, 44.691214366199169 ], [ 7.178886985052374, 44.691178473334254 ], [ 7.179443822426286, 44.691065839418272 ], [ 7.17975926616541, 44.690904311383171 ], [ 7.180171703607822, 44.690667833508854 ], [ 7.180581716562297, 44.690507829297225 ], [ 7.18106201966943, 44.690308419400893 ], [ 7.18086762111155, 44.690269313396691 ], [ 7.180244841874224, 44.690007311792904 ], [ 7.179860303424006, 44.689794131085094 ], [ 7.17934458448623, 44.689425790730439 ], [ 7.178799625147424, 44.689097525806019 ], [ 7.17817239986623, 44.688776923078898 ], [ 7.177231418653416, 44.688388287375119 ], [ 7.176082880749948, 44.687991828080229 ], [ 7.175470235453521, 44.687810993558095 ], [ 7.174827661543258, 44.687665684262242 ], [ 7.174680526398675, 44.68765431575617 ], [ 7.174103839663825, 44.68760908171825 ], [ 7.173380764301696, 44.687629019292558 ], [ 7.172736715665547, 44.687731248140572 ], [ 7.172682370574164, 44.687653845155559 ], [ 7.172890588467067, 44.686851461001851 ], [ 7.17294286664047, 44.686393177906623 ], [ 7.17285959648607, 44.686031749965217 ], [ 7.172683088762402, 44.685524780260387 ], [ 7.172555350068555, 44.684671992110566 ], [ 7.172755539220285, 44.684625694077752 ], [ 7.173610454484571, 44.684337786299658 ], [ 7.174262473137502, 44.684168182093465 ], [ 7.174398026304945, 44.683468156212761 ], [ 7.174336451267642, 44.683219597409533 ], [ 7.174135133415107, 44.683000312290702 ], [ 7.173970408357323, 44.682822137052426 ], [ 7.173078928500283, 44.68226771728434 ], [ 7.172876343402524, 44.68208893430608 ], [ 7.172738005172513, 44.681974179143779 ], [ 7.172529366786902, 44.681687257074479 ], [ 7.172051417882454, 44.680936900375627 ], [ 7.171912621846333, 44.680736625827912 ], [ 7.171644558010779, 44.680534280004295 ], [ 7.170943808690712, 44.680135926107937 ], [ 7.17044083025892, 44.679880308077308 ], [ 7.169431052659333, 44.679391478748215 ], [ 7.168835303554329, 44.679165856067755 ], [ 7.168160980329812, 44.678943486399426 ], [ 7.167389390138799, 44.67890408645583 ], [ 7.166733933395769, 44.678871046528506 ], [ 7.165583913460114, 44.678830053559906 ], [ 7.164975889989882, 44.678793286394487 ], [ 7.164782780340756, 44.678790180869036 ], [ 7.16409983281562, 44.678779195310788 ], [ 7.162869920822023, 44.67873239016491 ], [ 7.161744090087685, 44.678574709220271 ], [ 7.159964717692508, 44.678361494478843 ], [ 7.159456516554256, 44.678285763832776 ], [ 7.158778501994685, 44.678243316355726 ], [ 7.158196450740793, 44.678170905937371 ], [ 7.157632898368879, 44.678062783046926 ], [ 7.156331532541073, 44.677771698125596 ], [ 7.155646839197385, 44.677567081038369 ], [ 7.155178587578408, 44.677437973740275 ], [ 7.154820228238374, 44.677387175315069 ], [ 7.154212267741547, 44.677287314516157 ], [ 7.153775616068162, 44.677181225119128 ], [ 7.153534603092923, 44.677060286780431 ], [ 7.153249063157984, 44.676839601687178 ], [ 7.152983369762342, 44.676565234739066 ], [ 7.15255610762591, 44.676139703135924 ], [ 7.152001783207639, 44.675680604411212 ], [ 7.151488799531667, 44.67528518922542 ], [ 7.151077186420211, 44.67504896063852 ], [ 7.150586868359806, 44.674784443916039 ], [ 7.149993021059777, 44.674428218994215 ], [ 7.149099836015589, 44.67391408908572 ], [ 7.148244843278592, 44.673414086459942 ], [ 7.147315902429989, 44.672921873901764 ], [ 7.146767943379035, 44.672611399492432 ], [ 7.14590578449543, 44.672151769586257 ], [ 7.144656512422, 44.671519296085819 ], [ 7.144323848917867, 44.671306819330425 ], [ 7.143608101726113, 44.671079113044733 ], [ 7.143222967796324, 44.670843286690108 ], [ 7.142362158713255, 44.670343145032433 ], [ 7.141512194648913, 44.669690126354006 ], [ 7.140994716435046, 44.669254084447559 ], [ 7.140521187642938, 44.668836751449447 ], [ 7.140159031472037, 44.66852475605689 ], [ 7.139698520812015, 44.668157153663721 ], [ 7.139330558508819, 44.667854076960232 ], [ 7.138450980230107, 44.667290581055525 ], [ 7.138272818506831, 44.667215641075344 ], [ 7.137807241064529, 44.667018990167371 ], [ 7.137075108780724, 44.666664958108136 ], [ 7.136354135690866, 44.666320082659105 ], [ 7.135762211163509, 44.666080853114451 ], [ 7.135154527101356, 44.665890885640124 ], [ 7.134512832565909, 44.665839872322536 ], [ 7.133639027112145, 44.665749070049706 ], [ 7.133086141256196, 44.665780532613709 ], [ 7.132497821434317, 44.665797916069877 ], [ 7.131511688948957, 44.665903310340489 ], [ 7.131167422184037, 44.665956192488892 ], [ 7.130740924111662, 44.666102234740556 ], [ 7.130249018336206, 44.666247221691172 ], [ 7.129946975274744, 44.666372807419783 ], [ 7.129183498667572, 44.666063215322325 ], [ 7.128372019255389, 44.665689813332733 ], [ 7.127801893243933, 44.665423890694996 ], [ 7.127357012893589, 44.665223038079311 ], [ 7.12627730516091, 44.664831704448034 ], [ 7.125325729540681, 44.664500985468081 ], [ 7.124589109016003, 44.664277333698351 ], [ 7.124052824814737, 44.664160476980861 ], [ 7.123765673060658, 44.664092738473698 ], [ 7.123146977934801, 44.663880014258162 ], [ 7.122716590708722, 44.66367038386376 ], [ 7.121557803165959, 44.663178678780014 ], [ 7.1210056169504, 44.662822988792222 ], [ 7.120628385630592, 44.662627722293642 ], [ 7.118935962332284, 44.661744593334191 ], [ 7.118324853106365, 44.661383420387317 ], [ 7.116591438431707, 44.660405071331887 ], [ 7.116093654598722, 44.660099759136003 ], [ 7.115217375784939, 44.659554152075408 ], [ 7.115049351644252, 44.659447852396966 ], [ 7.113814918831819, 44.660296193172201 ], [ 7.113202501614732, 44.660790194190739 ], [ 7.112754476618392, 44.661138401124148 ], [ 7.111912994448805, 44.661876180595776 ], [ 7.111348840666865, 44.662339479385871 ], [ 7.110978176014479, 44.662756457666667 ], [ 7.110469451599839, 44.663333191839527 ], [ 7.110359247045237, 44.663461902231198 ], [ 7.110325718710242, 44.663668414319879 ], [ 7.110269228467474, 44.663951059244106 ], [ 7.11017627877414, 44.664179080844029 ], [ 7.110031895738233, 44.664352229230587 ], [ 7.109813528341483, 44.664533167938096 ], [ 7.109333508519026, 44.664687258740685 ], [ 7.108937314359085, 44.66479773325652 ], [ 7.108636247619952, 44.664839959808411 ], [ 7.108412820583273, 44.66485205750395 ], [ 7.106366676935136, 44.665151205767792 ], [ 7.105506345531536, 44.665265660336246 ], [ 7.105466100297374, 44.665266791766044 ], [ 7.104873165612251, 44.665328980320041 ], [ 7.104452307023303, 44.665385007465176 ], [ 7.103869313827456, 44.665420326856136 ], [ 7.103415417636721, 44.665498313735519 ], [ 7.102939071588485, 44.665526402867947 ], [ 7.102474816539353, 44.665559190517811 ], [ 7.102100696442599, 44.665620484730766 ], [ 7.101509290620066, 44.665660169593444 ], [ 7.100914415048978, 44.665708771832428 ], [ 7.100400287311145, 44.665808255932262 ], [ 7.09929163273761, 44.666041866390749 ], [ 7.098791567304779, 44.666168569646096 ], [ 7.098006515076587, 44.666259011280914 ], [ 7.097268766367526, 44.666336740645548 ], [ 7.096657549231923, 44.666439087467118 ], [ 7.096044360115489, 44.666505371933006 ], [ 7.094903816431946, 44.666724893119493 ], [ 7.0944147726986, 44.666779745750524 ], [ 7.093976180821663, 44.666835439009311 ], [ 7.093565624620673, 44.666936621342323 ], [ 7.092715897914983, 44.667183491464307 ], [ 7.092353058884794, 44.667271953340716 ], [ 7.091925967464713, 44.667336828110642 ], [ 7.091533964456641, 44.667402288244489 ], [ 7.091285690776566, 44.667411650233262 ], [ 7.090371703939651, 44.667477371106358 ], [ 7.090176382100038, 44.667483118258232 ], [ 7.090048330090702, 44.667444948762565 ], [ 7.089889835896224, 44.667865428379216 ], [ 7.089781381929734, 44.668646822550798 ], [ 7.089698739082753, 44.6690145510847 ], [ 7.089557656275315, 44.669444299824562 ], [ 7.089129007558862, 44.670359883539668 ], [ 7.088907444880215, 44.67081529479205 ], [ 7.088643030819028, 44.671315011177548 ], [ 7.088118912814727, 44.672530567593917 ], [ 7.087822573764636, 44.673101762608596 ], [ 7.0875665199752, 44.673610613530514 ], [ 7.087315883547136, 44.673966527357706 ], [ 7.086506414608468, 44.674758677049304 ], [ 7.086311407738696, 44.674885942277939 ], [ 7.085904139421138, 44.674969139226953 ], [ 7.084110789488441, 44.675371154663395 ], [ 7.083806019183474, 44.675478577547103 ], [ 7.083284028014951, 44.675645350690573 ], [ 7.082989541798256, 44.675883478627227 ], [ 7.082284357553466, 44.676308239362804 ], [ 7.081070202453265, 44.677305115382303 ], [ 7.080165705878573, 44.678140644995096 ], [ 7.078623788706433, 44.679257997792405 ], [ 7.077551912084236, 44.680216724804986 ], [ 7.077173891063338, 44.680439915683991 ], [ 7.076303081759612, 44.681074207858487 ], [ 7.076318133022196, 44.681096307284676 ], [ 7.076441216935394, 44.681103489270683 ], [ 7.076681719033114, 44.681039632009316 ], [ 7.076718738725684, 44.681079735477439 ], [ 7.076788699685562, 44.681086171025903 ], [ 7.076874567853977, 44.68105055247689 ], [ 7.077021032341595, 44.681031629841897 ], [ 7.077111091350581, 44.681036423228377 ], [ 7.077171416974203, 44.68120638250457 ], [ 7.077102344544434, 44.681229663254335 ], [ 7.077074008705512, 44.681292008755214 ], [ 7.077073774881697, 44.681567871296281 ], [ 7.077099625893894, 44.68162821940291 ], [ 7.076978203927704, 44.681766115150175 ], [ 7.076942868665365, 44.681853960028413 ], [ 7.076862497153406, 44.681895686772805 ], [ 7.076854170330425, 44.681972620176481 ], [ 7.076800471811227, 44.682103511104444 ], [ 7.07678376420614, 44.682396207155371 ], [ 7.076819934938839, 44.682476908718705 ], [ 7.076846950573041, 44.682658012393745 ], [ 7.07638552102172, 44.682620033124408 ], [ 7.076345254776455, 44.682674704710223 ], [ 7.076294864862899, 44.682711719906322 ], [ 7.076263485718111, 44.682766966158887 ], [ 7.07624657756427, 44.682812663410203 ], [ 7.076282749196347, 44.68289336407377 ], [ 7.076281484749509, 44.682945697422277 ], [ 7.076395900996809, 44.683286749120747 ], [ 7.076414402749301, 44.683437516864288 ], [ 7.076333656220048, 44.683509005772592 ], [ 7.076249203584752, 44.683721263761981 ], [ 7.076176818052513, 44.683838420243532 ], [ 7.076174562998586, 44.683841064845545 ], [ 7.075669988830993, 44.68483329242617 ] ] ] ] } },
{ "type": "Feature", "properties": { "uuid": "779a1b5b-0a1a-4994-957e-188c973073a8", "ente_prod": "ISTAT", "sc_acq": "1:10000", "comune_ist": "004156", "comune_nom": "Ostana", "provin_nom": "CUNEO", "provin_sig": "CN", "zona_alt": "M", "d_zona_alt": "montagna", "quota_capo": 1244, "quota_min": 880, "quota_max": 2423, "cap": "12030" }, "geometry": { "type": "MultiPolygon", "coordinates": [ [ [ [ 7.206931976502847, 44.685960039476448 ], [ 7.206715457379387, 44.685947622456567 ], [ 7.206405238616728, 44.685879729358369 ], [ 7.205981103852679, 44.685823559305561 ], [ 7.205599451327759, 44.685808543358057 ], [ 7.205427553149545, 44.685756337705918 ], [ 7.205223772798016, 44.685613601147253 ], [ 7.205120025819375, 44.685499429607432 ], [ 7.205051969110264, 44.685354328628485 ], [ 7.204517400875168, 44.684787756413229 ], [ 7.204265656747651, 44.684563233121999 ], [ 7.204049555454742, 44.684411303494514 ], [ 7.203859842794643, 44.68432278810932 ], [ 7.203523734987665, 44.684263477686983 ], [ 7.203131521288208, 44.684297827875341 ], [ 7.202969590288889, 44.684331285479878 ], [ 7.202719626822215, 44.684457883488747 ], [ 7.202520082479132, 44.684585275945345 ], [ 7.202192119172125, 44.684683634156869 ], [ 7.201642040509521, 44.6848235143812 ], [ 7.201301106476269, 44.684818140972531 ], [ 7.201067913071946, 44.684733434649353 ], [ 7.200769449442951, 44.684566685441837 ], [ 7.200019449535417, 44.684235269705965 ], [ 7.199705676042161, 44.684180816206847 ], [ 7.199277295594042, 44.684147046989814 ], [ 7.199036192867668, 44.684089220931476 ], [ 7.198862549180399, 44.683991953378751 ], [ 7.198741722875295, 44.683819005402377 ], [ 7.198726452722217, 44.683764744081245 ], [ 7.19867630793345, 44.683588413169574 ], [ 7.198618002357778, 44.683434446104521 ], [ 7.198485212509954, 44.683342322312079 ], [ 7.198291547570338, 44.683280745022671 ], [ 7.197957731119795, 44.683261978373423 ], [ 7.19774206405886, 44.683299078191496 ], [ 7.197600680654881, 44.683382375030163 ], [ 7.19750477542657, 44.683524890880463 ], [ 7.197412101173191, 44.683766501177026 ], [ 7.197306462273312, 44.683917879079004 ], [ 7.197106127043101, 44.684058743916374 ], [ 7.196815829570419, 44.684162180562701 ], [ 7.196519037611423, 44.684171004893315 ], [ 7.196046764040275, 44.684141027477317 ], [ 7.195432746347548, 44.684104309043555 ], [ 7.195015042056561, 44.68413371091318 ], [ 7.194768884442078, 44.684237857628574 ], [ 7.194481760413779, 44.684341338538999 ], [ 7.193991639082412, 44.684581155428084 ], [ 7.193722859372445, 44.684702937809675 ], [ 7.193554225296885, 44.684749771250651 ], [ 7.193360887682647, 44.684778220084176 ], [ 7.193121193256124, 44.684877967023247 ], [ 7.193001999163505, 44.684957092049146 ], [ 7.192485920355796, 44.685309013396697 ], [ 7.192329441624468, 44.6853695529812 ], [ 7.192120930897358, 44.685379764299668 ], [ 7.191849622865147, 44.685379964237534 ], [ 7.19166177089697, 44.685435506348604 ], [ 7.191480991688525, 44.685567675009189 ], [ 7.191357941454004, 44.685669248795172 ], [ 7.190991128592403, 44.685798467987333 ], [ 7.190624207091895, 44.685918686299075 ], [ 7.190314420709035, 44.686039809528005 ], [ 7.190085851711939, 44.686085707141288 ], [ 7.189801349095185, 44.686103705993617 ], [ 7.189384006976179, 44.686335641544396 ], [ 7.18911850191922, 44.686452965576279 ], [ 7.188925529255592, 44.686571441058497 ], [ 7.188826446907298, 44.686713898235183 ], [ 7.188743044497159, 44.686960147991442 ], [ 7.188715998909819, 44.687220787834285 ], [ 7.188692039836523, 44.687382450313606 ], [ 7.188549715224119, 44.687596255060321 ], [ 7.188165437758138, 44.687968261949997 ], [ 7.18785941169459, 44.688170451463463 ], [ 7.18769341544616, 44.688334357493126 ], [ 7.18737582551473, 44.688603895911889 ], [ 7.187297366651634, 44.688616146127359 ], [ 7.187134753093493, 44.688645071551171 ], [ 7.186735633925537, 44.68869724904949 ], [ 7.186346925917996, 44.688718082859509 ], [ 7.18613092427892, 44.688651631439733 ], [ 7.185907179292662, 44.688643576199873 ], [ 7.185501027451971, 44.688718131163071 ], [ 7.185094733515157, 44.688797199862066 ], [ 7.18479136526375, 44.688913911595947 ], [ 7.184572714961435, 44.689045465932765 ], [ 7.184332566565686, 44.689158683648564 ], [ 7.184145117854276, 44.68920070616489 ], [ 7.183803597217598, 44.689213284204421 ], [ 7.183434439483326, 44.689315430710472 ], [ 7.183157005994696, 44.689410039356062 ], [ 7.182883904994192, 44.689567734532361 ], [ 7.18257225313814, 44.689747326666215 ], [ 7.182328945959701, 44.689860489848265 ], [ 7.182000186531241, 44.689981288235984 ], [ 7.181665044187254, 44.690092968890731 ], [ 7.181276095208762, 44.690221803161755 ], [ 7.18106201966943, 44.690308419400893 ], [ 7.180581716562297, 44.690507829297225 ], [ 7.180171703607822, 44.690667833508854 ], [ 7.17975926616541, 44.690904311383171 ], [ 7.179443822426286, 44.691065839418272 ], [ 7.178886985052374, 44.691178473334254 ], [ 7.178596774166373, 44.691214366199169 ], [ 7.178449970636393, 44.691230017076222 ], [ 7.178107298854011, 44.691292063385795 ], [ 7.17784300573576, 44.691431892044946 ], [ 7.1776317408302, 44.691604057592244 ], [ 7.177504890037321, 44.691876615225084 ], [ 7.177448199349017, 44.692073760572491 ], [ 7.177313455725457, 44.692283173721158 ], [ 7.177033232126674, 44.692503759265556 ], [ 7.176824124369332, 44.692707466397188 ], [ 7.176285327949942, 44.693211996761562 ], [ 7.176130760479703, 44.693412094596283 ], [ 7.17603489209568, 44.693563589873214 ], [ 7.176005004347739, 44.693648641907366 ], [ 7.176026663658741, 44.693712005386573 ], [ 7.176114053934617, 44.693830440569116 ], [ 7.176255579204748, 44.693945224328374 ], [ 7.176363492864083, 44.694050472807554 ], [ 7.176462137159093, 44.694250118776459 ], [ 7.176548399505696, 44.694404524755214 ], [ 7.176721172652549, 44.69459184047755 ], [ 7.176931876416312, 44.694865290746876 ], [ 7.177100371178889, 44.695088544694045 ], [ 7.177176793262734, 44.695242792983159 ], [ 7.17717471939307, 44.695409320783199 ], [ 7.177195567331985, 44.695612202979092 ], [ 7.177255060777207, 44.695865224115835 ], [ 7.177334328536796, 44.696028533702105 ], [ 7.177417055401276, 44.696182901412669 ], [ 7.177478624686318, 44.696269395563881 ], [ 7.177458428808388, 44.696372596856278 ], [ 7.177343728578078, 44.696483304711258 ], [ 7.177211102729102, 44.696611720244427 ], [ 7.177150707649841, 44.696714280255293 ], [ 7.177140317615022, 44.696831152620192 ], [ 7.1771377040428, 44.69701566498064 ], [ 7.177080820399548, 44.697118281039792 ], [ 7.176936505858508, 44.697192489338953 ], [ 7.176750999974512, 44.697297565960362 ], [ 7.176629863282392, 44.697399155179049 ], [ 7.176537731898963, 44.697532715474061 ], [ 7.176437291533348, 44.697729161053871 ], [ 7.176324892445442, 44.697866914724663 ], [ 7.176135111980889, 44.697994416475971 ], [ 7.175988630934138, 44.698037080323147 ], [ 7.175772554301795, 44.698047139940464 ], [ 7.175573180609878, 44.698052950555642 ], [ 7.175417290069039, 44.698068452244961 ], [ 7.1753348531079, 44.698094144215695 ], [ 7.174936767200338, 44.69822282956337 ], [ 7.174553053783555, 44.698396729635498 ], [ 7.174391038114435, 44.698506677596605 ], [ 7.174212216448514, 44.698611839903293 ], [ 7.173912249233933, 44.698818605206739 ], [ 7.173605907980617, 44.699002756146001 ], [ 7.173459828357919, 44.69909494480568 ], [ 7.173180492736613, 44.699135477571808 ], [ 7.172756717995786, 44.69917819636742 ], [ 7.172561453185298, 44.699229089721896 ], [ 7.172267584012592, 44.699404439728276 ], [ 7.172084186367734, 44.699554548503187 ], [ 7.171935912025947, 44.699691704250576 ], [ 7.171851299374854, 44.699847893620579 ], [ 7.171782279771189, 44.700148362194803 ], [ 7.171737547740655, 44.70046723375453 ], [ 7.171712503283245, 44.70078641980615 ], [ 7.171631045575656, 44.701005676744224 ], [ 7.171497159092311, 44.701161076336078 ], [ 7.171344870617578, 44.701262159832005 ], [ 7.170979231158318, 44.701512870044716 ], [ 7.170884201731168, 44.701686903813794 ], [ 7.17075819640745, 44.70190544605051 ], [ 7.17068799700852, 44.702079859659356 ], [ 7.170620374078975, 44.702173302314094 ], [ 7.170539348147437, 44.702541113086028 ], [ 7.170531266365023, 44.702797553525421 ], [ 7.170666534502808, 44.703074286138374 ], [ 7.170847870191491, 44.703315767888895 ], [ 7.171109163678091, 44.703536001286182 ], [ 7.171537804207238, 44.70396599995437 ], [ 7.171713863951057, 44.704211876274933 ], [ 7.171858406869366, 44.704520283493771 ], [ 7.172068037588328, 44.704802722167408 ], [ 7.172274143180371, 44.704959050737813 ], [ 7.172514851942054, 44.705282493759782 ], [ 7.172730780218748, 44.705691068154913 ], [ 7.172898334699681, 44.706044846601394 ], [ 7.173031017732383, 44.706254019184598 ], [ 7.173104885713015, 44.70642626004296 ], [ 7.173065510065545, 44.706574158395298 ], [ 7.173042470799627, 44.706654820601244 ], [ 7.17298746649124, 44.706847491763305 ], [ 7.17285095927336, 44.707236908238364 ], [ 7.172835787231768, 44.707556252262137 ], [ 7.172869091806143, 44.707763851742321 ], [ 7.173020476380348, 44.708004832280778 ], [ 7.173148164084182, 44.708209425260961 ], [ 7.173441962482275, 44.708826310880028 ], [ 7.173478835656706, 44.708921408763196 ], [ 7.173418929845267, 44.709082511952808 ], [ 7.173386283360062, 44.709329543175159 ], [ 7.173461419509178, 44.70947479397482 ], [ 7.173550396626776, 44.709642759761842 ], [ 7.173587269858643, 44.709737876503269 ], [ 7.173547327573232, 44.709903778869318 ], [ 7.173609489128603, 44.710134332522657 ], [ 7.173767299092092, 44.710334927213417 ], [ 7.173852860815503, 44.710448817111882 ], [ 7.173821232145804, 44.710664374141153 ], [ 7.173852701733552, 44.710930444446198 ], [ 7.173777042644786, 44.710965241657661 ], [ 7.173604287533745, 44.710926468911325 ], [ 7.173393372162891, 44.710846579495836 ], [ 7.17326361149699, 44.710857997960233 ], [ 7.172951551312956, 44.710983536699878 ], [ 7.172452922249622, 44.711196114008075 ], [ 7.1720502090587, 44.711356205523749 ], [ 7.171786254429935, 44.711419493625826 ], [ 7.17125973688318, 44.712315816280125 ], [ 7.17082568748339, 44.712957031019108 ], [ 7.170426940323377, 44.713778865151582 ], [ 7.169912740223424, 44.714333261756003 ], [ 7.16988984713204, 44.714395912593858 ], [ 7.169641425742029, 44.715067109463739 ], [ 7.169780130781615, 44.715911074689949 ], [ 7.169892274001308, 44.716295477689322 ], [ 7.170173768162126, 44.716565558201538 ], [ 7.170455844037734, 44.716804138805628 ], [ 7.170486039451102, 44.717160217318018 ], [ 7.170681020314071, 44.717545947482463 ], [ 7.170918838024053, 44.717873844467881 ], [ 7.171682783600974, 44.718597293253019 ], [ 7.171510647319473, 44.718801583109503 ], [ 7.17112814004821, 44.719119538447273 ], [ 7.170411557850657, 44.719522164810776 ], [ 7.170152426792526, 44.719869105719411 ], [ 7.169806263640809, 44.720336186666096 ], [ 7.169711362973413, 44.720717268831692 ], [ 7.169781141629938, 44.721132500664851 ], [ 7.16976524457383, 44.721636386266177 ], [ 7.169877396241062, 44.72202078905881 ], [ 7.170116103652932, 44.722321691758033 ], [ 7.170227408549867, 44.722733090567999 ], [ 7.170415737652816, 44.723330260407458 ], [ 7.170480981727913, 44.723889466753711 ], [ 7.170342685886518, 44.724332871392065 ], [ 7.170325940936963, 44.724863735188187 ], [ 7.170465630028601, 44.725689701074103 ], [ 7.170738385891488, 44.726225205735403 ], [ 7.170541917490289, 44.726523648202182 ], [ 7.170359541355992, 44.726700779962876 ], [ 7.170097119397714, 44.727038651685 ], [ 7.16985242987146, 44.727439843023106 ], [ 7.169878114405379, 44.727525783333263 ], [ 7.169890252313994, 44.727566484382777 ], [ 7.169857314675833, 44.72799806333628 ], [ 7.169786113845734, 44.728303011823357 ], [ 7.169765265504076, 44.728563744023106 ], [ 7.169663417386488, 44.728827676488542 ], [ 7.169597830173023, 44.72926774753256 ], [ 7.16959294937943, 44.729722287758086 ], [ 7.169587888949946, 44.730194837105515 ], [ 7.169481493755586, 44.730602744977411 ], [ 7.1694267835973, 44.730997966492687 ], [ 7.16938517566434, 44.731303389286253 ], [ 7.169417344378924, 44.731609976630786 ], [ 7.169449061725291, 44.73193007203578 ], [ 7.169453540640785, 44.732101201459685 ], [ 7.168931914725764, 44.733722271561852 ], [ 7.16938586672949, 44.73365752168521 ], [ 7.17063883226425, 44.733322020630212 ], [ 7.172051403711873, 44.733169117946915 ], [ 7.172557638326129, 44.732884649994169 ], [ 7.173517983272321, 44.732629941338828 ], [ 7.174353913642562, 44.732377751706927 ], [ 7.174819707025463, 44.732061118264866 ], [ 7.175393634412604, 44.731593166343515 ], [ 7.17576903443582, 44.731477631709936 ], [ 7.176288164321685, 44.7312968765563 ], [ 7.176844423608497, 44.731026684473463 ], [ 7.177109565337095, 44.730765354234656 ], [ 7.177428379833682, 44.730414852828325 ], [ 7.177856804656198, 44.730043590193688 ], [ 7.178121190537751, 44.729867773860441 ], [ 7.178462508754687, 44.729643645522138 ], [ 7.178660817792641, 44.729322726421479 ], [ 7.178735947117757, 44.729116878873015 ], [ 7.178782139779804, 44.728915049072491 ], [ 7.178848541015358, 44.728434480281521 ], [ 7.178965644630133, 44.728337324217463 ], [ 7.179541054714853, 44.727819871460895 ], [ 7.180085672849127, 44.72737843807856 ], [ 7.1805043278316, 44.727128545819198 ], [ 7.180798551500518, 44.727020697293554 ], [ 7.181329333221387, 44.726831106939272 ], [ 7.181689742984553, 44.726688303905512 ], [ 7.181860816829045, 44.726619014741523 ], [ 7.182454441575636, 44.726425922743083 ], [ 7.182735365069815, 44.726389890256279 ], [ 7.183475163300146, 44.726266618040739 ], [ 7.18429975788851, 44.726158223574735 ], [ 7.184744761816368, 44.725985247434807 ], [ 7.185538394475269, 44.725781806272195 ], [ 7.186503899093496, 44.725545083125141 ], [ 7.186963035238418, 44.725462369630748 ], [ 7.18733520740977, 44.725423258973393 ], [ 7.187833645241162, 44.725345645848627 ], [ 7.188720772124769, 44.725445259113599 ], [ 7.189084468732295, 44.725487038123838 ], [ 7.189516427311344, 44.725718952525384 ], [ 7.189917143226462, 44.725864858431827 ], [ 7.190613919712179, 44.726019937982265 ], [ 7.191142756248647, 44.726068827177969 ], [ 7.19151279998229, 44.726097203517135 ], [ 7.191994109384942, 44.726037313722394 ], [ 7.192414169423819, 44.725917933310264 ], [ 7.192785022398928, 44.725730255742093 ], [ 7.193291693032673, 44.725400679563279 ], [ 7.193652374841798, 44.725172331738491 ], [ 7.194161478230447, 44.724955329459284 ], [ 7.194669324895798, 44.724765314989305 ], [ 7.195463933065148, 44.724705867968602 ], [ 7.195699526097513, 44.724844624971425 ], [ 7.19654984813751, 44.725011111802289 ], [ 7.196775024696697, 44.724965148717523 ], [ 7.198504768698576, 44.725429091773485 ], [ 7.199118303673814, 44.725672832184664 ], [ 7.199730866316552, 44.725948063314164 ], [ 7.199872488928849, 44.725581208074331 ], [ 7.200316454970992, 44.724422386113552 ], [ 7.200581425946118, 44.723895433291339 ], [ 7.200808173669448, 44.723250838479309 ], [ 7.200952515275906, 44.722604925157924 ], [ 7.201130979496418, 44.722193626040429 ], [ 7.201191664135665, 44.721573422454618 ], [ 7.202095559992139, 44.718787920344731 ], [ 7.202180536137583, 44.718528173168934 ], [ 7.202483553385094, 44.718528447466888 ], [ 7.203294256114553, 44.718532214926633 ], [ 7.204470789356574, 44.718532717501972 ], [ 7.205264861872949, 44.718576716661175 ], [ 7.206401826968295, 44.718518076606287 ], [ 7.207503867431407, 44.718413853760978 ], [ 7.208236179210674, 44.718285821463986 ], [ 7.20910194683216, 44.718065352264368 ], [ 7.209783946258335, 44.717904994024437 ], [ 7.210495806429587, 44.717556065065573 ], [ 7.210853822019219, 44.717359129581013 ], [ 7.211596099608699, 44.716907128192688 ], [ 7.212230887567261, 44.716498462123305 ], [ 7.212697761238981, 44.716123170094797 ], [ 7.213458742456207, 44.715459903929059 ], [ 7.214266639554611, 44.714860383742518 ], [ 7.214592906192629, 44.714604420267293 ], [ 7.215330832508835, 44.71420184874389 ], [ 7.215787625457771, 44.713947922804742 ], [ 7.216286951280765, 44.713708156221941 ], [ 7.216511512477093, 44.713603643569279 ], [ 7.217747621940948, 44.713087302855641 ], [ 7.218168503126614, 44.712922816515238 ], [ 7.218451934662472, 44.712724691724056 ], [ 7.218942939197197, 44.712408270070675 ], [ 7.220043587854343, 44.711651234784931 ], [ 7.221216916113778, 44.710607243502132 ], [ 7.221347988645817, 44.71048774971797 ], [ 7.223472047225652, 44.708450264226983 ], [ 7.224122012637373, 44.70786171171131 ], [ 7.221870880933295, 44.70669686026686 ], [ 7.221191905542285, 44.706326186584846 ], [ 7.220798454852725, 44.706112987496375 ], [ 7.220629151135292, 44.705844781276262 ], [ 7.220576657912092, 44.705704432129188 ], [ 7.220420590537469, 44.705287885262415 ], [ 7.220298616472208, 44.704840360327466 ], [ 7.220106906782585, 44.704364737652853 ], [ 7.219969801852193, 44.704205055612611 ], [ 7.219731739621248, 44.703967284133327 ], [ 7.219567923192008, 44.703739668358871 ], [ 7.219451503152459, 44.703535302412 ], [ 7.21934385022166, 44.703367063121355 ], [ 7.219220049555021, 44.703198589775482 ], [ 7.219085686888454, 44.703052463007559 ], [ 7.218949368089692, 44.702982820085239 ], [ 7.218698659679405, 44.70295189642863 ], [ 7.218502616571585, 44.702926324951832 ], [ 7.218455498551796, 44.702880585303426 ], [ 7.218423587856427, 44.702763049008027 ], [ 7.218411968836635, 44.702627834459562 ], [ 7.21834101574818, 44.702523184245607 ], [ 7.218323810181841, 44.702338379788273 ], [ 7.218303175662318, 44.702176014420381 ], [ 7.218204018841352, 44.702039415232754 ], [ 7.218053764747438, 44.70188404206985 ], [ 7.217912387891801, 44.701773794377985 ], [ 7.217799544166299, 44.701659510652377 ], [ 7.217724775221203, 44.70147378827297 ], [ 7.217678512794019, 44.701297508970981 ], [ 7.217683209078888, 44.701144554999871 ], [ 7.217694348156435, 44.700987184207413 ], [ 7.217667500049367, 44.700923747751084 ], [ 7.217566852152517, 44.700836646296281 ], [ 7.217445885930801, 44.700780735998336 ], [ 7.217306697859605, 44.700702048316572 ], [ 7.217203425305078, 44.700596911434083 ], [ 7.216992927993315, 44.700310043067127 ], [ 7.216694921241194, 44.699931779713893 ], [ 7.216605391420138, 44.699790848985856 ], [ 7.216499385318463, 44.699672154247537 ], [ 7.216355418622571, 44.699530372619073 ], [ 7.216251485496208, 44.69944771806756 ], [ 7.216188060331391, 44.699316192046687 ], [ 7.216145094315077, 44.699135483058001 ], [ 7.216096432341289, 44.698999671195956 ], [ 7.216060020042991, 44.698913591306237 ], [ 7.215943731682938, 44.698731717209881 ], [ 7.21575796327921, 44.698436235972451 ], [ 7.215692658706746, 44.698354183889087 ], [ 7.215600536534445, 44.698181703201264 ], [ 7.215527048630745, 44.698032026240568 ], [ 7.215447700698626, 44.697918245829413 ], [ 7.215295997386061, 44.697785338906513 ], [ 7.215135394074125, 44.697620784885238 ], [ 7.215070393944458, 44.697516243650384 ], [ 7.21496229480053, 44.697388517644697 ], [ 7.214828674155779, 44.697296399475952 ], [ 7.214656541995458, 44.697199180183929 ], [ 7.214556930826903, 44.697103095175628 ], [ 7.214458978898371, 44.696966530368094 ], [ 7.214345903883611, 44.696847722977758 ], [ 7.214201723359611, 44.696777950399017 ], [ 7.214023232937692, 44.696721137224664 ], [ 7.213840819576171, 44.696637269397023 ], [ 7.213620364474544, 44.696521280125346 ], [ 7.213480635129485, 44.69647408785584 ], [ 7.213244642046559, 44.696375866753996 ], [ 7.213039868346526, 44.696224113809841 ], [ 7.212784420620353, 44.695977058227172 ], [ 7.212539373230763, 44.695712133017956 ], [ 7.212348904658591, 44.695416572460488 ], [ 7.21228707262328, 44.695208556301402 ], [ 7.212258856789086, 44.695023559332469 ], [ 7.212210348691689, 44.694856257510779 ], [ 7.212227716992997, 44.694766501341959 ], [ 7.212329104700914, 44.694637555562039 ], [ 7.21234672312426, 44.694538806227555 ], [ 7.212314880847611, 44.694407773536199 ], [ 7.212179063317412, 44.69428410827836 ], [ 7.21195375345992, 44.694172556223421 ], [ 7.211775966202753, 44.694093238958118 ], [ 7.211534427440779, 44.69402193747743 ], [ 7.211334113588323, 44.693892762860209 ], [ 7.211172007130818, 44.693777700348448 ], [ 7.211032425453745, 44.693725990833222 ], [ 7.210813387272953, 44.693718058671315 ], [ 7.210542960331526, 44.693637305141266 ], [ 7.210265550918, 44.693475410279966 ], [ 7.210070108213903, 44.693341811285563 ], [ 7.209700917804155, 44.6931514654663 ], [ 7.209432577889796, 44.693003207332062 ], [ 7.209323969351484, 44.692893480024566 ], [ 7.209229931769916, 44.692783982142657 ], [ 7.208982267416007, 44.692451492278686 ], [ 7.208733915379252, 44.692128007036096 ], [ 7.208541534245927, 44.691895427195632 ], [ 7.208355268921787, 44.691617938790984 ], [ 7.208264428434943, 44.691404947485495 ], [ 7.208228609037007, 44.691134319177351 ], [ 7.208227760721609, 44.690855223910205 ], [ 7.208184438192627, 44.690674488061831 ], [ 7.208150402814566, 44.690511910144913 ], [ 7.208219981173733, 44.690314951782042 ], [ 7.208219417974915, 44.690179909485828 ], [ 7.208145959186576, 44.690030209116856 ], [ 7.208011361264179, 44.68981654854484 ], [ 7.207861778790509, 44.689616131007497 ], [ 7.207717479369484, 44.689397819197268 ], [ 7.207451939131947, 44.689159571950832 ], [ 7.207174696990534, 44.68899317353528 ], [ 7.206912216550868, 44.68882250782962 ], [ 7.206681381445401, 44.688724354048205 ], [ 7.206411261757934, 44.688634580397462 ], [ 7.206225017572307, 44.688523629943447 ], [ 7.206134746053303, 44.688445697275277 ], [ 7.206091957699782, 44.688260470418925 ], [ 7.206075722992835, 44.688147675314418 ], [ 7.206090150642339, 44.687999372982695 ], [ 7.2060554532065, 44.687859277542692 ], [ 7.206101434976073, 44.687787985015099 ], [ 7.206226010675138, 44.687699914719701 ], [ 7.206340299155353, 44.687625197126316 ], [ 7.206363094935782, 44.687513015454954 ], [ 7.206360174683302, 44.687454468780558 ], [ 7.206313912826914, 44.687381708419338 ], [ 7.206259340327634, 44.687245817202708 ], [ 7.20624379695903, 44.687124035896154 ], [ 7.206356970962893, 44.686932262284635 ], [ 7.206406285922767, 44.686752999505629 ], [ 7.20644489922377, 44.686600559744114 ], [ 7.206584734340344, 44.686490217255681 ], [ 7.206735131265696, 44.686357547863189 ], [ 7.206848912459715, 44.68613427371502 ], [ 7.206931976502847, 44.685960039476448 ] ] ] ] } },
{ "type": "Feature", "properties": { "uuid": "15b823b8-05e4-480b-9a3d-d57e2376339d", "ente_prod": "ISTAT", "sc_acq": "1:10000", "comune_ist": "004209", "comune_nom": "Sanfront", "provin_nom": "CUNEO", "provin_sig": "CN", "zona_alt": "M", "d_zona_alt": "montagna", "quota_capo": 488, "quota_min": 427, "quota_max": 1758, "cap": "12030" }, "geometry": { "type": "MultiPolygon", "coordinates": [ [ [ [ 7.338362069472222, 44.680874548131122 ], [ 7.337917165237267, 44.680147881722213 ], [ 7.337669394115821, 44.679725665146904 ], [ 7.337587669308894, 44.679494912982122 ], [ 7.337587891735438, 44.679494382053932 ], [ 7.337587611616339, 44.679493591070425 ], [ 7.337640087230734, 44.679368319609694 ], [ 7.337822840646354, 44.679154916592907 ], [ 7.338152622477462, 44.678763615748267 ], [ 7.338615339973764, 44.678356234583568 ], [ 7.338827892140499, 44.678134266486786 ], [ 7.338872498850187, 44.678073210395041 ], [ 7.337982112157547, 44.678042269745369 ], [ 7.337858664402228, 44.677905436312791 ], [ 7.337858669435807, 44.677904130033724 ], [ 7.337858637996727, 44.677904095179066 ], [ 7.337859420273252, 44.677697058559957 ], [ 7.337962977764146, 44.677509512353552 ], [ 7.338145465403048, 44.677305101965302 ], [ 7.338299758515726, 44.677217319442121 ], [ 7.33843847849769, 44.677165336182071 ], [ 7.33853586559747, 44.677027203372539 ], [ 7.338608558207223, 44.676884230578537 ], [ 7.338710975841626, 44.67671993480463 ], [ 7.338592889051625, 44.676579267873471 ], [ 7.338516002702727, 44.676524133570879 ], [ 7.338516229086884, 44.676522967517748 ], [ 7.338515979455583, 44.676522788576655 ], [ 7.338538645529691, 44.676406079890519 ], [ 7.338751305466007, 44.676292968606084 ], [ 7.33860726710791, 44.676241888295465 ], [ 7.338334116325917, 44.676197398279747 ], [ 7.338017337557173, 44.676120768515325 ], [ 7.337872134240166, 44.676055642117902 ], [ 7.337752008668144, 44.675968369179159 ], [ 7.337606190620837, 44.675759190616731 ], [ 7.33748828818812, 44.67542888690781 ], [ 7.337438393205348, 44.674595439338503 ], [ 7.337438495860138, 44.674594821864943 ], [ 7.337438450875907, 44.67459406994336 ], [ 7.337521317789717, 44.674095631633712 ], [ 7.337722942693865, 44.673387375740717 ], [ 7.337807533016877, 44.673172543219302 ], [ 7.33819784833728, 44.672552562494779 ], [ 7.338433395460229, 44.672380432514949 ], [ 7.338701565232555, 44.672253800901665 ], [ 7.339114654036821, 44.672214806069732 ], [ 7.339866018956229, 44.672176212739522 ], [ 7.340204395837132, 44.672172135661206 ], [ 7.340553127087858, 44.67215019500965 ], [ 7.340926828777418, 44.672110621099428 ], [ 7.341210329423552, 44.672137234251387 ], [ 7.341440471461667, 44.672154091552549 ], [ 7.341538969246411, 44.672128512295394 ], [ 7.341645946774415, 44.671986017495868 ], [ 7.341929728872056, 44.671670551033493 ], [ 7.342114727092244, 44.671542702519204 ], [ 7.342283488979727, 44.67147313771936 ], [ 7.342465789793385, 44.671439777389217 ], [ 7.343234915921812, 44.67128889764259 ], [ 7.34378705806196, 44.671184368879551 ], [ 7.34400366457698, 44.670804904352387 ], [ 7.344108343666867, 44.670576862832164 ], [ 7.344232827486071, 44.670331094460607 ], [ 7.34426490283565, 44.670201025353776 ], [ 7.344227240291472, 44.670029438123969 ], [ 7.344219448074441, 44.66980426375806 ], [ 7.344151964970707, 44.669668251251373 ], [ 7.344063873204638, 44.669522924686433 ], [ 7.343933960634152, 44.66933650360798 ], [ 7.343361409712933, 44.668594491964711 ], [ 7.343149746153689, 44.668289826047797 ], [ 7.343007073840093, 44.668053696883945 ], [ 7.342676196916076, 44.667684300288698 ], [ 7.342520834964952, 44.667519981921409 ], [ 7.342464283569138, 44.667388626520911 ], [ 7.342465341377558, 44.667226598198248 ], [ 7.342327465601143, 44.667071568858162 ], [ 7.342181590649153, 44.666947913809032 ], [ 7.342007079595327, 44.666832839762471 ], [ 7.341496237119296, 44.666555353960987 ], [ 7.341582493575527, 44.66589491949653 ], [ 7.341794877754517, 44.665303852528758 ], [ 7.341896666785104, 44.66509376576051 ], [ 7.341879356035402, 44.664706410056787 ], [ 7.341858386036834, 44.664197464258876 ], [ 7.34180107125171, 44.664113360769413 ], [ 7.34194064312319, 44.662641225451914 ], [ 7.341374201062061, 44.662254890012406 ], [ 7.340781348884874, 44.661854672293195 ], [ 7.339463339327732, 44.661106304524864 ], [ 7.339406935985759, 44.661024471761415 ], [ 7.339176360246455, 44.660886084160303 ], [ 7.338866299790659, 44.660674507191004 ], [ 7.338743654710776, 44.660483668839845 ], [ 7.3386184096701, 44.660369324348849 ], [ 7.338253733898139, 44.659544784381339 ], [ 7.337212881118299, 44.658053224828691 ], [ 7.335921926963806, 44.655882826738704 ], [ 7.335937362881625, 44.655811036386737 ], [ 7.335524632095151, 44.655084812057744 ], [ 7.335128248833783, 44.654268814108335 ], [ 7.334649845466083, 44.653235554080418 ], [ 7.334685475274066, 44.652610392960995 ], [ 7.334687600108878, 44.652164799972034 ], [ 7.334358787031809, 44.652128493440578 ], [ 7.334128415943264, 44.652066613214508 ], [ 7.333913043672509, 44.652004969420396 ], [ 7.333863654751951, 44.651981737009912 ], [ 7.334530827102419, 44.651914958098423 ], [ 7.334960968451328, 44.651867211201917 ], [ 7.335589483054138, 44.651691820729432 ], [ 7.336768067981358, 44.650651206124685 ], [ 7.337651425795405, 44.649610779266418 ], [ 7.338160182622062, 44.649033029790942 ], [ 7.338666592005596, 44.648549770904538 ], [ 7.339042205239866, 44.648037577768882 ], [ 7.33916707442766, 44.647584772165054 ], [ 7.339234651990338, 44.647522736913913 ], [ 7.339403960562213, 44.647196614194421 ], [ 7.339593317202324, 44.646789751348138 ], [ 7.339677217295594, 44.646597418863344 ], [ 7.340019323873982, 44.646057742880529 ], [ 7.340331069549385, 44.645724691752193 ], [ 7.340728761215632, 44.645487398060837 ], [ 7.341114402590107, 44.645299449705234 ], [ 7.341315358464472, 44.645230354150662 ], [ 7.341606174395941, 44.645009517612117 ], [ 7.341761363116041, 44.644804704567136 ], [ 7.341881263433935, 44.644455347825506 ], [ 7.341963181972589, 44.644208964433183 ], [ 7.342237609577373, 44.644050905721002 ], [ 7.34242354430462, 44.643887062956161 ], [ 7.342710328309082, 44.643558141350709 ], [ 7.342891082860019, 44.643313192025516 ], [ 7.343105245577624, 44.643215475213047 ], [ 7.342860835762648, 44.642646564450146 ], [ 7.342506612199868, 44.641858213582587 ], [ 7.342452473550602, 44.641807904782176 ], [ 7.342348429994834, 44.64171186783328 ], [ 7.342158461914322, 44.641353512296689 ], [ 7.342014661771558, 44.641063343899283 ], [ 7.341695814654472, 44.640388025448665 ], [ 7.34142095384717, 44.639843879590302 ], [ 7.341159858798127, 44.639313448503728 ], [ 7.340732395338049, 44.638677054696544 ], [ 7.340476542464713, 44.638088178233787 ], [ 7.34031004437576, 44.637626636229911 ], [ 7.340166973271716, 44.637075387878873 ], [ 7.340033089870798, 44.636686335152774 ], [ 7.339992091849636, 44.636424668954966 ], [ 7.339934223331908, 44.636036721377344 ], [ 7.339867270054293, 44.635842194697538 ], [ 7.339689731465969, 44.635533519328824 ], [ 7.339588142502238, 44.635338488732373 ], [ 7.339508948841361, 44.63508978132446 ], [ 7.339479939509463, 44.634891288823539 ], [ 7.339463806848773, 44.634490452303147 ], [ 7.339425321244641, 44.634264829697159 ], [ 7.339273040583924, 44.634037552609328 ], [ 7.338748201287627, 44.633791339885377 ], [ 7.338516960091805, 44.633666455115034 ], [ 7.338535883247362, 44.633486673052417 ], [ 7.337503970168491, 44.63262090529998 ], [ 7.337011988650109, 44.632204139525797 ], [ 7.336335211410497, 44.631595606038402 ], [ 7.336173535942069, 44.631449200532764 ], [ 7.335706879579031, 44.631221852797921 ], [ 7.33510671950967, 44.630965527052574 ], [ 7.334630598377416, 44.630711008595945 ], [ 7.334069544577566, 44.630396747677487 ], [ 7.333811768694484, 44.630235439774054 ], [ 7.333643475364712, 44.630210471659943 ], [ 7.333379541415604, 44.630265137845555 ], [ 7.333085770920039, 44.630274345263977 ], [ 7.332800128893537, 44.630234165783456 ], [ 7.332593844774387, 44.630091621143904 ], [ 7.332337828380896, 44.629745779439659 ], [ 7.332273850469858, 44.629654816017364 ], [ 7.332174772944069, 44.629414810788219 ], [ 7.331984648259412, 44.62905191774076 ], [ 7.331833880994326, 44.628896686275688 ], [ 7.331599758880419, 44.628749215545014 ], [ 7.331460065662601, 44.628688654792626 ], [ 7.331162379567155, 44.628711313708678 ], [ 7.330985214135864, 44.628749229615899 ], [ 7.330630774922089, 44.62895111502646 ], [ 7.330417760337717, 44.629029012661888 ], [ 7.330079763360051, 44.629015071813761 ], [ 7.329410664263629, 44.628870248930099 ], [ 7.32908219533349, 44.628757417718177 ], [ 7.328920157307889, 44.628638006801474 ], [ 7.328713631271623, 44.628490934087843 ], [ 7.328460391245907, 44.62841970925269 ], [ 7.327957001746655, 44.62838984459421 ], [ 7.327608306967931, 44.628267697756087 ], [ 7.32754474985797, 44.628190252403193 ], [ 7.32750342400018, 44.627955567856411 ], [ 7.327408876146041, 44.627846159553343 ], [ 7.327369627877617, 44.627800561081713 ], [ 7.327151412551816, 44.627702855131943 ], [ 7.326934975700413, 44.627668173588731 ], [ 7.326732552522454, 44.627624681162608 ], [ 7.326415764617722, 44.627476004650724 ], [ 7.326163439204396, 44.627359763562772 ], [ 7.325749154625813, 44.627245663481254 ], [ 7.325427125932191, 44.627155408433708 ], [ 7.325247787097199, 44.62702224199456 ], [ 7.325119903458168, 44.626907843589258 ], [ 7.324996295898897, 44.626644940021826 ], [ 7.32486088858831, 44.626435903471673 ], [ 7.324707625063233, 44.626231103194698 ], [ 7.324588396339089, 44.626062790861852 ], [ 7.32443739906431, 44.625916543502512 ], [ 7.324156036026593, 44.625727855890489 ], [ 7.323983671459737, 44.62559928750354 ], [ 7.323944378085292, 44.625526695619904 ], [ 7.32395708630807, 44.625441351944403 ], [ 7.324074906510005, 44.625303549338966 ], [ 7.324163701549364, 44.625106801264707 ], [ 7.324175142764083, 44.624832384063176 ], [ 7.324279766525279, 44.624550338893783 ], [ 7.324470720891626, 44.624157037617756 ], [ 7.324661156298477, 44.623768227845233 ], [ 7.324726998665764, 44.623643158077265 ], [ 7.324875841717771, 44.623631828319311 ], [ 7.324993112471088, 44.623512029827658 ], [ 7.32520462373301, 44.623362087398128 ], [ 7.325464570407801, 44.623212854377186 ], [ 7.3257431507421, 44.623005374979343 ], [ 7.325863590995775, 44.62289911867606 ], [ 7.325890331773515, 44.622818498071794 ], [ 7.325894215788817, 44.622683502677219 ], [ 7.325868273462977, 44.622503083196762 ], [ 7.325990136576106, 44.622347324698424 ], [ 7.326107516859343, 44.622101472295135 ], [ 7.326126861392762, 44.621908202486779 ], [ 7.326069654194911, 44.621623780927159 ], [ 7.32606109352649, 44.621565135297381 ], [ 7.326043582341746, 44.621447858121513 ], [ 7.326047296634432, 44.621195838973918 ], [ 7.32601583568289, 44.620974813631364 ], [ 7.325897584708807, 44.620635475915222 ], [ 7.325426483203819, 44.620457522381948 ], [ 7.324589663174669, 44.620382221683727 ], [ 7.324404025236411, 44.620235446673547 ], [ 7.324257576713848, 44.619931718644608 ], [ 7.323978849560169, 44.618928348563031 ], [ 7.3240946742121, 44.618749991575065 ], [ 7.324378562071723, 44.618479593556494 ], [ 7.324429843311477, 44.618381320374716 ], [ 7.323733356711149, 44.617988483557859 ], [ 7.323523114512994, 44.617260684592914 ], [ 7.32337401451715, 44.616803869544107 ], [ 7.323123330248136, 44.616399564307955 ], [ 7.322994212532515, 44.616082575393321 ], [ 7.322920360830111, 44.615775413631482 ], [ 7.322973163404296, 44.615501603949063 ], [ 7.323201703483901, 44.614991818097593 ], [ 7.323241539104505, 44.614812364241338 ], [ 7.323297096400119, 44.614565605173084 ], [ 7.32326325732135, 44.614290523220312 ], [ 7.323082853033594, 44.613963782714954 ], [ 7.322903495451093, 44.613366989943053 ], [ 7.322611136589973, 44.612606472135731 ], [ 7.322642934348843, 44.612336871210168 ], [ 7.322569772899036, 44.611773129473683 ], [ 7.322577070339934, 44.611273588129464 ], [ 7.322696349182095, 44.610852225111032 ], [ 7.321399381480881, 44.60973484992752 ], [ 7.321768569831097, 44.609510718226403 ], [ 7.322140843707778, 44.60916509174676 ], [ 7.322345535345543, 44.608771977942553 ], [ 7.322410979834514, 44.608291303453484 ], [ 7.322514469120136, 44.607842698858164 ], [ 7.322533339194673, 44.607761963153607 ], [ 7.32261945923073, 44.607533648577679 ], [ 7.322677120389834, 44.607322946867761 ], [ 7.322703695011591, 44.60712528486215 ], [ 7.322674941962142, 44.607043830270733 ], [ 7.322252746675096, 44.606839571584288 ], [ 7.322085530304768, 44.606657055745359 ], [ 7.321880594946665, 44.6063344508092 ], [ 7.321748098309699, 44.606026426319971 ], [ 7.321752508117328, 44.605873443216261 ], [ 7.321889707089256, 44.605308295194618 ], [ 7.321881608220538, 44.604632985196368 ], [ 7.321737386454972, 44.604594856835291 ], [ 7.321482572224298, 44.604582112103287 ], [ 7.321377592988404, 44.604508552035242 ], [ 7.321232949067934, 44.604375870157909 ], [ 7.321219012563949, 44.604258643588892 ], [ 7.321043673235524, 44.604125528821314 ], [ 7.320885021626398, 44.6040016564734 ], [ 7.320917836010641, 44.603696044167187 ], [ 7.32084326280087, 44.603523904605254 ], [ 7.321109768323848, 44.60334447327525 ], [ 7.321020865612549, 44.603298905132931 ], [ 7.320926630087977, 44.603221000764513 ], [ 7.320843927936756, 44.603084746538606 ], [ 7.320788260216075, 44.602993904051523 ], [ 7.32055798901109, 44.602963506903919 ], [ 7.320558104805781, 44.602961587296235 ], [ 7.320557853682938, 44.602961554164317 ], [ 7.320564632587121, 44.602849112914775 ], [ 7.320639921437245, 44.602751194493948 ], [ 7.320682305200432, 44.60268148930313 ], [ 7.320587668468901, 44.602657859724964 ], [ 7.320327902656325, 44.602325447811104 ], [ 7.32022710106369, 44.602229437810358 ], [ 7.320115682677394, 44.602146776704778 ], [ 7.31990061688906, 44.602067089068079 ], [ 7.319422750462905, 44.601992539766108 ], [ 7.318979652206234, 44.601913997081006 ], [ 7.318911554271978, 44.601899489294247 ], [ 7.318511771018074, 44.601875598657529 ], [ 7.318144123509578, 44.601816167687218 ], [ 7.317802959853603, 44.601671605160128 ], [ 7.317509427368316, 44.601568254442178 ], [ 7.317251574895161, 44.601415911332182 ], [ 7.316924022057719, 44.601154512554267 ], [ 7.316772709483818, 44.601021747222859 ], [ 7.316639853360329, 44.601013936973835 ], [ 7.316466085218012, 44.601003721382746 ], [ 7.316304703737663, 44.600974335989612 ], [ 7.316159306974308, 44.600868662844697 ], [ 7.315708135925266, 44.600483899966967 ], [ 7.315329675355234, 44.600170693330647 ], [ 7.315320494462227, 44.600163095344726 ], [ 7.314970017691413, 44.59998687786657 ], [ 7.314721502217907, 44.599866175838557 ], [ 7.314334704736791, 44.59976144030896 ], [ 7.314029135773422, 44.599707411194004 ], [ 7.313591685959906, 44.599556910970193 ], [ 7.313445776795258, 44.599469235237891 ], [ 7.313229136670308, 44.599321995007394 ], [ 7.312668129509122, 44.599264192982069 ], [ 7.311710514073476, 44.599209521833743 ], [ 7.310571602376741, 44.599201682392255 ], [ 7.310180769404907, 44.599209399430372 ], [ 7.309763561574083, 44.599216729305518 ], [ 7.309178175885915, 44.599293587324077 ], [ 7.308731463940175, 44.599340982865201 ], [ 7.308509094266856, 44.599418715355483 ], [ 7.307537718273797, 44.599471837645424 ], [ 7.306800546784245, 44.599663463078421 ], [ 7.305328668766816, 44.599961215644008 ], [ 7.304285269540022, 44.600148283901746 ], [ 7.303004783321716, 44.600349818363441 ], [ 7.301886716786847, 44.600652784492787 ], [ 7.301049274214154, 44.601054442692465 ], [ 7.300259451618068, 44.601429793256052 ], [ 7.299495591166544, 44.601724503100655 ], [ 7.29894440831985, 44.60201787786886 ], [ 7.298605368678124, 44.602314411336096 ], [ 7.29817120510929, 44.602632028493296 ], [ 7.297760784189445, 44.602945499297071 ], [ 7.297465948562287, 44.603346217309138 ], [ 7.297104204076584, 44.603610898672834 ], [ 7.296545226459163, 44.604156212992706 ], [ 7.295719340768859, 44.60495411156483 ], [ 7.295552968805477, 44.605001140936444 ], [ 7.295127193072109, 44.605030796463083 ], [ 7.294865819938117, 44.605094410097529 ], [ 7.294649838127887, 44.605208218545229 ], [ 7.294362864809713, 44.605338969936611 ], [ 7.294169449320504, 44.605502622796379 ], [ 7.293637357450272, 44.605787255028254 ], [ 7.293622517886982, 44.605787033254188 ], [ 7.293510987281794, 44.605823209598718 ], [ 7.293177837295836, 44.605933428457931 ], [ 7.292045149180424, 44.606577553322957 ], [ 7.292073951174453, 44.60661697339188 ], [ 7.292072833077604, 44.606617533719152 ], [ 7.292073989314868, 44.60661911729796 ], [ 7.291001241779801, 44.607156717815997 ], [ 7.290472933344906, 44.607418884749293 ], [ 7.290352192629099, 44.607534106356731 ], [ 7.289537609498232, 44.608237606572615 ], [ 7.288981949275851, 44.608706414547953 ], [ 7.288394651566229, 44.609192744723309 ], [ 7.287920467449469, 44.609595252187965 ], [ 7.287544871569955, 44.609918878434513 ], [ 7.287463478260761, 44.609989009041804 ], [ 7.286651894157353, 44.610467467229022 ], [ 7.285773928232461, 44.610859402574157 ], [ 7.285057972543792, 44.611110169452608 ], [ 7.285034557620959, 44.611118370527009 ], [ 7.284534029361128, 44.611290903364726 ], [ 7.28427737260106, 44.61121952572509 ], [ 7.284059661963241, 44.611270270070861 ], [ 7.283933156268991, 44.611299877760359 ], [ 7.283764368943418, 44.611414374784516 ], [ 7.283465918487231, 44.611585436976398 ], [ 7.283138584396038, 44.61178757304053 ], [ 7.282871894677752, 44.611936604175348 ], [ 7.282551051404929, 44.611931778531755 ], [ 7.28223207195375, 44.611863962086616 ], [ 7.282014762632331, 44.61186069252571 ], [ 7.281718826240894, 44.61194626295643 ], [ 7.281275894118086, 44.612101639815926 ], [ 7.280782541969459, 44.612323776959329 ], [ 7.280295351327061, 44.612577513729107 ], [ 7.280006496035963, 44.612649681199983 ], [ 7.279298751924173, 44.612769551907 ], [ 7.278667964247098, 44.613084135475276 ], [ 7.277822681200453, 44.613539515468574 ], [ 7.277577767145675, 44.613657358275766 ], [ 7.276953377619448, 44.613994531279566 ], [ 7.276406913035671, 44.614373388065154 ], [ 7.275861554878101, 44.614608223906714 ], [ 7.275255725116743, 44.614783624409661 ], [ 7.274782451329568, 44.614911511935873 ], [ 7.274352723267939, 44.615085065140413 ], [ 7.273896022588822, 44.615118672608233 ], [ 7.273650886583565, 44.615110467789442 ], [ 7.273538770765384, 44.614933223992566 ], [ 7.273262878676397, 44.614929051921514 ], [ 7.273262010334301, 44.614958324368189 ], [ 7.273308908148732, 44.615382168133792 ], [ 7.273352861792022, 44.615652901489888 ], [ 7.27336113980394, 44.615891604147855 ], [ 7.273360957564313, 44.615892028637312 ], [ 7.2733610190069, 44.615893799170557 ], [ 7.273107589293529, 44.616484128521826 ], [ 7.272921184929924, 44.61687291692612 ], [ 7.272604104728836, 44.617404190761718 ], [ 7.272537793565474, 44.617515294982162 ], [ 7.272122929648661, 44.618103184031803 ], [ 7.271637718635485, 44.61867199825371 ], [ 7.271173296862889, 44.619124091312436 ], [ 7.270552138312926, 44.619627824409015 ], [ 7.269879166261078, 44.620058749217343 ], [ 7.269299946012974, 44.620621630101503 ], [ 7.268728967039164, 44.620986572931038 ], [ 7.267935363116125, 44.621406655063339 ], [ 7.267535696088808, 44.62167966840866 ], [ 7.267248924997741, 44.621904881018445 ], [ 7.266578178957098, 44.622259296995978 ], [ 7.266039638293005, 44.62275075898615 ], [ 7.265802372933199, 44.622913701912445 ], [ 7.265609550118165, 44.622946780562529 ], [ 7.265148349838471, 44.623155832917618 ], [ 7.264709297597068, 44.623401232171254 ], [ 7.263842473132215, 44.623896691129289 ], [ 7.263538662225368, 44.624045112274722 ], [ 7.262292525778393, 44.624894893005639 ], [ 7.261604970960646, 44.625361558797444 ], [ 7.26114820801953, 44.625750709330852 ], [ 7.260362219603543, 44.626359907753525 ], [ 7.259920660410708, 44.626753788199224 ], [ 7.259526408966407, 44.627053861402992 ], [ 7.25924864834758, 44.627265685915013 ], [ 7.258601736664848, 44.627728449812203 ], [ 7.258534805522363, 44.627713923842592 ], [ 7.258277084905691, 44.62761096738798 ], [ 7.257743098142392, 44.627301236587968 ], [ 7.257242280076331, 44.627041526819781 ], [ 7.256658075996828, 44.626672509868065 ], [ 7.256250197462428, 44.626423723676851 ], [ 7.255840362709503, 44.626176141417133 ], [ 7.255104027077256, 44.625705762516262 ], [ 7.254457529249357, 44.625313267305017 ], [ 7.253869306275522, 44.624962166959733 ], [ 7.253634636506002, 44.624787534266368 ], [ 7.253315703629062, 44.624796149047604 ], [ 7.25291948272814, 44.624767591235951 ], [ 7.252615968638294, 44.624708922875477 ], [ 7.252532638589376, 44.624676138061304 ], [ 7.252450812169653, 44.624580357549647 ], [ 7.252383397127607, 44.624399267258582 ], [ 7.252314306645004, 44.624141637794061 ], [ 7.252255025419371, 44.623938178233374 ], [ 7.252062308893814, 44.623849697173569 ], [ 7.25090407156853, 44.623237793695182 ], [ 7.249598482747298, 44.622614603265049 ], [ 7.248814624762316, 44.622260474960576 ], [ 7.248122086047777, 44.621948268952771 ], [ 7.247284549867083, 44.621611320151743 ], [ 7.246564122045986, 44.621361675205982 ], [ 7.24625633641544, 44.621523489242783 ], [ 7.245601507916784, 44.621869041985498 ], [ 7.244852867190633, 44.622307655989054 ], [ 7.243938148319479, 44.622793214618675 ], [ 7.243723804945667, 44.622924949812841 ], [ 7.242943263130206, 44.623349565482918 ], [ 7.242417013757337, 44.623688062497926 ], [ 7.242203877625425, 44.623936853632102 ], [ 7.242290738617812, 44.624086721690681 ], [ 7.242398533790417, 44.624299948766776 ], [ 7.242426623603277, 44.624426417818782 ], [ 7.242377766743347, 44.62446617139846 ], [ 7.242513764530733, 44.624697827876041 ], [ 7.242630849407209, 44.624929210949574 ], [ 7.242770586174514, 44.625232939577856 ], [ 7.242710774303773, 44.625569622747129 ], [ 7.242814029813366, 44.626259896798842 ], [ 7.242807644049868, 44.626471365271044 ], [ 7.242725750722673, 44.626717660523632 ], [ 7.242744027084606, 44.626934007290927 ], [ 7.242885398865719, 44.627183758248187 ], [ 7.24294868071209, 44.6275538274718 ], [ 7.243300270136547, 44.628486500994761 ], [ 7.243501894614587, 44.628606643656212 ], [ 7.243698109153629, 44.628618661509158 ], [ 7.243861095078603, 44.628675190268901 ], [ 7.244423662109875, 44.628805383516614 ], [ 7.244744862961245, 44.628918347339628 ], [ 7.245137041863756, 44.628937893122412 ], [ 7.245528931219508, 44.628979926831583 ], [ 7.245907306783913, 44.629156784958518 ], [ 7.246218259449548, 44.629310112001257 ], [ 7.246688151281639, 44.629326329201646 ], [ 7.247007889874459, 44.629331241002951 ], [ 7.247189783998596, 44.629361045141586 ], [ 7.247361401326806, 44.629431198053432 ], [ 7.24747193489739, 44.629554433278585 ], [ 7.247603952937626, 44.629723003746903 ], [ 7.247852739855031, 44.629807836543421 ], [ 7.248054629866783, 44.629932473764441 ], [ 7.248234765319993, 44.630020769280684 ], [ 7.248448695424699, 44.630046564582912 ], [ 7.248524780494495, 44.630097236314242 ], [ 7.248653034707859, 44.63024775262997 ], [ 7.248823438838063, 44.630502441064664 ], [ 7.248936669221611, 44.630693233394126 ], [ 7.249563302818167, 44.631130460292773 ], [ 7.249876827584557, 44.631342317878982 ], [ 7.250003997813768, 44.631515327738633 ], [ 7.250114390817781, 44.631800602791273 ], [ 7.250126553405048, 44.631998841276904 ], [ 7.250155191278746, 44.632264849518862 ], [ 7.250136438321937, 44.632534648573241 ], [ 7.250122341351469, 44.632741481518046 ], [ 7.250176930808464, 44.632904363097403 ], [ 7.250444786073821, 44.633115537713337 ], [ 7.250607636578776, 44.63332058466419 ], [ 7.250724654092502, 44.633542942012951 ], [ 7.250834126465787, 44.633846197304976 ], [ 7.250961312521467, 44.634032702848103 ], [ 7.251256892692741, 44.634226287266642 ], [ 7.251612914089409, 44.634348781207528 ], [ 7.251873710554981, 44.634388783726124 ], [ 7.25233418200271, 44.634418329910702 ], [ 7.252752749022216, 44.63447875951907 ], [ 7.25317428367105, 44.634597753013836 ], [ 7.253403115824128, 44.63474528674022 ], [ 7.253639489100608, 44.634928960793559 ], [ 7.253805199182326, 44.635053016066017 ], [ 7.253905771167452, 44.635194105653014 ], [ 7.253984290143984, 44.635478889096589 ], [ 7.254165139714846, 44.635846250726154 ], [ 7.254137031645412, 44.636021379791465 ], [ 7.254179471018704, 44.636287597969414 ], [ 7.25424976292414, 44.636531729580497 ], [ 7.254406021886346, 44.636799707591166 ], [ 7.254469685410312, 44.636962724890715 ], [ 7.254552547019697, 44.637247574278909 ], [ 7.254579045637681, 44.637585564095993 ], [ 7.254665550804122, 44.637906476467883 ], [ 7.254657600443371, 44.638315973930048 ], [ 7.254667346936114, 44.638752751358936 ], [ 7.254750195521159, 44.638893551056618 ], [ 7.254901182989752, 44.639035391735383 ], [ 7.255225851945854, 44.639179906550126 ], [ 7.255510370885012, 44.639296778463574 ], [ 7.255843292748843, 44.639468409907487 ], [ 7.25607390508832, 44.639557463403214 ], [ 7.256491435881095, 44.639811417452378 ], [ 7.256729802292699, 44.639922182408185 ], [ 7.256930022710884, 44.639993657039518 ], [ 7.25723229895684, 44.640097299281408 ], [ 7.257543330397439, 44.640237100655874 ], [ 7.25804480357502, 44.64043830920221 ], [ 7.258360453586822, 44.640582659385451 ], [ 7.258587410340205, 44.640793190421647 ], [ 7.258787341176924, 44.640985276630751 ], [ 7.259055803311503, 44.641178426835708 ], [ 7.259362939886954, 44.6414486984294 ], [ 7.259626817383341, 44.641637260787867 ], [ 7.260066415981941, 44.641918547506606 ], [ 7.260427201780042, 44.642081593177608 ], [ 7.26080233904923, 44.642226843286977 ], [ 7.261255177708556, 44.642368776545183 ], [ 7.261546766061775, 44.642553276061854 ], [ 7.26196002342053, 44.642793629376442 ], [ 7.26234490999186, 44.643060579250154 ], [ 7.262644878383716, 44.643281191958174 ], [ 7.262938796831552, 44.643533240369919 ], [ 7.263312894802914, 44.643872018487883 ], [ 7.263580175677186, 44.644105664748793 ], [ 7.263880707385415, 44.644294774857762 ], [ 7.264239772718188, 44.644516301215738 ], [ 7.264507731791226, 44.644727443920793 ], [ 7.264702956536492, 44.644932962614149 ], [ 7.264870659450112, 44.645097556658627 ], [ 7.265033396779401, 44.645203555073451 ], [ 7.265220812778519, 44.645287434727081 ], [ 7.26531516694943, 44.645374381034067 ], [ 7.265467855315924, 44.645579269845484 ], [ 7.265658789683949, 44.645771226007653 ], [ 7.265937210325868, 44.646054521817781 ], [ 7.266091645554769, 44.646200917331868 ], [ 7.266328999561505, 44.646461094574079 ], [ 7.266599950328745, 44.646757788914094 ], [ 7.266793743203282, 44.646985793863394 ], [ 7.267183886134517, 44.647329320192775 ], [ 7.267388391207884, 44.647422435714681 ], [ 7.267778262572238, 44.647549891307101 ], [ 7.268141126728615, 44.647658922625503 ], [ 7.268497280907741, 44.647767869889357 ], [ 7.268613588909619, 44.647805641748505 ], [ 7.26882786583975, 44.6477953777583 ], [ 7.269048703900005, 44.647803244890021 ], [ 7.269151521164012, 44.647831796479501 ], [ 7.269299928106076, 44.647955584517817 ], [ 7.269537783681197, 44.648080728683496 ], [ 7.269783783925217, 44.648169988524671 ], [ 7.270349091798905, 44.648336102200147 ], [ 7.270645021429555, 44.648376595023961 ], [ 7.270687817633137, 44.648381742058653 ], [ 7.270813337286481, 44.648401638146872 ], [ 7.271166365905714, 44.648497015147782 ], [ 7.271347797598278, 44.648544786723399 ], [ 7.271841475884528, 44.648561261345392 ], [ 7.272086084675127, 44.648578460735486 ], [ 7.272302455306094, 44.648617743772533 ], [ 7.272606364242784, 44.648734884353274 ], [ 7.272944543927174, 44.648866039289608 ], [ 7.273196037371096, 44.648995880730133 ], [ 7.273336874354981, 44.64911053294329 ], [ 7.273800525323988, 44.649342609262341 ], [ 7.273895639978113, 44.649446679956064 ], [ 7.274012344534855, 44.649548380837551 ], [ 7.274430583424463, 44.649995832230907 ], [ 7.274581942344898, 44.650074634684088 ], [ 7.274628156357923, 44.650097845008148 ], [ 7.274853513426225, 44.650299303105335 ], [ 7.274997360256196, 44.650459022926171 ], [ 7.275261315919222, 44.650634053418848 ], [ 7.275521681860068, 44.650705503942213 ], [ 7.276064984018612, 44.650790245017497 ], [ 7.276345678022894, 44.650879995811401 ], [ 7.276541002993365, 44.651044989679285 ], [ 7.276755123265325, 44.651399321218889 ], [ 7.276932931601714, 44.651690085740611 ], [ 7.27711025225208, 44.652115875526036 ], [ 7.277189584742913, 44.652364646223063 ], [ 7.277317293277316, 44.652483613616809 ], [ 7.27758632002879, 44.652609211393688 ], [ 7.277827216925338, 44.652752378239796 ], [ 7.278068985402767, 44.652985587156714 ], [ 7.278261644381911, 44.653254061955252 ], [ 7.278365466747275, 44.653354671818462 ], [ 7.278660435797062, 44.653548157271281 ], [ 7.279176723162728, 44.653961061556444 ], [ 7.279327722769563, 44.653999345522138 ], [ 7.279626006339611, 44.654188397886195 ], [ 7.27983731815182, 44.654398650252787 ], [ 7.280100578749039, 44.654492627518742 ], [ 7.280251801721433, 44.654629958123671 ], [ 7.280539442213996, 44.654832343330149 ], [ 7.28074819885516, 44.654903005189539 ], [ 7.28092164173214, 44.65499564637058 ], [ 7.281329923888802, 44.655330381911853 ], [ 7.28171075579318, 44.655646707609172 ], [ 7.281860124144568, 44.655847007543365 ], [ 7.281977571762402, 44.656087333452767 ], [ 7.282172850567786, 44.656373853105528 ], [ 7.282451826665711, 44.656643619860631 ], [ 7.282718678644257, 44.656962726167777 ], [ 7.282898259874416, 44.65719498800955 ], [ 7.282930184783805, 44.657515056592125 ], [ 7.282955928079214, 44.65781703797866 ], [ 7.282944673966598, 44.658118444716067 ], [ 7.28291636498847, 44.658343080024579 ], [ 7.282993641019674, 44.658528798078642 ], [ 7.28316824373698, 44.658702465684044 ], [ 7.283419030116559, 44.658859283849566 ], [ 7.283706859673411, 44.658935628078758 ], [ 7.283934844406538, 44.658943573823031 ], [ 7.284236379788235, 44.658903083309781 ], [ 7.284554457626395, 44.658903366231108 ], [ 7.284951060567009, 44.658927339939204 ], [ 7.285153957236495, 44.658957380934289 ], [ 7.285242588079877, 44.658999237321588 ], [ 7.285353268261892, 44.659108922830185 ], [ 7.285498950790098, 44.659327175564314 ], [ 7.285661112986783, 44.659442133595029 ], [ 7.28583970744387, 44.659480823400173 ], [ 7.286023555758967, 44.659569114485365 ], [ 7.286130266449739, 44.659705750662113 ], [ 7.286240372766605, 44.659954976853591 ], [ 7.286419579974579, 44.660200741931341 ], [ 7.286744919692731, 44.660529713842998 ], [ 7.286944629025282, 44.660681240887243 ], [ 7.28711413783665, 44.660787327120318 ], [ 7.287334584135298, 44.661038190186986 ], [ 7.287575396198544, 44.661199348899451 ], [ 7.287718391493764, 44.661269011176039 ], [ 7.287906314720981, 44.661339365274983 ], [ 7.288378455707769, 44.661850572487864 ], [ 7.288644210368159, 44.662088634861661 ], [ 7.288933640154145, 44.662232505730444 ], [ 7.28907677200362, 44.662297669798548 ], [ 7.289254980414934, 44.662349844959088 ], [ 7.289404031997138, 44.662442107484672 ], [ 7.289559260113723, 44.662457947621483 ], [ 7.289879580430451, 44.662489758862968 ], [ 7.290177016442873, 44.662602237859517 ], [ 7.290597261155722, 44.662788589789329 ], [ 7.290688252488851, 44.662830458362819 ], [ 7.290928853124322, 44.662879066804685 ], [ 7.291662739860075, 44.66294857322837 ], [ 7.292238388712323, 44.662984199468575 ], [ 7.292690069404974, 44.662905427493762 ], [ 7.292831784113164, 44.662898550326076 ], [ 7.293041510045937, 44.662937694496165 ], [ 7.293439836416312, 44.663132705187728 ], [ 7.293576923768072, 44.663175261619124 ], [ 7.293708149661968, 44.66317722361034 ], [ 7.294341461440072, 44.663020148078651 ], [ 7.294830571969753, 44.66295544153855 ], [ 7.295196092303787, 44.662978896284599 ], [ 7.29562265549399, 44.663043787031228 ], [ 7.296022170817881, 44.663090258394639 ], [ 7.296312810761022, 44.66319364173588 ], [ 7.296732278605051, 44.663379940530376 ], [ 7.297314843454653, 44.663649702425602 ], [ 7.297469312650743, 44.663692531497972 ], [ 7.297748911659287, 44.663701200667127 ], [ 7.297876180723262, 44.663716594456758 ], [ 7.298001716104562, 44.663912018950079 ], [ 7.298134089481956, 44.664116561244164 ], [ 7.298352096724763, 44.664223335885353 ], [ 7.298630143876713, 44.664286000900937 ], [ 7.29885406979375, 44.664298335933765 ], [ 7.299269387110455, 44.664277515590676 ], [ 7.299488713600151, 44.664339303447065 ], [ 7.299995799662799, 44.664603427499728 ], [ 7.299378719996843, 44.665269417776976 ], [ 7.298589936468275, 44.666009358859661 ], [ 7.298446772962048, 44.666052248572257 ], [ 7.297532768670655, 44.665858561293071 ], [ 7.296912247559161, 44.66634444907266 ], [ 7.296244022126015, 44.667032151691771 ], [ 7.295594268737696, 44.667378396222283 ], [ 7.295038863490125, 44.668256501437227 ], [ 7.294678167068995, 44.669182868828514 ], [ 7.294469451512017, 44.67008901261412 ], [ 7.294421937478504, 44.670673459152987 ], [ 7.296530301227846, 44.672662986734778 ], [ 7.296695260312442, 44.672818494679539 ], [ 7.297342778493085, 44.673498842925035 ], [ 7.298462789415564, 44.674618343071543 ], [ 7.299077365924579, 44.67538821857476 ], [ 7.299813479859323, 44.676155402735937 ], [ 7.300889676700698, 44.677751358237479 ], [ 7.301702555506391, 44.67880775205893 ], [ 7.302088124401423, 44.679308616195151 ], [ 7.302619506014155, 44.679811666569385 ], [ 7.303364121625609, 44.680466413701005 ], [ 7.303455297399219, 44.680422745884556 ], [ 7.303744065850031, 44.680593598309855 ], [ 7.304359554743513, 44.680823306855366 ], [ 7.305047192942729, 44.680946043075252 ], [ 7.30557152738479, 44.680976340415526 ], [ 7.306184542508589, 44.681048457243811 ], [ 7.306771286737749, 44.681304718270319 ], [ 7.307416371492296, 44.681710407534453 ], [ 7.307829585442172, 44.682117136003562 ], [ 7.308177748459959, 44.682495905655131 ], [ 7.308722047730298, 44.682382435872114 ], [ 7.309652742141841, 44.682148669414502 ], [ 7.310663562764153, 44.681965567108229 ], [ 7.31111075044732, 44.68186866060045 ], [ 7.311319267589329, 44.681831240306991 ], [ 7.312245724582644, 44.681768411798664 ], [ 7.312872924911807, 44.681732680857372 ], [ 7.313148178202391, 44.681718736413082 ], [ 7.313789677090663, 44.68163820569626 ], [ 7.314446842240167, 44.681589394300481 ], [ 7.314705772767912, 44.681566207958426 ], [ 7.315805116899558, 44.681375387277022 ], [ 7.316602290522789, 44.681283606286875 ], [ 7.317317115313999, 44.681190622745071 ], [ 7.31777875373028, 44.681084906982775 ], [ 7.318404747047334, 44.680981592178654 ], [ 7.318872961256146, 44.680907458633186 ], [ 7.319132668141798, 44.680857282460295 ], [ 7.319224776676854, 44.680863137504346 ], [ 7.319538452064983, 44.679206796960628 ], [ 7.321190424039197, 44.679046554474084 ], [ 7.321485761748122, 44.679019388837496 ], [ 7.322340014894904, 44.678860908429428 ], [ 7.322417928409617, 44.677214590154243 ], [ 7.323472685864886, 44.676406375605644 ], [ 7.324364798564027, 44.675987348864297 ], [ 7.324912435768879, 44.675932370518581 ], [ 7.325790913678063, 44.675985785294756 ], [ 7.327058941493161, 44.676202429697135 ], [ 7.3277484745466, 44.67649159524931 ], [ 7.327927326310848, 44.676593259265431 ], [ 7.328823714956072, 44.677092514687615 ], [ 7.330672995583238, 44.678199853027571 ], [ 7.331507079079246, 44.678743200280501 ], [ 7.332254779118057, 44.679123234933044 ], [ 7.33252128805898, 44.679041598899587 ], [ 7.332620370299447, 44.67906555763021 ], [ 7.332779583151046, 44.679081378432045 ], [ 7.332916633870599, 44.679141899481628 ], [ 7.333162531035403, 44.679285021087651 ], [ 7.333482637458733, 44.679478748070665 ], [ 7.333974413064338, 44.679778503437561 ], [ 7.334241185934115, 44.679935442760048 ], [ 7.334584519333011, 44.680061988762411 ], [ 7.334898045520863, 44.680170085941562 ], [ 7.33520211992253, 44.68029155894412 ], [ 7.335333260892658, 44.680338476385053 ], [ 7.335409901481588, 44.680402611195881 ], [ 7.335521749129026, 44.68048977175161 ], [ 7.335708609317116, 44.680600519330028 ], [ 7.336002274951023, 44.680658820230853 ], [ 7.336331820419971, 44.680731139747557 ], [ 7.33660921683609, 44.6808477216859 ], [ 7.336832732169511, 44.680931990453182 ], [ 7.33699133226935, 44.680970308033189 ], [ 7.337184465647577, 44.680973121178184 ], [ 7.337516848079618, 44.680946453174272 ], [ 7.3377891736458, 44.680909911836793 ], [ 7.33798176578466, 44.680917214288414 ], [ 7.33819019709376, 44.681005778243019 ], [ 7.338395637247531, 44.6810987641759 ], [ 7.338362069472222, 44.680874548131122 ] ] ] ] } },
{ "type": "Feature", "properties": { "uuid": "8eb57f1d-2e29-454f-9236-b0aa065d143c", "ente_prod": "ISTAT", "sc_acq": "1:10000", "comune_ist": "004154", "comune_nom": "Oncino", "provin_nom": "CUNEO", "provin_sig": "CN", "zona_alt": "M", "d_zona_alt": "montagna", "quota_capo": 1226, "quota_min": 814, "quota_max": 3833, "cap": "12030" }, "geometry": { "type": "MultiPolygon", "coordinates": [ [ [ [ 7.113218708818145, 44.628132701991561 ], [ 7.113422525197438, 44.628383637626463 ], [ 7.113824370389355, 44.629051958242869 ], [ 7.1139978055049, 44.629365408571843 ], [ 7.113997751463158, 44.629366442883949 ], [ 7.113997803762989, 44.629366537416168 ], [ 7.113962566659451, 44.630041143990418 ], [ 7.113960162468248, 44.630090626343204 ], [ 7.113889567313949, 44.63053058859056 ], [ 7.113269412752111, 44.631371065669768 ], [ 7.11303127516957, 44.631740739668928 ], [ 7.112440146614352, 44.632122568835399 ], [ 7.111781042665395, 44.632413260009244 ], [ 7.11108361386053, 44.632586254724572 ], [ 7.110724127179346, 44.632773857002213 ], [ 7.110258246673342, 44.633216286580335 ], [ 7.10997049423815, 44.633378064119348 ], [ 7.109952981011826, 44.633484815740481 ], [ 7.110075667908393, 44.633608216589522 ], [ 7.110282994186067, 44.63375118417266 ], [ 7.110282578576496, 44.633752041723447 ], [ 7.110283002631513, 44.633752334116686 ], [ 7.110161787253023, 44.634002400402657 ], [ 7.110003131891379, 44.634107814826578 ], [ 7.109851858962759, 44.634361880584024 ], [ 7.109745850212641, 44.6346301925673 ], [ 7.109629164672513, 44.634862320117875 ], [ 7.109323175538816, 44.635100326232738 ], [ 7.109105899710968, 44.635348799664449 ], [ 7.109061521854151, 44.635622630814041 ], [ 7.10905143324183, 44.635933056512549 ], [ 7.108982314571766, 44.636156973570003 ], [ 7.108960653901789, 44.636192622943845 ], [ 7.108801207644751, 44.636455549812368 ], [ 7.108439357869288, 44.636787155181345 ], [ 7.108127691318757, 44.637115074847074 ], [ 7.107764535507154, 44.637401650926897 ], [ 7.107582017616949, 44.637574164518618 ], [ 7.107472406874035, 44.637859972614208 ], [ 7.107500303660771, 44.637990252433319 ], [ 7.107616600057955, 44.638230745414724 ], [ 7.107680608946012, 44.63844336145997 ], [ 7.107706027360921, 44.638655342461632 ], [ 7.107719741393665, 44.638798159693103 ], [ 7.10772810592379, 44.638885267193011 ], [ 7.107728067899744, 44.638886436672436 ], [ 7.107728069837539, 44.638886456866437 ], [ 7.107722948300409, 44.639043918032918 ], [ 7.107546977327213, 44.639378583849393 ], [ 7.107305477725037, 44.639631150516109 ], [ 7.106903010417577, 44.639939565413542 ], [ 7.106640766241012, 44.640115272192283 ], [ 7.106595921655416, 44.640226644842947 ], [ 7.106630125487106, 44.640442489252273 ], [ 7.106808002992531, 44.64067950097494 ], [ 7.106929105551421, 44.640857056690336 ], [ 7.107026166009486, 44.640962194233019 ], [ 7.107267808034202, 44.641056223622599 ], [ 7.107828801603083, 44.641326594671206 ], [ 7.108167286084588, 44.641435732199461 ], [ 7.108418794025886, 44.641601942035948 ], [ 7.108567756543868, 44.641734948328512 ], [ 7.108941077198865, 44.642227260011609 ], [ 7.10900336277972, 44.64240834247579 ], [ 7.108996053180229, 44.642633281446614 ], [ 7.108995992562218, 44.642633457247435 ], [ 7.108995958206064, 44.6426345140964 ], [ 7.108914156659583, 44.642871735291592 ], [ 7.10886434316817, 44.643046449982926 ], [ 7.108847384185183, 44.643207000961631 ], [ 7.108897615668861, 44.643297829192818 ], [ 7.109164399554792, 44.643891908060084 ], [ 7.109271069401633, 44.644150243401008 ], [ 7.109322544048746, 44.644385157675465 ], [ 7.109322402144053, 44.644386299489156 ], [ 7.109322428941775, 44.6443864217769 ], [ 7.10929855792457, 44.644578374346693 ], [ 7.109394643778934, 44.644894990491387 ], [ 7.109552947405242, 44.645104668106221 ], [ 7.10961355028043, 44.64524070846236 ], [ 7.109608580880875, 44.645393666757045 ], [ 7.109614382232157, 44.645663831972065 ], [ 7.109614228978052, 44.645664315383719 ], [ 7.109614246217866, 44.645665117079801 ], [ 7.109571658951969, 44.645799445771594 ], [ 7.109197700743012, 44.64631988832236 ], [ 7.108737169748, 44.646775896034079 ], [ 7.10850589864841, 44.646992626212345 ], [ 7.1081129874852, 44.647368720545664 ], [ 7.107764718984793, 44.647741055251707 ], [ 7.107303989579729, 44.648021494788388 ], [ 7.10701999529966, 44.648138303495877 ], [ 7.106776010195382, 44.648188276226804 ], [ 7.10649721379031, 44.648242170248352 ], [ 7.106073915678241, 44.648280149832402 ], [ 7.105510975984835, 44.648527376818002 ], [ 7.105138136535655, 44.648746248212227 ], [ 7.104922331388268, 44.648850706327664 ], [ 7.104623904674212, 44.648998797087458 ], [ 7.104563791820112, 44.649029307395608 ], [ 7.104312934052495, 44.649205178830314 ], [ 7.103642494321026, 44.649594659898305 ], [ 7.103324044273875, 44.649764907266231 ], [ 7.102849521814458, 44.650103619437012 ], [ 7.101753324998142, 44.650967643699239 ], [ 7.101149057428934, 44.651574256739607 ], [ 7.10109826609879, 44.65168143449371 ], [ 7.100886748003338, 44.65201551767322 ], [ 7.100835074139765, 44.652149690855623 ], [ 7.100676113246331, 44.65258817273309 ], [ 7.10056683453949, 44.653233838625113 ], [ 7.10055415628872, 44.654164778666079 ], [ 7.100592611355385, 44.654966632101754 ], [ 7.100638384047532, 44.656461789462526 ], [ 7.100604494014164, 44.657221928486791 ], [ 7.100634981174299, 44.657555526336026 ], [ 7.100820137647589, 44.658391328475943 ], [ 7.100858014244614, 44.658680035392919 ], [ 7.100814985591049, 44.659007906972171 ], [ 7.100814959164673, 44.65900799568395 ], [ 7.100814793349299, 44.659009259270718 ], [ 7.100718729072534, 44.659331747804963 ], [ 7.1005435939485, 44.659540398689188 ], [ 7.100261061957164, 44.6599723239312 ], [ 7.100018850070337, 44.660328386833378 ], [ 7.099653121213829, 44.6607724199771 ], [ 7.098722641257621, 44.661792201571721 ], [ 7.09851957262857, 44.661950862002229 ], [ 7.097743797411601, 44.662662639679091 ], [ 7.097353654261094, 44.662948713692749 ], [ 7.096899211182231, 44.663260725097281 ], [ 7.09642758750828, 44.663554452983817 ], [ 7.095773580221207, 44.66388112389474 ], [ 7.094561746731622, 44.66447306285486 ], [ 7.093988624140982, 44.6647605682681 ], [ 7.093000726731252, 44.665266220270702 ], [ 7.091589949411409, 44.66616539412918 ], [ 7.091004972204779, 44.666632743311752 ], [ 7.090426814596671, 44.667059677965682 ], [ 7.090048330090702, 44.667444948762565 ], [ 7.090176382100038, 44.667483118258232 ], [ 7.090371703939651, 44.667477371106358 ], [ 7.091285690776566, 44.667411650233262 ], [ 7.091533964456641, 44.667402288244489 ], [ 7.091925967464713, 44.667336828110642 ], [ 7.092353058884794, 44.667271953340716 ], [ 7.092715897914983, 44.667183491464307 ], [ 7.093565624620673, 44.666936621342323 ], [ 7.093976180821663, 44.666835439009311 ], [ 7.0944147726986, 44.666779745750524 ], [ 7.094903816431946, 44.666724893119493 ], [ 7.096044360115489, 44.666505371933006 ], [ 7.096657549231923, 44.666439087467118 ], [ 7.097268766367526, 44.666336740645548 ], [ 7.098006515076587, 44.666259011280914 ], [ 7.098791567304779, 44.666168569646096 ], [ 7.09929163273761, 44.666041866390749 ], [ 7.100400287311145, 44.665808255932262 ], [ 7.100914415048978, 44.665708771832428 ], [ 7.101509290620066, 44.665660169593444 ], [ 7.102100696442599, 44.665620484730766 ], [ 7.102474816539353, 44.665559190517811 ], [ 7.102939071588485, 44.665526402867947 ], [ 7.103415417636721, 44.665498313735519 ], [ 7.103869313827456, 44.665420326856136 ], [ 7.104452307023303, 44.665385007465176 ], [ 7.104873165612251, 44.665328980320041 ], [ 7.105466100297374, 44.665266791766044 ], [ 7.105506345531536, 44.665265660336246 ], [ 7.106366676935136, 44.665151205767792 ], [ 7.108412820583273, 44.66485205750395 ], [ 7.108636247619952, 44.664839959808411 ], [ 7.108937314359085, 44.66479773325652 ], [ 7.109333508519026, 44.664687258740685 ], [ 7.109813528341483, 44.664533167938096 ], [ 7.110031895738233, 44.664352229230587 ], [ 7.11017627877414, 44.664179080844029 ], [ 7.110269228467474, 44.663951059244106 ], [ 7.110325718710242, 44.663668414319879 ], [ 7.110359247045237, 44.663461902231198 ], [ 7.110469451599839, 44.663333191839527 ], [ 7.110978176014479, 44.662756457666667 ], [ 7.111348840666865, 44.662339479385871 ], [ 7.111912994448805, 44.661876180595776 ], [ 7.112754476618392, 44.661138401124148 ], [ 7.113202501614732, 44.660790194190739 ], [ 7.113814918831819, 44.660296193172201 ], [ 7.115049351644252, 44.659447852396966 ], [ 7.115217375784939, 44.659554152075408 ], [ 7.116093654598722, 44.660099759136003 ], [ 7.116591438431707, 44.660405071331887 ], [ 7.118324853106365, 44.661383420387317 ], [ 7.118935962332284, 44.661744593334191 ], [ 7.120628385630592, 44.662627722293642 ], [ 7.1210056169504, 44.662822988792222 ], [ 7.121557803165959, 44.663178678780014 ], [ 7.122716590708722, 44.66367038386376 ], [ 7.123146977934801, 44.663880014258162 ], [ 7.123765673060658, 44.664092738473698 ], [ 7.124052824814737, 44.664160476980861 ], [ 7.124589109016003, 44.664277333698351 ], [ 7.125325729540681, 44.664500985468081 ], [ 7.12627730516091, 44.664831704448034 ], [ 7.127357012893589, 44.665223038079311 ], [ 7.127801893243933, 44.665423890694996 ], [ 7.128372019255389, 44.665689813332733 ], [ 7.129183498667572, 44.666063215322325 ], [ 7.129946975274744, 44.666372807419783 ], [ 7.130249018336206, 44.666247221691172 ], [ 7.130740924111662, 44.666102234740556 ], [ 7.131167422184037, 44.665956192488892 ], [ 7.131511688948957, 44.665903310340489 ], [ 7.132497821434317, 44.665797916069877 ], [ 7.133086141256196, 44.665780532613709 ], [ 7.133639027112145, 44.665749070049706 ], [ 7.134512832565909, 44.665839872322536 ], [ 7.135154527101356, 44.665890885640124 ], [ 7.135762211163509, 44.666080853114451 ], [ 7.136354135690866, 44.666320082659105 ], [ 7.137075108780724, 44.666664958108136 ], [ 7.137807241064529, 44.667018990167371 ], [ 7.138272818506831, 44.667215641075344 ], [ 7.138450980230107, 44.667290581055525 ], [ 7.139330558508819, 44.667854076960232 ], [ 7.139698520812015, 44.668157153663721 ], [ 7.140159031472037, 44.66852475605689 ], [ 7.140521187642938, 44.668836751449447 ], [ 7.140994716435046, 44.669254084447559 ], [ 7.141512194648913, 44.669690126354006 ], [ 7.142362158713255, 44.670343145032433 ], [ 7.143222967796324, 44.670843286690108 ], [ 7.143608101726113, 44.671079113044733 ], [ 7.144323848917867, 44.671306819330425 ], [ 7.144656512422, 44.671519296085819 ], [ 7.14590578449543, 44.672151769586257 ], [ 7.146767943379035, 44.672611399492432 ], [ 7.147315902429989, 44.672921873901764 ], [ 7.148244843278592, 44.673414086459942 ], [ 7.149099836015589, 44.67391408908572 ], [ 7.149993021059777, 44.674428218994215 ], [ 7.150586868359806, 44.674784443916039 ], [ 7.151077186420211, 44.67504896063852 ], [ 7.151488799531667, 44.67528518922542 ], [ 7.152001783207639, 44.675680604411212 ], [ 7.15255610762591, 44.676139703135924 ], [ 7.152983369762342, 44.676565234739066 ], [ 7.153249063157984, 44.676839601687178 ], [ 7.153534603092923, 44.677060286780431 ], [ 7.153775616068162, 44.677181225119128 ], [ 7.154212267741547, 44.677287314516157 ], [ 7.154820228238374, 44.677387175315069 ], [ 7.155178587578408, 44.677437973740275 ], [ 7.155646839197385, 44.677567081038369 ], [ 7.156331532541073, 44.677771698125596 ], [ 7.157632898368879, 44.678062783046926 ], [ 7.158196450740793, 44.678170905937371 ], [ 7.158778501994685, 44.678243316355726 ], [ 7.159456516554256, 44.678285763832776 ], [ 7.159964717692508, 44.678361494478843 ], [ 7.161744090087685, 44.678574709220271 ], [ 7.162869920822023, 44.67873239016491 ], [ 7.16409983281562, 44.678779195310788 ], [ 7.164782780340756, 44.678790180869036 ], [ 7.164975889989882, 44.678793286394487 ], [ 7.165583913460114, 44.678830053559906 ], [ 7.166733933395769, 44.678871046528506 ], [ 7.167389390138799, 44.67890408645583 ], [ 7.168160980329812, 44.678943486399426 ], [ 7.168835303554329, 44.679165856067755 ], [ 7.169431052659333, 44.679391478748215 ], [ 7.17044083025892, 44.679880308077308 ], [ 7.170943808690712, 44.680135926107937 ], [ 7.171644558010779, 44.680534280004295 ], [ 7.171912621846333, 44.680736625827912 ], [ 7.172051417882454, 44.680936900375627 ], [ 7.172529366786902, 44.681687257074479 ], [ 7.172738005172513, 44.681974179143779 ], [ 7.172876343402524, 44.68208893430608 ], [ 7.173078928500283, 44.68226771728434 ], [ 7.173970408357323, 44.682822137052426 ], [ 7.174135133415107, 44.683000312290702 ], [ 7.174336451267642, 44.683219597409533 ], [ 7.174398026304945, 44.683468156212761 ], [ 7.174262473137502, 44.684168182093465 ], [ 7.173610454484571, 44.684337786299658 ], [ 7.172755539220285, 44.684625694077752 ], [ 7.172555350068555, 44.684671992110566 ], [ 7.172683088762402, 44.685524780260387 ], [ 7.17285959648607, 44.686031749965217 ], [ 7.17294286664047, 44.686393177906623 ], [ 7.172890588467067, 44.686851461001851 ], [ 7.172682370574164, 44.687653845155559 ], [ 7.172736715665547, 44.687731248140572 ], [ 7.173380764301696, 44.687629019292558 ], [ 7.174103839663825, 44.68760908171825 ], [ 7.174680526398675, 44.68765431575617 ], [ 7.174827661543258, 44.687665684262242 ], [ 7.175470235453521, 44.687810993558095 ], [ 7.176082880749948, 44.687991828080229 ], [ 7.177231418653416, 44.688388287375119 ], [ 7.17817239986623, 44.688776923078898 ], [ 7.178799625147424, 44.689097525806019 ], [ 7.17934458448623, 44.689425790730439 ], [ 7.179860303424006, 44.689794131085094 ], [ 7.180244841874224, 44.690007311792904 ], [ 7.18086762111155, 44.690269313396691 ], [ 7.18106201966943, 44.690308419400893 ], [ 7.181276095208762, 44.690221803161755 ], [ 7.181665044187254, 44.690092968890731 ], [ 7.182000186531241, 44.689981288235984 ], [ 7.182328945959701, 44.689860489848265 ], [ 7.18257225313814, 44.689747326666215 ], [ 7.182883904994192, 44.689567734532361 ], [ 7.183157005994696, 44.689410039356062 ], [ 7.183434439483326, 44.689315430710472 ], [ 7.183803597217598, 44.689213284204421 ], [ 7.184145117854276, 44.68920070616489 ], [ 7.184332566565686, 44.689158683648564 ], [ 7.184572714961435, 44.689045465932765 ], [ 7.18479136526375, 44.688913911595947 ], [ 7.185094733515157, 44.688797199862066 ], [ 7.185501027451971, 44.688718131163071 ], [ 7.185907179292662, 44.688643576199873 ], [ 7.18613092427892, 44.688651631439733 ], [ 7.186346925917996, 44.688718082859509 ], [ 7.186735633925537, 44.68869724904949 ], [ 7.187134753093493, 44.688645071551171 ], [ 7.187297366651634, 44.688616146127359 ], [ 7.18737582551473, 44.688603895911889 ], [ 7.18769341544616, 44.688334357493126 ], [ 7.18785941169459, 44.688170451463463 ], [ 7.188165437758138, 44.687968261949997 ], [ 7.188549715224119, 44.687596255060321 ], [ 7.188692039836523, 44.687382450313606 ], [ 7.188715998909819, 44.687220787834285 ], [ 7.188743044497159, 44.686960147991442 ], [ 7.188826446907298, 44.686713898235183 ], [ 7.188925529255592, 44.686571441058497 ], [ 7.18911850191922, 44.686452965576279 ], [ 7.189384006976179, 44.686335641544396 ], [ 7.189801349095185, 44.686103705993617 ], [ 7.190085851711939, 44.686085707141288 ], [ 7.190314420709035, 44.686039809528005 ], [ 7.190624207091895, 44.685918686299075 ], [ 7.190991128592403, 44.685798467987333 ], [ 7.191357941454004, 44.685669248795172 ], [ 7.191480991688525, 44.685567675009189 ], [ 7.19166177089697, 44.685435506348604 ], [ 7.191849622865147, 44.685379964237534 ], [ 7.192120930897358, 44.685379764299668 ], [ 7.192329441624468, 44.6853695529812 ], [ 7.192485920355796, 44.685309013396697 ], [ 7.193001999163505, 44.684957092049146 ], [ 7.193121193256124, 44.684877967023247 ], [ 7.193360887682647, 44.684778220084176 ], [ 7.193554225296885, 44.684749771250651 ], [ 7.193722859372445, 44.684702937809675 ], [ 7.193991639082412, 44.684581155428084 ], [ 7.194481760413779, 44.684341338538999 ], [ 7.194768884442078, 44.684237857628574 ], [ 7.195015042056561, 44.68413371091318 ], [ 7.195432746347548, 44.684104309043555 ], [ 7.196046764040275, 44.684141027477317 ], [ 7.196519037611423, 44.684171004893315 ], [ 7.196815829570419, 44.684162180562701 ], [ 7.197106127043101, 44.684058743916374 ], [ 7.197306462273312, 44.683917879079004 ], [ 7.197412101173191, 44.683766501177026 ], [ 7.19750477542657, 44.683524890880463 ], [ 7.197600680654881, 44.683382375030163 ], [ 7.19774206405886, 44.683299078191496 ], [ 7.197957731119795, 44.683261978373423 ], [ 7.198291547570338, 44.683280745022671 ], [ 7.198485212509954, 44.683342322312079 ], [ 7.198618002357778, 44.683434446104521 ], [ 7.19867630793345, 44.683588413169574 ], [ 7.198726452722217, 44.683764744081245 ], [ 7.198741722875295, 44.683819005402377 ], [ 7.198862549180399, 44.683991953378751 ], [ 7.199036192867668, 44.684089220931476 ], [ 7.199277295594042, 44.684147046989814 ], [ 7.199705676042161, 44.684180816206847 ], [ 7.200019449535417, 44.684235269705965 ], [ 7.200769449442951, 44.684566685441837 ], [ 7.201067913071946, 44.684733434649353 ], [ 7.201301106476269, 44.684818140972531 ], [ 7.201642040509521, 44.6848235143812 ], [ 7.202192119172125, 44.684683634156869 ], [ 7.202520082479132, 44.684585275945345 ], [ 7.202719626822215, 44.684457883488747 ], [ 7.202969590288889, 44.684331285479878 ], [ 7.203131521288208, 44.684297827875341 ], [ 7.203523734987665, 44.684263477686983 ], [ 7.203859842794643, 44.68432278810932 ], [ 7.204049555454742, 44.684411303494514 ], [ 7.204265656747651, 44.684563233121999 ], [ 7.204517400875168, 44.684787756413229 ], [ 7.205051969110264, 44.685354328628485 ], [ 7.205120025819375, 44.685499429607432 ], [ 7.205223772798016, 44.685613601147253 ], [ 7.205427553149545, 44.685756337705918 ], [ 7.205599451327759, 44.685808543358057 ], [ 7.205981103852679, 44.685823559305561 ], [ 7.206405238616728, 44.685879729358369 ], [ 7.206715457379387, 44.685947622456567 ], [ 7.206931976502847, 44.685960039476448 ], [ 7.207055592900445, 44.685966480085611 ], [ 7.20719474634473, 44.685955152473674 ], [ 7.207727161429709, 44.685774460973818 ], [ 7.207939000573694, 44.68565626847446 ], [ 7.208143700330319, 44.685578451229347 ], [ 7.2082961524809, 44.685544837478865 ], [ 7.208430665930593, 44.685479432356132 ], [ 7.208623898308302, 44.685351931411581 ], [ 7.208738686834283, 44.685209684454698 ], [ 7.208766043580935, 44.685039073046823 ], [ 7.208828303578124, 44.684963536337548 ], [ 7.208950071585178, 44.68490242910277 ], [ 7.209082517303023, 44.6848009646395 ], [ 7.20921377863187, 44.684636482093872 ], [ 7.209263331260034, 44.684461720287487 ], [ 7.209481529857229, 44.684240082676688 ], [ 7.209741828921401, 44.683983078933046 ], [ 7.209906640700066, 44.683855129068583 ], [ 7.210046620044031, 44.683816818797418 ], [ 7.210234030267459, 44.683788248357409 ], [ 7.210428022156592, 44.683737270112736 ], [ 7.210762962352806, 44.683616486000474 ], [ 7.210982881342822, 44.683543419683701 ], [ 7.211191821949347, 44.683519684607319 ], [ 7.211676978575825, 44.683540801397477 ], [ 7.21207053439942, 44.683564962577471 ], [ 7.212382544842544, 44.683587863167112 ], [ 7.212896894788535, 44.68358240388352 ], [ 7.213194951183452, 44.683533068412075 ], [ 7.213450499406625, 44.683429027566135 ], [ 7.213752735993863, 44.683141180451834 ], [ 7.213886302012569, 44.683003739608537 ], [ 7.214103924719041, 44.682800078262822 ], [ 7.21421236138553, 44.682761268386663 ], [ 7.214321627848697, 44.682695461247611 ], [ 7.214256809187257, 44.682649442756983 ], [ 7.214087926164677, 44.68260177603819 ], [ 7.213850629318928, 44.682625073536698 ], [ 7.213554621115321, 44.682710468913541 ], [ 7.213230668243508, 44.68278191150393 ], [ 7.21291630566612, 44.68284900390519 ], [ 7.212700511835026, 44.682890648779704 ], [ 7.212403313864805, 44.682913004271271 ], [ 7.212114498427227, 44.682854458978689 ], [ 7.211940144916479, 44.682779712145035 ], [ 7.211754848447815, 44.682650773294476 ], [ 7.211614388551969, 44.682500025133706 ], [ 7.211451187488603, 44.682267907080472 ], [ 7.211279816990057, 44.681891612931466 ], [ 7.211109104866053, 44.681596359266649 ], [ 7.211015247500265, 44.681468851508349 ], [ 7.210883136954797, 44.681354259430705 ], [ 7.210676595933688, 44.681197974705121 ], [ 7.21052254156946, 44.681078520715616 ], [ 7.210422385526191, 44.680950914597332 ], [ 7.210377726470685, 44.680864703322882 ], [ 7.210362259411266, 44.680751920735887 ], [ 7.210419066288192, 44.680649287447025 ], [ 7.210457053908058, 44.680541859599167 ], [ 7.210466847526876, 44.680429473109584 ], [ 7.210443830632362, 44.680357097727217 ], [ 7.210339970273428, 44.680247427602517 ], [ 7.210235002867086, 44.680160269638527 ], [ 7.210061491631735, 44.680058522950034 ], [ 7.209888951467949, 44.679925282529652 ], [ 7.209725864277645, 44.679792190130399 ], [ 7.209570077411985, 44.679627683517637 ], [ 7.209520366537556, 44.679500886851535 ], [ 7.209452140839806, 44.679360265346403 ], [ 7.20935389359664, 44.679273194885631 ], [ 7.209177095834226, 44.679175911817822 ], [ 7.209030837288081, 44.679110599318122 ], [ 7.208942181802734, 44.679019179576194 ], [ 7.208847224811051, 44.678927660866343 ], [ 7.208751019773347, 44.678876629176472 ], [ 7.208576126017747, 44.678819881742939 ], [ 7.208372320646093, 44.678780674346925 ], [ 7.208195347997647, 44.678791392538891 ], [ 7.207944491526996, 44.678832458144036 ], [ 7.207684847969651, 44.678864407021152 ], [ 7.207469620393791, 44.678888018934749 ], [ 7.207286067468874, 44.678907647454004 ], [ 7.207096767034379, 44.678909172311123 ], [ 7.206807391501815, 44.678882133244301 ], [ 7.206624116591495, 44.678892749076439 ], [ 7.206411927171598, 44.678920923283385 ], [ 7.206262199966638, 44.678968073899448 ], [ 7.206069470833524, 44.678978559153855 ], [ 7.205946118931185, 44.678976620162032 ], [ 7.205806331770362, 44.678906905809875 ], [ 7.205600090855746, 44.678741619454499 ], [ 7.205428954977218, 44.678563371094015 ], [ 7.205224131233645, 44.678353101096754 ], [ 7.205134509920407, 44.678293172800231 ], [ 7.205040212993842, 44.678269178146664 ], [ 7.205110435154487, 44.678153261917622 ], [ 7.205129387318013, 44.678050017862013 ], [ 7.205163792594881, 44.677753481332466 ], [ 7.205180566697199, 44.677618712302952 ], [ 7.205240365438626, 44.677520627133461 ], [ 7.205304036952599, 44.677400091208121 ], [ 7.205440203646869, 44.677280694295277 ], [ 7.205601576073149, 44.677161694424804 ], [ 7.205651643579468, 44.677072472023994 ], [ 7.205647704530825, 44.676995877228855 ], [ 7.205621266981365, 44.676932444137648 ], [ 7.205542652530061, 44.676823185412189 ], [ 7.205486765399501, 44.676691771465379 ], [ 7.205513432445756, 44.676543643380427 ], [ 7.20563210047661, 44.67627544259134 ], [ 7.205649844938599, 44.676109160194983 ], [ 7.205699122398862, 44.675943393360846 ], [ 7.205755144091851, 44.675764235095208 ], [ 7.205851571051316, 44.675603707979697 ], [ 7.206009553753741, 44.675390127150678 ], [ 7.206165448417743, 44.675257543807646 ], [ 7.206284856707483, 44.675169392064703 ], [ 7.206384248281195, 44.675116933784601 ], [ 7.206482971636753, 44.675086975648362 ], [ 7.206606873808697, 44.675057413988988 ], [ 7.206797020148041, 44.675028893063441 ], [ 7.207037855913041, 44.674992170182264 ], [ 7.207191391314213, 44.674922566713626 ], [ 7.2073228703381, 44.674852598579811 ], [ 7.207455460073739, 44.674746658474533 ], [ 7.207575306756945, 44.674645015723733 ], [ 7.207691600935931, 44.674453289424804 ], [ 7.207716498745442, 44.674260127725788 ], [ 7.207737248438487, 44.67409841050096 ], [ 7.207705104437342, 44.67391335008233 ], [ 7.207681759532006, 44.673647415290709 ], [ 7.207592127844067, 44.673281394898083 ], [ 7.207553307539643, 44.673006219911542 ], [ 7.207531490439358, 44.672690787217626 ], [ 7.207523884456007, 44.672528623735879 ], [ 7.207477334105206, 44.672401856764722 ], [ 7.207434767930571, 44.672248142161038 ], [ 7.207403278379082, 44.67214412245135 ], [ 7.207371788200708, 44.672040085616608 ], [ 7.207299381415226, 44.671831898956029 ], [ 7.207199541216684, 44.671591773459127 ], [ 7.207103156205814, 44.67134268524358 ], [ 7.207033641652983, 44.671039998692699 ], [ 7.207001360690058, 44.67085945328553 ], [ 7.206917815151986, 44.670705094633504 ], [ 7.206873585489138, 44.670605374035574 ], [ 7.206794951623686, 44.670496114854473 ], [ 7.206669477848622, 44.670372605957517 ], [ 7.206531628761436, 44.670239905348573 ], [ 7.206461919247781, 44.670148781270079 ], [ 7.206424963602251, 44.67001766515348 ], [ 7.206385552780271, 44.669863999686044 ], [ 7.206364211244995, 44.669737628382997 ], [ 7.206341922982992, 44.669642750944611 ], [ 7.206324843458067, 44.669480438412343 ], [ 7.206333826682245, 44.669291525287342 ], [ 7.206360626381633, 44.669138900367493 ], [ 7.206446615302249, 44.669009716392011 ], [ 7.206600915335605, 44.668710565495381 ], [ 7.206637538580552, 44.668648122580684 ], [ 7.206671681122102, 44.668563129917992 ], [ 7.206694358085968, 44.668441947975964 ], [ 7.206741725023417, 44.668235643715029 ], [ 7.206749733562958, 44.668078223963491 ], [ 7.206757368885319, 44.667830770616803 ], [ 7.206776591155687, 44.667718550368249 ], [ 7.206820903831174, 44.667611205788376 ], [ 7.206900727570734, 44.66747742602135 ], [ 7.206986019807087, 44.667370743220864 ], [ 7.207089934758629, 44.667273350127452 ], [ 7.207221814057886, 44.66718989197178 ], [ 7.207369026910505, 44.667120189038798 ], [ 7.207485404512836, 44.66702749000514 ], [ 7.20764019290436, 44.666917381032668 ], [ 7.207752072542884, 44.666766110255082 ], [ 7.207847507076505, 44.666637055822676 ], [ 7.207883891321178, 44.666480100827826 ], [ 7.207937137994113, 44.666287366458796 ], [ 7.208003400502771, 44.666081357914571 ], [ 7.208014139987966, 44.665937496715834 ], [ 7.208004632967914, 44.665734778959163 ], [ 7.207998372475039, 44.665631156597684 ], [ 7.207963734684695, 44.665527087752501 ], [ 7.207889644157519, 44.665372878518639 ], [ 7.207811196138833, 44.665155582514117 ], [ 7.207761680408279, 44.664920745735586 ], [ 7.207744249191138, 44.664668400617167 ], [ 7.207722629372935, 44.664551022486137 ], [ 7.207684009314483, 44.664473902055654 ], [ 7.207599498593443, 44.664351036759371 ], [ 7.207512393440738, 44.664210137380941 ], [ 7.207481184657259, 44.664097107131283 ], [ 7.20749095486642, 44.663984738512902 ], [ 7.207538551686539, 44.663872946894784 ], [ 7.207658554677725, 44.663663283961149 ], [ 7.207699852067849, 44.66355139243835 ], [ 7.20773708260143, 44.663263897538336 ], [ 7.207740174973041, 44.663061396439801 ], [ 7.207753022360742, 44.662850032536966 ], [ 7.207829644892469, 44.662410109381533 ], [ 7.20786370926144, 44.66222610769308 ], [ 7.207911303859509, 44.662114314954735 ], [ 7.208012892113222, 44.661989874373305 ], [ 7.20817041290391, 44.66178979792118 ], [ 7.208360707209218, 44.661549710147341 ], [ 7.208469702722925, 44.661389377275768 ], [ 7.208533625309209, 44.661259846399844 ], [ 7.208553396895351, 44.661129622453089 ], [ 7.208538102852859, 44.661012343706595 ], [ 7.208512499361427, 44.66092193130136 ], [ 7.208398131705218, 44.660744578398358 ], [ 7.20835297505067, 44.660572828477648 ], [ 7.208310414774923, 44.660419113474518 ], [ 7.208280316875361, 44.660270093550231 ], [ 7.208259415570382, 44.660130233093099 ], [ 7.208293437309343, 44.66004973669105 ], [ 7.208316636647264, 44.659910568582944 ], [ 7.208318993952612, 44.659834091611359 ], [ 7.208288756428553, 44.659689568028533 ], [ 7.208286062031429, 44.659572505031839 ], [ 7.208306665622018, 44.659415283976415 ], [ 7.20834373763466, 44.659235808917501 ], [ 7.208398459880941, 44.659097135646846 ], [ 7.208488452214596, 44.658837460745261 ], [ 7.208599659090184, 44.65860514694986 ], [ 7.208680159654475, 44.658448865972964 ], [ 7.20872473824337, 44.658332544951072 ], [ 7.208757827116165, 44.658180018294246 ], [ 7.20880144483902, 44.658005144336343 ], [ 7.208878213642155, 44.657866817727772 ], [ 7.208943241386308, 44.65770129571888 ], [ 7.208962078555469, 44.657499022599104 ], [ 7.209016660315284, 44.657364845338215 ], [ 7.209095533221274, 44.657159034673214 ], [ 7.209155758457336, 44.656943915332633 ], [ 7.209184598329196, 44.656723804923431 ], [ 7.209206986281854, 44.656611634021516 ], [ 7.209245162119754, 44.656396168627374 ], [ 7.20925136133512, 44.65629724023465 ], [ 7.209298809599352, 44.65618994306945 ], [ 7.209366440828308, 44.655938932501286 ], [ 7.209388009428152, 44.655750234666712 ], [ 7.209430959213533, 44.65558434792019 ], [ 7.209469512219918, 44.655458916917205 ], [ 7.20948298013994, 44.655328592892687 ], [ 7.209480006278167, 44.655220523457224 ], [ 7.20954060552705, 44.655095438305501 ], [ 7.209614937760016, 44.654934560366414 ], [ 7.209683360576569, 44.654760094026372 ], [ 7.209781679791422, 44.654536555857689 ], [ 7.209901830647305, 44.654218851793559 ], [ 7.209925577177502, 44.654061697619674 ], [ 7.20997371504102, 44.653931899302371 ], [ 7.210028290896911, 44.653797721393104 ], [ 7.210049743103922, 44.653613520995712 ], [ 7.210076777391978, 44.653451882881058 ], [ 7.210092284211363, 44.653357598925865 ], [ 7.210128894506941, 44.653295173602388 ], [ 7.210207444237906, 44.653201878338116 ], [ 7.210352992628041, 44.653082622567261 ], [ 7.210456185306253, 44.653007708663196 ], [ 7.210506222631946, 44.652918483552064 ], [ 7.210539164989164, 44.652770451605626 ], [ 7.210588130653136, 44.652613674682449 ], [ 7.210622974843239, 44.652506197288226 ], [ 7.21069686022895, 44.652358808128369 ], [ 7.210774335659532, 44.652197978649369 ], [ 7.210878113661026, 44.652001554147354 ], [ 7.210992690769456, 44.651863799796942 ], [ 7.211184045098815, 44.651601230831091 ], [ 7.211290417348661, 44.651422840804287 ], [ 7.211325397767443, 44.651310867660989 ], [ 7.211318024952118, 44.651243235128511 ], [ 7.211291210427441, 44.651089768691662 ], [ 7.211252351823508, 44.650918118365546 ], [ 7.21125186627968, 44.650729056359367 ], [ 7.211291769791044, 44.650558621588644 ], [ 7.2112929100971, 44.650419107835134 ], [ 7.211345990372663, 44.650230885351235 ], [ 7.211374117966202, 44.650136798977442 ], [ 7.211424983022995, 44.650020575280237 ], [ 7.211447918746171, 44.649890400195183 ], [ 7.211491663076698, 44.649697513858683 ], [ 7.211549405065087, 44.649563385655341 ], [ 7.211646600341031, 44.649375854324582 ], [ 7.211854213283183, 44.649185554466719 ], [ 7.211968092618549, 44.648993785709401 ], [ 7.212046116760518, 44.648724940996992 ], [ 7.212108475274227, 44.648554857681624 ], [ 7.212209750581862, 44.648452919888634 ], [ 7.212350864630789, 44.648297585595301 ], [ 7.212430483242823, 44.648181811810318 ], [ 7.212526122831111, 44.648070769445212 ], [ 7.212566567870758, 44.647985872775095 ], [ 7.212572620070352, 44.647891459230586 ], [ 7.212518951858393, 44.647778078302714 ], [ 7.212499810990504, 44.647683251263786 ], [ 7.212523409673556, 44.647530574626053 ], [ 7.212564932340668, 44.647423201158233 ], [ 7.212619078058768, 44.647316026272378 ], [ 7.212656900761793, 44.647213075369031 ], [ 7.212646410042898, 44.647041869687847 ], [ 7.212609066918761, 44.646910750242363 ], [ 7.212518443645431, 44.646666255910574 ], [ 7.212468226769421, 44.646543930983078 ], [ 7.212453480589172, 44.646408666854498 ], [ 7.212473929035563, 44.646255939953491 ], [ 7.212486834049707, 44.646143620598096 ], [ 7.212452612601683, 44.646026045640767 ], [ 7.212442256362231, 44.645940372174884 ], [ 7.212416100373906, 44.645867927988974 ], [ 7.212459250215476, 44.645810102835554 ], [ 7.212515716250286, 44.645716459980797 ], [ 7.21262256659435, 44.645650598440554 ], [ 7.212784635461909, 44.645531617084806 ], [ 7.212822454883954, 44.645442181518433 ], [ 7.212869748455346, 44.645339396832561 ], [ 7.21289814789802, 44.645236299154512 ], [ 7.213012814926547, 44.645121073736988 ], [ 7.213138694932661, 44.645051011122213 ], [ 7.213260623701689, 44.644994419084327 ], [ 7.213383907267138, 44.644906320425207 ], [ 7.213494870473158, 44.64480903165807 ], [ 7.213562603569456, 44.644657044710563 ], [ 7.213617410686301, 44.644527367975492 ], [ 7.213612633009333, 44.644477771265095 ], [ 7.213497474487301, 44.644403953025574 ], [ 7.213433391690796, 44.644321937136283 ], [ 7.213290727116159, 44.644117134531847 ], [ 7.213099171905799, 44.643862062321261 ], [ 7.212977747022428, 44.643684621017094 ], [ 7.212894527179087, 44.643507759843615 ], [ 7.212709023571421, 44.643248283157078 ], [ 7.212638645175961, 44.643166168209284 ], [ 7.212474300258979, 44.643051053749225 ], [ 7.212401352684595, 44.642950885277266 ], [ 7.212356858279898, 44.64284666389436 ], [ 7.212310348430913, 44.642706402657758 ], [ 7.212291044631703, 44.64261607151068 ], [ 7.21229696008146, 44.642526135409959 ], [ 7.212277129414414, 44.642453809139909 ], [ 7.212209347978523, 44.642389729726602 ], [ 7.212063096133114, 44.642301908340905 ], [ 7.211937943488239, 44.642245927053125 ], [ 7.211824419189356, 44.642221654643095 ], [ 7.211654465119306, 44.642187482748263 ], [ 7.211525724846831, 44.642144940461186 ], [ 7.211401679298417, 44.642052985669999 ], [ 7.211236292296459, 44.641870336890442 ], [ 7.211120596483691, 44.641710977574554 ], [ 7.211070359167724, 44.64160216708899 ], [ 7.21103399138, 44.641439552584089 ], [ 7.210994032634916, 44.641303874021965 ], [ 7.210919326679897, 44.641145175940885 ], [ 7.210848434000451, 44.640977503560791 ], [ 7.210426304224433, 44.640174159271425 ], [ 7.210295034042839, 44.640010057189237 ], [ 7.210190034862099, 44.639823872366094 ], [ 7.210116791921522, 44.639732694862523 ], [ 7.209993897826588, 44.63950120668234 ], [ 7.209974599784704, 44.639410875183778 ], [ 7.209932180532115, 44.639342692723673 ], [ 7.209894709530448, 44.639216068774232 ], [ 7.209891734104882, 44.639107980141929 ], [ 7.209878872186867, 44.639013251016102 ], [ 7.209901667294371, 44.638887591273829 ], [ 7.209777363096991, 44.638714580898274 ], [ 7.209679766368734, 44.63858251511455 ], [ 7.209518197531643, 44.638480954434229 ], [ 7.209046575097478, 44.638352015631256 ], [ 7.208562216356487, 44.638240888997302 ], [ 7.207751399334338, 44.638111119330581 ], [ 7.206935784413355, 44.637945279125184 ], [ 7.206264619565816, 44.637822191517536 ], [ 7.205944080576957, 44.637727124155248 ], [ 7.204441512143389, 44.637325384687912 ], [ 7.203389747145933, 44.637011753080479 ], [ 7.202908009215421, 44.636905142222432 ], [ 7.202736177742051, 44.636830420570227 ], [ 7.202617226754946, 44.636675500675992 ], [ 7.202549030369234, 44.636422353166317 ], [ 7.20253488796463, 44.63616555931759 ], [ 7.202610851364522, 44.635964204281585 ], [ 7.202679596944101, 44.635677206105548 ], [ 7.202830594019006, 44.635508524327868 ], [ 7.202968272787055, 44.635362162357367 ], [ 7.203049002276937, 44.635210386956032 ], [ 7.203137696753507, 44.635004733436958 ], [ 7.203168856559038, 44.634825167173481 ], [ 7.203185859212169, 44.633866664616804 ], [ 7.203286266797922, 44.633485637014516 ], [ 7.203771314380106, 44.632858590393703 ], [ 7.203877823951274, 44.632599196034221 ], [ 7.20397637396995, 44.632380183193376 ], [ 7.203988364881837, 44.632195815493638 ], [ 7.203873334321197, 44.631914940137676 ], [ 7.203727352722066, 44.631615545418597 ], [ 7.203456759105748, 44.63134571666874 ], [ 7.203383306657027, 44.631160004801451 ], [ 7.203365780645449, 44.630808629165486 ], [ 7.203378282889461, 44.630403723638132 ], [ 7.203362558571633, 44.630313448040958 ], [ 7.203390063644011, 44.629422626429182 ], [ 7.20332286400873, 44.629187508852809 ], [ 7.203184853425721, 44.628834236174207 ], [ 7.202994608091752, 44.62856565321831 ], [ 7.202826522107682, 44.628382966411152 ], [ 7.202506120159785, 44.628310404007337 ], [ 7.202264169999474, 44.62810854065534 ], [ 7.20212408451065, 44.62782275118029 ], [ 7.201958475855815, 44.627572566849693 ], [ 7.201699238790432, 44.627127353767463 ], [ 7.20151120282516, 44.626786804900071 ], [ 7.20148471144199, 44.626318248050211 ], [ 7.201434231458127, 44.626065379450303 ], [ 7.201366903637545, 44.625834756110031 ], [ 7.201203140194581, 44.625512584435789 ], [ 7.200796750216935, 44.625011027665629 ], [ 7.200537918545079, 44.624565836030058 ], [ 7.20042973989433, 44.624050985925216 ], [ 7.200352507635783, 44.623338552450555 ], [ 7.200319452778676, 44.623108468916072 ], [ 7.200250313520804, 44.622630241715214 ], [ 7.20013073396623, 44.621530051162601 ], [ 7.19996299362806, 44.621527405205129 ], [ 7.199694516105912, 44.621433140612389 ], [ 7.199026886687277, 44.621215554816992 ], [ 7.198278832939527, 44.62098768010992 ], [ 7.197591284981858, 44.620751759083909 ], [ 7.197091935308777, 44.620532303320118 ], [ 7.196529124010851, 44.620275852875331 ], [ 7.196086508784099, 44.62010681149134 ], [ 7.195565017095062, 44.61992750594996 ], [ 7.195009351850582, 44.619720665107202 ], [ 7.194443455987445, 44.619576677526247 ], [ 7.194046985418442, 44.619507384619375 ], [ 7.193272089121487, 44.619486120755056 ], [ 7.192696695420266, 44.619508518619227 ], [ 7.191720625724309, 44.619344505585637 ], [ 7.191489735217594, 44.619295841742634 ], [ 7.191051094285327, 44.619189843633762 ], [ 7.190632882040828, 44.619097701305265 ], [ 7.19035366245302, 44.619007742922108 ], [ 7.190070221459579, 44.618850200452187 ], [ 7.189807652735239, 44.61869300639605 ], [ 7.189505465007985, 44.618670198909292 ], [ 7.189131866192122, 44.618601251799291 ], [ 7.188866083644334, 44.618547511420743 ], [ 7.188427564725666, 44.618247970049303 ], [ 7.187969744755994, 44.618087671766077 ], [ 7.187132789540315, 44.617858311125573 ], [ 7.186292793031859, 44.617651408681233 ], [ 7.18620974925873, 44.617636574957913 ], [ 7.185867463903254, 44.617586128090593 ], [ 7.185382862976176, 44.617564908018728 ], [ 7.184470994485037, 44.617604423929613 ], [ 7.183861598141185, 44.617581230651034 ], [ 7.183448304974645, 44.617471127029887 ], [ 7.183104677516626, 44.617249590249166 ], [ 7.182780253500823, 44.617005846459378 ], [ 7.182193850606405, 44.616649904163886 ], [ 7.181702604473696, 44.616173955974432 ], [ 7.180953580098786, 44.615653371520771 ], [ 7.180200657278323, 44.615119223289888 ], [ 7.17974919765642, 44.614832937714702 ], [ 7.179457109772654, 44.614814782183686 ], [ 7.178853045606944, 44.614836633887514 ], [ 7.178590242035258, 44.614877462846664 ], [ 7.178007268616007, 44.615219255580307 ], [ 7.177604479095081, 44.615491908096978 ], [ 7.177163737414808, 44.615655910509105 ], [ 7.176734723632277, 44.615784091079071 ], [ 7.176084971052728, 44.615994271612379 ], [ 7.175290170359447, 44.616269646423824 ], [ 7.174453249296076, 44.616431819770689 ], [ 7.173604219898464, 44.616652293589418 ], [ 7.172838322208184, 44.616860596543361 ], [ 7.17252909824865, 44.616936657733604 ], [ 7.172269900810211, 44.617126061265367 ], [ 7.171982456575284, 44.617436548899725 ], [ 7.171712297169723, 44.617774323112414 ], [ 7.171489435633427, 44.618072329599556 ], [ 7.171257599103788, 44.618518741158276 ], [ 7.171026812606065, 44.618731108036634 ], [ 7.170705077966776, 44.618942016457531 ], [ 7.170530634576227, 44.619015734271102 ], [ 7.170258130567994, 44.619038376188193 ], [ 7.17007432879888, 44.619071436247232 ], [ 7.16964556401106, 44.619253614831557 ], [ 7.169197788762515, 44.619376966588355 ], [ 7.168530630770314, 44.619411284862373 ], [ 7.167755195248644, 44.619569878399695 ], [ 7.167404434334397, 44.6198388127019 ], [ 7.166834680110306, 44.620320311715496 ], [ 7.166381471300994, 44.620727149110579 ], [ 7.165982916793951, 44.621112350457686 ], [ 7.165584135332313, 44.621430029411165 ], [ 7.165475705871708, 44.621495803558823 ], [ 7.165134546908821, 44.621746890886122 ], [ 7.164798299584538, 44.622029565105436 ], [ 7.163918384882981, 44.62261408495192 ], [ 7.163618831923057, 44.622856839127273 ], [ 7.163247223185262, 44.623048910552292 ], [ 7.162487390427994, 44.623572334301663 ], [ 7.162172150322668, 44.623837325798299 ], [ 7.161436193114168, 44.624352110980261 ], [ 7.161142555112398, 44.624594953902786 ], [ 7.160652596020775, 44.624978663398842 ], [ 7.160435000189134, 44.625132702044013 ], [ 7.160217078756129, 44.625309246787943 ], [ 7.159856834452162, 44.625515004962629 ], [ 7.159666018368092, 44.625669473086425 ], [ 7.159418146785939, 44.625859028967128 ], [ 7.159326859549658, 44.625943068026814 ], [ 7.159140486536733, 44.626156127977318 ], [ 7.159034248692966, 44.626338969802674 ], [ 7.158387631503552, 44.626841680771129 ], [ 7.158199466102002, 44.626987174046931 ], [ 7.158052700325006, 44.62715586506107 ], [ 7.157444635258962, 44.627722210737097 ], [ 7.157036703912002, 44.628039712686544 ], [ 7.156492378547433, 44.628359507360926 ], [ 7.156082962424166, 44.628523953081164 ], [ 7.155475436799454, 44.628712186538742 ], [ 7.154865471989399, 44.62887786556113 ], [ 7.153888778190466, 44.628880081373467 ], [ 7.153247041039746, 44.628842686824221 ], [ 7.152462368430228, 44.62875347039212 ], [ 7.151787364037238, 44.628634497111143 ], [ 7.151157603892814, 44.62848026345096 ], [ 7.149986481882916, 44.628204709800066 ], [ 7.149774382180748, 44.628097728119485 ], [ 7.149000930002273, 44.627990656607452 ], [ 7.147984203129321, 44.627852639340041 ], [ 7.147211474184302, 44.627723055665975 ], [ 7.146812823274364, 44.627586046925515 ], [ 7.146325627381132, 44.627533127986503 ], [ 7.145551473384093, 44.627448514527273 ], [ 7.144576386225315, 44.627351650526123 ], [ 7.144090056089751, 44.627271707773737 ], [ 7.143608936359923, 44.62701632509463 ], [ 7.143171837556047, 44.62673912694607 ], [ 7.142942019031573, 44.62654633171487 ], [ 7.14248991706774, 44.626282400479944 ], [ 7.141970359413959, 44.625972364439825 ], [ 7.141326434183048, 44.62559728155729 ], [ 7.140766216106276, 44.62524155323473 ], [ 7.140246677544685, 44.624931490689022 ], [ 7.139602388172536, 44.624556392066197 ], [ 7.1387722588878, 44.624043206013155 ], [ 7.138313645898082, 44.623824176353253 ], [ 7.137285624369603, 44.623217721475939 ], [ 7.137211434563061, 44.623320054101256 ], [ 7.136048511221043, 44.624147295240022 ], [ 7.13511224756689, 44.624636144759229 ], [ 7.134254211848469, 44.624932692877088 ], [ 7.133575560092067, 44.625016122042894 ], [ 7.132806657341465, 44.625224106970528 ], [ 7.132125374816708, 44.625388516399056 ], [ 7.131779212314251, 44.625409859738781 ], [ 7.131177097586922, 44.625354976505633 ], [ 7.130663235184624, 44.62522502143679 ], [ 7.129966815760633, 44.624966053804819 ], [ 7.129539027578115, 44.624855498538786 ], [ 7.128650682699384, 44.624746405569518 ], [ 7.127290948062963, 44.624535061524107 ], [ 7.12584096052124, 44.624448236634464 ], [ 7.125217762896069, 44.624595545638073 ], [ 7.124358811283969, 44.62491901556448 ], [ 7.123623818446897, 44.624965451019527 ], [ 7.122639700350745, 44.625151815051055 ], [ 7.121236422713591, 44.625398806177678 ], [ 7.120521740983608, 44.625706627290882 ], [ 7.120187972517725, 44.625795656921397 ], [ 7.118941348253422, 44.62609470453026 ], [ 7.11800782385346, 44.626493429701533 ], [ 7.116811703452647, 44.627009333715648 ], [ 7.115621835992393, 44.627768423286646 ], [ 7.115038234748395, 44.628028852455508 ], [ 7.114088908749653, 44.628026662142823 ], [ 7.113268413974419, 44.628035610237148 ], [ 7.113160774151246, 44.627993513624951 ], [ 7.113218708818145, 44.628132701991561 ] ] ] ] } },
{ "type": "Feature", "properties": { "uuid": "9573c377-84c0-4d17-8dc1-4b26c4c5db49", "ente_prod": "ISTAT", "sc_acq": "1:10000", "comune_ist": "004157", "comune_nom": "Paesana", "provin_nom": "CUNEO", "provin_sig": "CN", "zona_alt": "M", "d_zona_alt": "montagna", "quota_capo": 609, "quota_min": 539, "quota_max": 2382, "cap": "12034" }, "geometry": { "type": "MultiPolygon", "coordinates": [ [ [ [ 7.299890412013619, 44.698402942276083 ], [ 7.299692267819784, 44.697922869617699 ], [ 7.299465211271462, 44.697379344267247 ], [ 7.299176788546299, 44.696857411050651 ], [ 7.299072371815387, 44.696528339099096 ], [ 7.299010325072143, 44.696332795495998 ], [ 7.298992861087521, 44.696147987224613 ], [ 7.298964609260186, 44.696089052419325 ], [ 7.298965047267886, 44.696088363610713 ], [ 7.298964740362089, 44.696087723429081 ], [ 7.298984366060181, 44.696056880965664 ], [ 7.298940725568349, 44.695598064770117 ], [ 7.298940926023519, 44.695597300401921 ], [ 7.29894087274331, 44.695596740203023 ], [ 7.29911136373535, 44.694946592305733 ], [ 7.299345867764103, 44.694194342992226 ], [ 7.299352164228925, 44.693979267848732 ], [ 7.299204861873532, 44.693824034078077 ], [ 7.299161129382558, 44.693512800205205 ], [ 7.299114344160968, 44.69349409967392 ], [ 7.299075066345944, 44.693380985278729 ], [ 7.299047473151483, 44.693313058492208 ], [ 7.299047758143087, 44.693311942857676 ], [ 7.29904765854056, 44.693311697763043 ], [ 7.299071715680015, 44.693217529580892 ], [ 7.299125927649968, 44.692993673134637 ], [ 7.299154216330138, 44.692751997716186 ], [ 7.299154094099252, 44.69264846840904 ], [ 7.29913938233748, 44.692531221383163 ], [ 7.29905897686738, 44.692300461802489 ], [ 7.29905045358075, 44.692079779456314 ], [ 7.299047178191856, 44.692035513462997 ], [ 7.299033782067037, 44.691854467902282 ], [ 7.299058109632561, 44.691643276732925 ], [ 7.299058240658301, 44.691642672062585 ], [ 7.299058329235588, 44.691641903192632 ], [ 7.299109778460381, 44.691404458196381 ], [ 7.299151182668623, 44.691104518937742 ], [ 7.299151354247621, 44.691103590776862 ], [ 7.299151416485278, 44.691103140091847 ], [ 7.299190863514466, 44.690887664362393 ], [ 7.299204008446108, 44.690761824880283 ], [ 7.299212959905764, 44.690563907703172 ], [ 7.299249241554692, 44.690456426021456 ], [ 7.299325324606704, 44.690322526430613 ], [ 7.299503643725483, 44.690077611216239 ], [ 7.299659755237768, 44.689904379169477 ], [ 7.299812341828308, 44.689704103207532 ], [ 7.299891301927229, 44.689592757644768 ], [ 7.299982917644608, 44.689441076844659 ], [ 7.300060568220752, 44.689361202274711 ], [ 7.300176338150095, 44.689299909327296 ], [ 7.300334267542725, 44.689239243222104 ], [ 7.300402464464482, 44.689199752223963 ], [ 7.300434670148551, 44.689123718071187 ], [ 7.300442835604447, 44.688844758756261 ], [ 7.301171295715036, 44.688828593213664 ], [ 7.301777272493098, 44.688779092845309 ], [ 7.302331494450405, 44.688746831558284 ], [ 7.302672225499688, 44.688720390739071 ], [ 7.303188072969607, 44.688759569804205 ], [ 7.303656495837705, 44.688789044600895 ], [ 7.30379972077067, 44.688624632194532 ], [ 7.303963430505022, 44.688568545501461 ], [ 7.304141588728298, 44.688544182792057 ], [ 7.304313463450489, 44.688533222043283 ], [ 7.304604620308925, 44.688555560556694 ], [ 7.304700821952649, 44.688665011961021 ], [ 7.305279861202474, 44.688862665139276 ], [ 7.306390954804955, 44.688816141095685 ], [ 7.306692073800821, 44.687956372424217 ], [ 7.306880204925205, 44.687522555598015 ], [ 7.306946800505845, 44.687239963124092 ], [ 7.307157279862611, 44.686675924430119 ], [ 7.307332515215267, 44.686237398956152 ], [ 7.307422244703369, 44.685973162284995 ], [ 7.307649127477101, 44.68538687226885 ], [ 7.307825152799677, 44.684894336542683 ], [ 7.307933009568744, 44.684576347956948 ], [ 7.308232491204383, 44.683689540264368 ], [ 7.308383310649496, 44.6833451770108 ], [ 7.30859108999191, 44.682682088813323 ], [ 7.308722047730298, 44.682382435872114 ], [ 7.308177748459959, 44.682495905655131 ], [ 7.307829585442172, 44.682117136003562 ], [ 7.307416371492296, 44.681710407534453 ], [ 7.306771286737749, 44.681304718270319 ], [ 7.306184542508589, 44.681048457243811 ], [ 7.30557152738479, 44.680976340415526 ], [ 7.305047192942729, 44.680946043075252 ], [ 7.304359554743513, 44.680823306855366 ], [ 7.303744065850031, 44.680593598309855 ], [ 7.303455297399219, 44.680422745884556 ], [ 7.303364121625609, 44.680466413701005 ], [ 7.302619506014155, 44.679811666569385 ], [ 7.302088124401423, 44.679308616195151 ], [ 7.301702555506391, 44.67880775205893 ], [ 7.300889676700698, 44.677751358237479 ], [ 7.299813479859323, 44.676155402735937 ], [ 7.299077365924579, 44.67538821857476 ], [ 7.298462789415564, 44.674618343071543 ], [ 7.297342778493085, 44.673498842925035 ], [ 7.296695260312442, 44.672818494679539 ], [ 7.296530301227846, 44.672662986734778 ], [ 7.294421937478504, 44.670673459152987 ], [ 7.294469451512017, 44.67008901261412 ], [ 7.294678167068995, 44.669182868828514 ], [ 7.295038863490125, 44.668256501437227 ], [ 7.295594268737696, 44.667378396222283 ], [ 7.296244022126015, 44.667032151691771 ], [ 7.296912247559161, 44.66634444907266 ], [ 7.297532768670655, 44.665858561293071 ], [ 7.298446772962048, 44.666052248572257 ], [ 7.298589936468275, 44.666009358859661 ], [ 7.299378719996843, 44.665269417776976 ], [ 7.299995799662799, 44.664603427499728 ], [ 7.299488713600151, 44.664339303447065 ], [ 7.299269387110455, 44.664277515590676 ], [ 7.29885406979375, 44.664298335933765 ], [ 7.298630143876713, 44.664286000900937 ], [ 7.298352096724763, 44.664223335885353 ], [ 7.298134089481956, 44.664116561244164 ], [ 7.298001716104562, 44.663912018950079 ], [ 7.297876180723262, 44.663716594456758 ], [ 7.297748911659287, 44.663701200667127 ], [ 7.297469312650743, 44.663692531497972 ], [ 7.297314843454653, 44.663649702425602 ], [ 7.296732278605051, 44.663379940530376 ], [ 7.296312810761022, 44.66319364173588 ], [ 7.296022170817881, 44.663090258394639 ], [ 7.29562265549399, 44.663043787031228 ], [ 7.295196092303787, 44.662978896284599 ], [ 7.294830571969753, 44.66295544153855 ], [ 7.294341461440072, 44.663020148078651 ], [ 7.293708149661968, 44.66317722361034 ], [ 7.293576923768072, 44.663175261619124 ], [ 7.293439836416312, 44.663132705187728 ], [ 7.293041510045937, 44.662937694496165 ], [ 7.292831784113164, 44.662898550326076 ], [ 7.292690069404974, 44.662905427493762 ], [ 7.292238388712323, 44.662984199468575 ], [ 7.291662739860075, 44.66294857322837 ], [ 7.290928853124322, 44.662879066804685 ], [ 7.290688252488851, 44.662830458362819 ], [ 7.290597261155722, 44.662788589789329 ], [ 7.290177016442873, 44.662602237859517 ], [ 7.289879580430451, 44.662489758862968 ], [ 7.289559260113723, 44.662457947621483 ], [ 7.289404031997138, 44.662442107484672 ], [ 7.289254980414934, 44.662349844959088 ], [ 7.28907677200362, 44.662297669798548 ], [ 7.288933640154145, 44.662232505730444 ], [ 7.288644210368159, 44.662088634861661 ], [ 7.288378455707769, 44.661850572487864 ], [ 7.287906314720981, 44.661339365274983 ], [ 7.287718391493764, 44.661269011176039 ], [ 7.287575396198544, 44.661199348899451 ], [ 7.287334584135298, 44.661038190186986 ], [ 7.28711413783665, 44.660787327120318 ], [ 7.286944629025282, 44.660681240887243 ], [ 7.286744919692731, 44.660529713842998 ], [ 7.286419579974579, 44.660200741931341 ], [ 7.286240372766605, 44.659954976853591 ], [ 7.286130266449739, 44.659705750662113 ], [ 7.286023555758967, 44.659569114485365 ], [ 7.28583970744387, 44.659480823400173 ], [ 7.285661112986783, 44.659442133595029 ], [ 7.285498950790098, 44.659327175564314 ], [ 7.285353268261892, 44.659108922830185 ], [ 7.285242588079877, 44.658999237321588 ], [ 7.285153957236495, 44.658957380934289 ], [ 7.284951060567009, 44.658927339939204 ], [ 7.284554457626395, 44.658903366231108 ], [ 7.284236379788235, 44.658903083309781 ], [ 7.283934844406538, 44.658943573823031 ], [ 7.283706859673411, 44.658935628078758 ], [ 7.283419030116559, 44.658859283849566 ], [ 7.28316824373698, 44.658702465684044 ], [ 7.282993641019674, 44.658528798078642 ], [ 7.28291636498847, 44.658343080024579 ], [ 7.282944673966598, 44.658118444716067 ], [ 7.282955928079214, 44.65781703797866 ], [ 7.282930184783805, 44.657515056592125 ], [ 7.282898259874416, 44.65719498800955 ], [ 7.282718678644257, 44.656962726167777 ], [ 7.282451826665711, 44.656643619860631 ], [ 7.282172850567786, 44.656373853105528 ], [ 7.281977571762402, 44.656087333452767 ], [ 7.281860124144568, 44.655847007543365 ], [ 7.28171075579318, 44.655646707609172 ], [ 7.281329923888802, 44.655330381911853 ], [ 7.28092164173214, 44.65499564637058 ], [ 7.28074819885516, 44.654903005189539 ], [ 7.280539442213996, 44.654832343330149 ], [ 7.280251801721433, 44.654629958123671 ], [ 7.280100578749039, 44.654492627518742 ], [ 7.27983731815182, 44.654398650252787 ], [ 7.279626006339611, 44.654188397886195 ], [ 7.279327722769563, 44.653999345522138 ], [ 7.279176723162728, 44.653961061556444 ], [ 7.278660435797062, 44.653548157271281 ], [ 7.278365466747275, 44.653354671818462 ], [ 7.278261644381911, 44.653254061955252 ], [ 7.278068985402767, 44.652985587156714 ], [ 7.277827216925338, 44.652752378239796 ], [ 7.27758632002879, 44.652609211393688 ], [ 7.277317293277316, 44.652483613616809 ], [ 7.277189584742913, 44.652364646223063 ], [ 7.27711025225208, 44.652115875526036 ], [ 7.276932931601714, 44.651690085740611 ], [ 7.276755123265325, 44.651399321218889 ], [ 7.276541002993365, 44.651044989679285 ], [ 7.276345678022894, 44.650879995811401 ], [ 7.276064984018612, 44.650790245017497 ], [ 7.275521681860068, 44.650705503942213 ], [ 7.275261315919222, 44.650634053418848 ], [ 7.274997360256196, 44.650459022926171 ], [ 7.274853513426225, 44.650299303105335 ], [ 7.274628156357923, 44.650097845008148 ], [ 7.274581942344898, 44.650074634684088 ], [ 7.274430583424463, 44.649995832230907 ], [ 7.274012344534855, 44.649548380837551 ], [ 7.273895639978113, 44.649446679956064 ], [ 7.273800525323988, 44.649342609262341 ], [ 7.273336874354981, 44.64911053294329 ], [ 7.273196037371096, 44.648995880730133 ], [ 7.272944543927174, 44.648866039289608 ], [ 7.272606364242784, 44.648734884353274 ], [ 7.272302455306094, 44.648617743772533 ], [ 7.272086084675127, 44.648578460735486 ], [ 7.271841475884528, 44.648561261345392 ], [ 7.271347797598278, 44.648544786723399 ], [ 7.271166365905714, 44.648497015147782 ], [ 7.270813337286481, 44.648401638146872 ], [ 7.270687817633137, 44.648381742058653 ], [ 7.270645021429555, 44.648376595023961 ], [ 7.270349091798905, 44.648336102200147 ], [ 7.269783783925217, 44.648169988524671 ], [ 7.269537783681197, 44.648080728683496 ], [ 7.269299928106076, 44.647955584517817 ], [ 7.269151521164012, 44.647831796479501 ], [ 7.269048703900005, 44.647803244890021 ], [ 7.26882786583975, 44.6477953777583 ], [ 7.268613588909619, 44.647805641748505 ], [ 7.268497280907741, 44.647767869889357 ], [ 7.268141126728615, 44.647658922625503 ], [ 7.267778262572238, 44.647549891307101 ], [ 7.267388391207884, 44.647422435714681 ], [ 7.267183886134517, 44.647329320192775 ], [ 7.266793743203282, 44.646985793863394 ], [ 7.266599950328745, 44.646757788914094 ], [ 7.266328999561505, 44.646461094574079 ], [ 7.266091645554769, 44.646200917331868 ], [ 7.265937210325868, 44.646054521817781 ], [ 7.265658789683949, 44.645771226007653 ], [ 7.265467855315924, 44.645579269845484 ], [ 7.26531516694943, 44.645374381034067 ], [ 7.265220812778519, 44.645287434727081 ], [ 7.265033396779401, 44.645203555073451 ], [ 7.264870659450112, 44.645097556658627 ], [ 7.264702956536492, 44.644932962614149 ], [ 7.264507731791226, 44.644727443920793 ], [ 7.264239772718188, 44.644516301215738 ], [ 7.263880707385415, 44.644294774857762 ], [ 7.263580175677186, 44.644105664748793 ], [ 7.263312894802914, 44.643872018487883 ], [ 7.262938796831552, 44.643533240369919 ], [ 7.262644878383716, 44.643281191958174 ], [ 7.26234490999186, 44.643060579250154 ], [ 7.26196002342053, 44.642793629376442 ], [ 7.261546766061775, 44.642553276061854 ], [ 7.261255177708556, 44.642368776545183 ], [ 7.26080233904923, 44.642226843286977 ], [ 7.260427201780042, 44.642081593177608 ], [ 7.260066415981941, 44.641918547506606 ], [ 7.259626817383341, 44.641637260787867 ], [ 7.259362939886954, 44.6414486984294 ], [ 7.259055803311503, 44.641178426835708 ], [ 7.258787341176924, 44.640985276630751 ], [ 7.258587410340205, 44.640793190421647 ], [ 7.258360453586822, 44.640582659385451 ], [ 7.25804480357502, 44.64043830920221 ], [ 7.257543330397439, 44.640237100655874 ], [ 7.25723229895684, 44.640097299281408 ], [ 7.256930022710884, 44.639993657039518 ], [ 7.256729802292699, 44.639922182408185 ], [ 7.256491435881095, 44.639811417452378 ], [ 7.25607390508832, 44.639557463403214 ], [ 7.255843292748843, 44.639468409907487 ], [ 7.255510370885012, 44.639296778463574 ], [ 7.255225851945854, 44.639179906550126 ], [ 7.254901182989752, 44.639035391735383 ], [ 7.254750195521159, 44.638893551056618 ], [ 7.254667346936114, 44.638752751358936 ], [ 7.254657600443371, 44.638315973930048 ], [ 7.254665550804122, 44.637906476467883 ], [ 7.254579045637681, 44.637585564095993 ], [ 7.254552547019697, 44.637247574278909 ], [ 7.254469685410312, 44.636962724890715 ], [ 7.254406021886346, 44.636799707591166 ], [ 7.25424976292414, 44.636531729580497 ], [ 7.254179471018704, 44.636287597969414 ], [ 7.254137031645412, 44.636021379791465 ], [ 7.254165139714846, 44.635846250726154 ], [ 7.253984290143984, 44.635478889096589 ], [ 7.253905771167452, 44.635194105653014 ], [ 7.253805199182326, 44.635053016066017 ], [ 7.253639489100608, 44.634928960793559 ], [ 7.253403115824128, 44.63474528674022 ], [ 7.25317428367105, 44.634597753013836 ], [ 7.252752749022216, 44.63447875951907 ], [ 7.25233418200271, 44.634418329910702 ], [ 7.251873710554981, 44.634388783726124 ], [ 7.251612914089409, 44.634348781207528 ], [ 7.251256892692741, 44.634226287266642 ], [ 7.250961312521467, 44.634032702848103 ], [ 7.250834126465787, 44.633846197304976 ], [ 7.250724654092502, 44.633542942012951 ], [ 7.250607636578776, 44.63332058466419 ], [ 7.250444786073821, 44.633115537713337 ], [ 7.250176930808464, 44.632904363097403 ], [ 7.250122341351469, 44.632741481518046 ], [ 7.250136438321937, 44.632534648573241 ], [ 7.250155191278746, 44.632264849518862 ], [ 7.250126553405048, 44.631998841276904 ], [ 7.250114390817781, 44.631800602791273 ], [ 7.250003997813768, 44.631515327738633 ], [ 7.249876827584557, 44.631342317878982 ], [ 7.249563302818167, 44.631130460292773 ], [ 7.248936669221611, 44.630693233394126 ], [ 7.248823438838063, 44.630502441064664 ], [ 7.248653034707859, 44.63024775262997 ], [ 7.248524780494495, 44.630097236314242 ], [ 7.248448695424699, 44.630046564582912 ], [ 7.248234765319993, 44.630020769280684 ], [ 7.248054629866783, 44.629932473764441 ], [ 7.247852739855031, 44.629807836543421 ], [ 7.247603952937626, 44.629723003746903 ], [ 7.24747193489739, 44.629554433278585 ], [ 7.247361401326806, 44.629431198053432 ], [ 7.247189783998596, 44.629361045141586 ], [ 7.247007889874459, 44.629331241002951 ], [ 7.246688151281639, 44.629326329201646 ], [ 7.246218259449548, 44.629310112001257 ], [ 7.245907306783913, 44.629156784958518 ], [ 7.245528931219508, 44.628979926831583 ], [ 7.245137041863756, 44.628937893122412 ], [ 7.244744862961245, 44.628918347339628 ], [ 7.244423662109875, 44.628805383516614 ], [ 7.243861095078603, 44.628675190268901 ], [ 7.243698109153629, 44.628618661509158 ], [ 7.243501894614587, 44.628606643656212 ], [ 7.243300270136547, 44.628486500994761 ], [ 7.24294868071209, 44.6275538274718 ], [ 7.242885398865719, 44.627183758248187 ], [ 7.242744027084606, 44.626934007290927 ], [ 7.242725750722673, 44.626717660523632 ], [ 7.242807644049868, 44.626471365271044 ], [ 7.242814029813366, 44.626259896798842 ], [ 7.242710774303773, 44.625569622747129 ], [ 7.242770586174514, 44.625232939577856 ], [ 7.242630849407209, 44.624929210949574 ], [ 7.242513764530733, 44.624697827876041 ], [ 7.242377766743347, 44.62446617139846 ], [ 7.242426623603277, 44.624426417818782 ], [ 7.242398533790417, 44.624299948766776 ], [ 7.242290738617812, 44.624086721690681 ], [ 7.242203877625425, 44.623936853632102 ], [ 7.242417013757337, 44.623688062497926 ], [ 7.242943263130206, 44.623349565482918 ], [ 7.243723804945667, 44.622924949812841 ], [ 7.243938148319479, 44.622793214618675 ], [ 7.244852867190633, 44.622307655989054 ], [ 7.245601507916784, 44.621869041985498 ], [ 7.24625633641544, 44.621523489242783 ], [ 7.246564122045986, 44.621361675205982 ], [ 7.245845847458156, 44.62110758002845 ], [ 7.244305256464209, 44.62039068726915 ], [ 7.243391029169658, 44.619881468940065 ], [ 7.243009980752469, 44.619691064386771 ], [ 7.241983607442758, 44.61967525801542 ], [ 7.239673313907007, 44.619653141828564 ], [ 7.239061616641009, 44.619652701925062 ], [ 7.238426762079297, 44.619480859214271 ], [ 7.237640889910003, 44.619261676299963 ], [ 7.237072019158154, 44.619122353903514 ], [ 7.236264958731748, 44.6188488134921 ], [ 7.235968404581703, 44.618808221517099 ], [ 7.235736320869037, 44.618811887873328 ], [ 7.235407566341998, 44.618819998619877 ], [ 7.23539885166123, 44.618817218220073 ], [ 7.235392669411738, 44.618817315859765 ], [ 7.234936119711546, 44.618805756975568 ], [ 7.233945693561827, 44.618799431399829 ], [ 7.233855088187558, 44.618838554198732 ], [ 7.23346300454435, 44.61880547530528 ], [ 7.232952896252089, 44.618806575136752 ], [ 7.232321908393259, 44.618805800398484 ], [ 7.231056972279445, 44.618786200272375 ], [ 7.229393383387733, 44.618832417575213 ], [ 7.22914409960307, 44.618882570337377 ], [ 7.228416731405431, 44.619136851027541 ], [ 7.22836593058197, 44.61914957702804 ], [ 7.227316614730266, 44.61942136407675 ], [ 7.226365884345964, 44.619676660491862 ], [ 7.226190756439757, 44.619723460703128 ], [ 7.22584719568604, 44.619610078801216 ], [ 7.225305358392523, 44.619475635467921 ], [ 7.224342674147245, 44.619321109602552 ], [ 7.223586054249614, 44.619165302816285 ], [ 7.223450759367461, 44.619158698166167 ], [ 7.222883739043946, 44.619127358089052 ], [ 7.222010605415727, 44.61914976569367 ], [ 7.221039298809531, 44.619265164872665 ], [ 7.220091744108299, 44.619466455848148 ], [ 7.2194329623803, 44.619640735940358 ], [ 7.218779156332433, 44.619909598638117 ], [ 7.217936678249402, 44.62022955112873 ], [ 7.216712308059933, 44.620710056025075 ], [ 7.215850618663544, 44.621038690032734 ], [ 7.214891285191689, 44.621379286819121 ], [ 7.214349127234235, 44.621474329799433 ], [ 7.213913329976168, 44.621517032199797 ], [ 7.213625365835719, 44.621530520181466 ], [ 7.213259618305496, 44.621524794461635 ], [ 7.21255170742285, 44.621437194454074 ], [ 7.211701516887862, 44.621288840447384 ], [ 7.211255344718749, 44.621169307169431 ], [ 7.210760327941635, 44.621076035598357 ], [ 7.210294604530126, 44.621041722526378 ], [ 7.209576431962996, 44.620980934553224 ], [ 7.208891586498041, 44.620925183501463 ], [ 7.208209395497116, 44.620846957342884 ], [ 7.207615476208845, 44.620806121918079 ], [ 7.207012935301676, 44.620828165782122 ], [ 7.206537851767484, 44.620829697803565 ], [ 7.206243642559076, 44.620892591127827 ], [ 7.205827874295675, 44.621052598883601 ], [ 7.205398774198187, 44.621171888511228 ], [ 7.205226170687044, 44.621187187327884 ], [ 7.204873956750857, 44.621177148990704 ], [ 7.204404768495241, 44.621255279319151 ], [ 7.203941457777167, 44.621347014844332 ], [ 7.203673317870639, 44.621356309135621 ], [ 7.202384133041711, 44.621457547471927 ], [ 7.202205346714609, 44.621468227750498 ], [ 7.201564959737838, 44.62151665636317 ], [ 7.20080529416955, 44.621536190698059 ], [ 7.20013073396623, 44.621530051162601 ], [ 7.200250313520804, 44.622630241715214 ], [ 7.200319452778676, 44.623108468916072 ], [ 7.200352507635783, 44.623338552450555 ], [ 7.20042973989433, 44.624050985925216 ], [ 7.200537918545079, 44.624565836030058 ], [ 7.200796750216935, 44.625011027665629 ], [ 7.201203140194581, 44.625512584435789 ], [ 7.201366903637545, 44.625834756110031 ], [ 7.201434231458127, 44.626065379450303 ], [ 7.20148471144199, 44.626318248050211 ], [ 7.20151120282516, 44.626786804900071 ], [ 7.201699238790432, 44.627127353767463 ], [ 7.201958475855815, 44.627572566849693 ], [ 7.20212408451065, 44.62782275118029 ], [ 7.202264169999474, 44.62810854065534 ], [ 7.202506120159785, 44.628310404007337 ], [ 7.202826522107682, 44.628382966411152 ], [ 7.202994608091752, 44.62856565321831 ], [ 7.203184853425721, 44.628834236174207 ], [ 7.20332286400873, 44.629187508852809 ], [ 7.203390063644011, 44.629422626429182 ], [ 7.203362558571633, 44.630313448040958 ], [ 7.203378282889461, 44.630403723638132 ], [ 7.203365780645449, 44.630808629165486 ], [ 7.203383306657027, 44.631160004801451 ], [ 7.203456759105748, 44.63134571666874 ], [ 7.203727352722066, 44.631615545418597 ], [ 7.203873334321197, 44.631914940137676 ], [ 7.203988364881837, 44.632195815493638 ], [ 7.20397637396995, 44.632380183193376 ], [ 7.203877823951274, 44.632599196034221 ], [ 7.203771314380106, 44.632858590393703 ], [ 7.203286266797922, 44.633485637014516 ], [ 7.203185859212169, 44.633866664616804 ], [ 7.203168856559038, 44.634825167173481 ], [ 7.203137696753507, 44.635004733436958 ], [ 7.203049002276937, 44.635210386956032 ], [ 7.202968272787055, 44.635362162357367 ], [ 7.202830594019006, 44.635508524327868 ], [ 7.202679596944101, 44.635677206105548 ], [ 7.202610851364522, 44.635964204281585 ], [ 7.20253488796463, 44.63616555931759 ], [ 7.202549030369234, 44.636422353166317 ], [ 7.202617226754946, 44.636675500675992 ], [ 7.202736177742051, 44.636830420570227 ], [ 7.202908009215421, 44.636905142222432 ], [ 7.203389747145933, 44.637011753080479 ], [ 7.204441512143389, 44.637325384687912 ], [ 7.205944080576957, 44.637727124155248 ], [ 7.206264619565816, 44.637822191517536 ], [ 7.206935784413355, 44.637945279125184 ], [ 7.207751399334338, 44.638111119330581 ], [ 7.208562216356487, 44.638240888997302 ], [ 7.209046575097478, 44.638352015631256 ], [ 7.209518197531643, 44.638480954434229 ], [ 7.209679766368734, 44.63858251511455 ], [ 7.209777363096991, 44.638714580898274 ], [ 7.209901667294371, 44.638887591273829 ], [ 7.209878872186867, 44.639013251016102 ], [ 7.209891734104882, 44.639107980141929 ], [ 7.209894709530448, 44.639216068774232 ], [ 7.209932180532115, 44.639342692723673 ], [ 7.209974599784704, 44.639410875183778 ], [ 7.209993897826588, 44.63950120668234 ], [ 7.210116791921522, 44.639732694862523 ], [ 7.210190034862099, 44.639823872366094 ], [ 7.210295034042839, 44.640010057189237 ], [ 7.210426304224433, 44.640174159271425 ], [ 7.210848434000451, 44.640977503560791 ], [ 7.210919326679897, 44.641145175940885 ], [ 7.210994032634916, 44.641303874021965 ], [ 7.21103399138, 44.641439552584089 ], [ 7.211070359167724, 44.64160216708899 ], [ 7.211120596483691, 44.641710977574554 ], [ 7.211236292296459, 44.641870336890442 ], [ 7.211401679298417, 44.642052985669999 ], [ 7.211525724846831, 44.642144940461186 ], [ 7.211654465119306, 44.642187482748263 ], [ 7.211824419189356, 44.642221654643095 ], [ 7.211937943488239, 44.642245927053125 ], [ 7.212063096133114, 44.642301908340905 ], [ 7.212209347978523, 44.642389729726602 ], [ 7.212277129414414, 44.642453809139909 ], [ 7.21229696008146, 44.642526135409959 ], [ 7.212291044631703, 44.64261607151068 ], [ 7.212310348430913, 44.642706402657758 ], [ 7.212356858279898, 44.64284666389436 ], [ 7.212401352684595, 44.642950885277266 ], [ 7.212474300258979, 44.643051053749225 ], [ 7.212638645175961, 44.643166168209284 ], [ 7.212709023571421, 44.643248283157078 ], [ 7.212894527179087, 44.643507759843615 ], [ 7.212977747022428, 44.643684621017094 ], [ 7.213099171905799, 44.643862062321261 ], [ 7.213290727116159, 44.644117134531847 ], [ 7.213433391690796, 44.644321937136283 ], [ 7.213497474487301, 44.644403953025574 ], [ 7.213612633009333, 44.644477771265095 ], [ 7.213617410686301, 44.644527367975492 ], [ 7.213562603569456, 44.644657044710563 ], [ 7.213494870473158, 44.64480903165807 ], [ 7.213383907267138, 44.644906320425207 ], [ 7.213260623701689, 44.644994419084327 ], [ 7.213138694932661, 44.645051011122213 ], [ 7.213012814926547, 44.645121073736988 ], [ 7.21289814789802, 44.645236299154512 ], [ 7.212869748455346, 44.645339396832561 ], [ 7.212822454883954, 44.645442181518433 ], [ 7.212784635461909, 44.645531617084806 ], [ 7.21262256659435, 44.645650598440554 ], [ 7.212515716250286, 44.645716459980797 ], [ 7.212459250215476, 44.645810102835554 ], [ 7.212416100373906, 44.645867927988974 ], [ 7.212442256362231, 44.645940372174884 ], [ 7.212452612601683, 44.646026045640767 ], [ 7.212486834049707, 44.646143620598096 ], [ 7.212473929035563, 44.646255939953491 ], [ 7.212453480589172, 44.646408666854498 ], [ 7.212468226769421, 44.646543930983078 ], [ 7.212518443645431, 44.646666255910574 ], [ 7.212609066918761, 44.646910750242363 ], [ 7.212646410042898, 44.647041869687847 ], [ 7.212656900761793, 44.647213075369031 ], [ 7.212619078058768, 44.647316026272378 ], [ 7.212564932340668, 44.647423201158233 ], [ 7.212523409673556, 44.647530574626053 ], [ 7.212499810990504, 44.647683251263786 ], [ 7.212518951858393, 44.647778078302714 ], [ 7.212572620070352, 44.647891459230586 ], [ 7.212566567870758, 44.647985872775095 ], [ 7.212526122831111, 44.648070769445212 ], [ 7.212430483242823, 44.648181811810318 ], [ 7.212350864630789, 44.648297585595301 ], [ 7.212209750581862, 44.648452919888634 ], [ 7.212108475274227, 44.648554857681624 ], [ 7.212046116760518, 44.648724940996992 ], [ 7.211968092618549, 44.648993785709401 ], [ 7.211854213283183, 44.649185554466719 ], [ 7.211646600341031, 44.649375854324582 ], [ 7.211549405065087, 44.649563385655341 ], [ 7.211491663076698, 44.649697513858683 ], [ 7.211447918746171, 44.649890400195183 ], [ 7.211424983022995, 44.650020575280237 ], [ 7.211374117966202, 44.650136798977442 ], [ 7.211345990372663, 44.650230885351235 ], [ 7.2112929100971, 44.650419107835134 ], [ 7.211291769791044, 44.650558621588644 ], [ 7.21125186627968, 44.650729056359367 ], [ 7.211252351823508, 44.650918118365546 ], [ 7.211291210427441, 44.651089768691662 ], [ 7.211318024952118, 44.651243235128511 ], [ 7.211325397767443, 44.651310867660989 ], [ 7.211290417348661, 44.651422840804287 ], [ 7.211184045098815, 44.651601230831091 ], [ 7.210992690769456, 44.651863799796942 ], [ 7.210878113661026, 44.652001554147354 ], [ 7.210774335659532, 44.652197978649369 ], [ 7.21069686022895, 44.652358808128369 ], [ 7.210622974843239, 44.652506197288226 ], [ 7.210588130653136, 44.652613674682449 ], [ 7.210539164989164, 44.652770451605626 ], [ 7.210506222631946, 44.652918483552064 ], [ 7.210456185306253, 44.653007708663196 ], [ 7.210352992628041, 44.653082622567261 ], [ 7.210207444237906, 44.653201878338116 ], [ 7.210128894506941, 44.653295173602388 ], [ 7.210092284211363, 44.653357598925865 ], [ 7.210076777391978, 44.653451882881058 ], [ 7.210049743103922, 44.653613520995712 ], [ 7.210028290896911, 44.653797721393104 ], [ 7.20997371504102, 44.653931899302371 ], [ 7.209925577177502, 44.654061697619674 ], [ 7.209901830647305, 44.654218851793559 ], [ 7.209781679791422, 44.654536555857689 ], [ 7.209683360576569, 44.654760094026372 ], [ 7.209614937760016, 44.654934560366414 ], [ 7.20954060552705, 44.655095438305501 ], [ 7.209480006278167, 44.655220523457224 ], [ 7.20948298013994, 44.655328592892687 ], [ 7.209469512219918, 44.655458916917205 ], [ 7.209430959213533, 44.65558434792019 ], [ 7.209388009428152, 44.655750234666712 ], [ 7.209366440828308, 44.655938932501286 ], [ 7.209298809599352, 44.65618994306945 ], [ 7.20925136133512, 44.65629724023465 ], [ 7.209245162119754, 44.656396168627374 ], [ 7.209206986281854, 44.656611634021516 ], [ 7.209184598329196, 44.656723804923431 ], [ 7.209155758457336, 44.656943915332633 ], [ 7.209095533221274, 44.657159034673214 ], [ 7.209016660315284, 44.657364845338215 ], [ 7.208962078555469, 44.657499022599104 ], [ 7.208943241386308, 44.65770129571888 ], [ 7.208878213642155, 44.657866817727772 ], [ 7.20880144483902, 44.658005144336343 ], [ 7.208757827116165, 44.658180018294246 ], [ 7.20872473824337, 44.658332544951072 ], [ 7.208680159654475, 44.658448865972964 ], [ 7.208599659090184, 44.65860514694986 ], [ 7.208488452214596, 44.658837460745261 ], [ 7.208398459880941, 44.659097135646846 ], [ 7.20834373763466, 44.659235808917501 ], [ 7.208306665622018, 44.659415283976415 ], [ 7.208286062031429, 44.659572505031839 ], [ 7.208288756428553, 44.659689568028533 ], [ 7.208318993952612, 44.659834091611359 ], [ 7.208316636647264, 44.659910568582944 ], [ 7.208293437309343, 44.66004973669105 ], [ 7.208259415570382, 44.660130233093099 ], [ 7.208280316875361, 44.660270093550231 ], [ 7.208310414774923, 44.660419113474518 ], [ 7.20835297505067, 44.660572828477648 ], [ 7.208398131705218, 44.660744578398358 ], [ 7.208512499361427, 44.66092193130136 ], [ 7.208538102852859, 44.661012343706595 ], [ 7.208553396895351, 44.661129622453089 ], [ 7.208533625309209, 44.661259846399844 ], [ 7.208469702722925, 44.661389377275768 ], [ 7.208360707209218, 44.661549710147341 ], [ 7.20817041290391, 44.66178979792118 ], [ 7.208012892113222, 44.661989874373305 ], [ 7.207911303859509, 44.662114314954735 ], [ 7.20786370926144, 44.66222610769308 ], [ 7.207829644892469, 44.662410109381533 ], [ 7.207753022360742, 44.662850032536966 ], [ 7.207740174973041, 44.663061396439801 ], [ 7.20773708260143, 44.663263897538336 ], [ 7.207699852067849, 44.66355139243835 ], [ 7.207658554677725, 44.663663283961149 ], [ 7.207538551686539, 44.663872946894784 ], [ 7.20749095486642, 44.663984738512902 ], [ 7.207481184657259, 44.664097107131283 ], [ 7.207512393440738, 44.664210137380941 ], [ 7.207599498593443, 44.664351036759371 ], [ 7.207684009314483, 44.664473902055654 ], [ 7.207722629372935, 44.664551022486137 ], [ 7.207744249191138, 44.664668400617167 ], [ 7.207761680408279, 44.664920745735586 ], [ 7.207811196138833, 44.665155582514117 ], [ 7.207889644157519, 44.665372878518639 ], [ 7.207963734684695, 44.665527087752501 ], [ 7.207998372475039, 44.665631156597684 ], [ 7.208004632967914, 44.665734778959163 ], [ 7.208014139987966, 44.665937496715834 ], [ 7.208003400502771, 44.666081357914571 ], [ 7.207937137994113, 44.666287366458796 ], [ 7.207883891321178, 44.666480100827826 ], [ 7.207847507076505, 44.666637055822676 ], [ 7.207752072542884, 44.666766110255082 ], [ 7.20764019290436, 44.666917381032668 ], [ 7.207485404512836, 44.66702749000514 ], [ 7.207369026910505, 44.667120189038798 ], [ 7.207221814057886, 44.66718989197178 ], [ 7.207089934758629, 44.667273350127452 ], [ 7.206986019807087, 44.667370743220864 ], [ 7.206900727570734, 44.66747742602135 ], [ 7.206820903831174, 44.667611205788376 ], [ 7.206776591155687, 44.667718550368249 ], [ 7.206757368885319, 44.667830770616803 ], [ 7.206749733562958, 44.668078223963491 ], [ 7.206741725023417, 44.668235643715029 ], [ 7.206694358085968, 44.668441947975964 ], [ 7.206671681122102, 44.668563129917992 ], [ 7.206637538580552, 44.668648122580684 ], [ 7.206600915335605, 44.668710565495381 ], [ 7.206446615302249, 44.669009716392011 ], [ 7.206360626381633, 44.669138900367493 ], [ 7.206333826682245, 44.669291525287342 ], [ 7.206324843458067, 44.669480438412343 ], [ 7.206341922982992, 44.669642750944611 ], [ 7.206364211244995, 44.669737628382997 ], [ 7.206385552780271, 44.669863999686044 ], [ 7.206424963602251, 44.67001766515348 ], [ 7.206461919247781, 44.670148781270079 ], [ 7.206531628761436, 44.670239905348573 ], [ 7.206669477848622, 44.670372605957517 ], [ 7.206794951623686, 44.670496114854473 ], [ 7.206873585489138, 44.670605374035574 ], [ 7.206917815151986, 44.670705094633504 ], [ 7.207001360690058, 44.67085945328553 ], [ 7.207033641652983, 44.671039998692699 ], [ 7.207103156205814, 44.67134268524358 ], [ 7.207199541216684, 44.671591773459127 ], [ 7.207299381415226, 44.671831898956029 ], [ 7.207371788200708, 44.672040085616608 ], [ 7.207403278379082, 44.67214412245135 ], [ 7.207434767930571, 44.672248142161038 ], [ 7.207477334105206, 44.672401856764722 ], [ 7.207523884456007, 44.672528623735879 ], [ 7.207531490439358, 44.672690787217626 ], [ 7.207553307539643, 44.673006219911542 ], [ 7.207592127844067, 44.673281394898083 ], [ 7.207681759532006, 44.673647415290709 ], [ 7.207705104437342, 44.67391335008233 ], [ 7.207737248438487, 44.67409841050096 ], [ 7.207716498745442, 44.674260127725788 ], [ 7.207691600935931, 44.674453289424804 ], [ 7.207575306756945, 44.674645015723733 ], [ 7.207455460073739, 44.674746658474533 ], [ 7.2073228703381, 44.674852598579811 ], [ 7.207191391314213, 44.674922566713626 ], [ 7.207037855913041, 44.674992170182264 ], [ 7.206797020148041, 44.675028893063441 ], [ 7.206606873808697, 44.675057413988988 ], [ 7.206482971636753, 44.675086975648362 ], [ 7.206384248281195, 44.675116933784601 ], [ 7.206284856707483, 44.675169392064703 ], [ 7.206165448417743, 44.675257543807646 ], [ 7.206009553753741, 44.675390127150678 ], [ 7.205851571051316, 44.675603707979697 ], [ 7.205755144091851, 44.675764235095208 ], [ 7.205699122398862, 44.675943393360846 ], [ 7.205649844938599, 44.676109160194983 ], [ 7.20563210047661, 44.67627544259134 ], [ 7.205513432445756, 44.676543643380427 ], [ 7.205486765399501, 44.676691771465379 ], [ 7.205542652530061, 44.676823185412189 ], [ 7.205621266981365, 44.676932444137648 ], [ 7.205647704530825, 44.676995877228855 ], [ 7.205651643579468, 44.677072472023994 ], [ 7.205601576073149, 44.677161694424804 ], [ 7.205440203646869, 44.677280694295277 ], [ 7.205304036952599, 44.677400091208121 ], [ 7.205240365438626, 44.677520627133461 ], [ 7.205180566697199, 44.677618712302952 ], [ 7.205163792594881, 44.677753481332466 ], [ 7.205129387318013, 44.678050017862013 ], [ 7.205110435154487, 44.678153261917622 ], [ 7.205040212993842, 44.678269178146664 ], [ 7.205134509920407, 44.678293172800231 ], [ 7.205224131233645, 44.678353101096754 ], [ 7.205428954977218, 44.678563371094015 ], [ 7.205600090855746, 44.678741619454499 ], [ 7.205806331770362, 44.678906905809875 ], [ 7.205946118931185, 44.678976620162032 ], [ 7.206069470833524, 44.678978559153855 ], [ 7.206262199966638, 44.678968073899448 ], [ 7.206411927171598, 44.678920923283385 ], [ 7.206624116591495, 44.678892749076439 ], [ 7.206807391501815, 44.678882133244301 ], [ 7.207096767034379, 44.678909172311123 ], [ 7.207286067468874, 44.678907647454004 ], [ 7.207469620393791, 44.678888018934749 ], [ 7.207684847969651, 44.678864407021152 ], [ 7.207944491526996, 44.678832458144036 ], [ 7.208195347997647, 44.678791392538891 ], [ 7.208372320646093, 44.678780674346925 ], [ 7.208576126017747, 44.678819881742939 ], [ 7.208751019773347, 44.678876629176472 ], [ 7.208847224811051, 44.678927660866343 ], [ 7.208942181802734, 44.679019179576194 ], [ 7.209030837288081, 44.679110599318122 ], [ 7.209177095834226, 44.679175911817822 ], [ 7.20935389359664, 44.679273194885631 ], [ 7.209452140839806, 44.679360265346403 ], [ 7.209520366537556, 44.679500886851535 ], [ 7.209570077411985, 44.679627683517637 ], [ 7.209725864277645, 44.679792190130399 ], [ 7.209888951467949, 44.679925282529652 ], [ 7.210061491631735, 44.680058522950034 ], [ 7.210235002867086, 44.680160269638527 ], [ 7.210339970273428, 44.680247427602517 ], [ 7.210443830632362, 44.680357097727217 ], [ 7.210466847526876, 44.680429473109584 ], [ 7.210457053908058, 44.680541859599167 ], [ 7.210419066288192, 44.680649287447025 ], [ 7.210362259411266, 44.680751920735887 ], [ 7.210377726470685, 44.680864703322882 ], [ 7.210422385526191, 44.680950914597332 ], [ 7.21052254156946, 44.681078520715616 ], [ 7.210676595933688, 44.681197974705121 ], [ 7.210883136954797, 44.681354259430705 ], [ 7.211015247500265, 44.681468851508349 ], [ 7.211109104866053, 44.681596359266649 ], [ 7.211279816990057, 44.681891612931466 ], [ 7.211451187488603, 44.682267907080472 ], [ 7.211614388551969, 44.682500025133706 ], [ 7.211754848447815, 44.682650773294476 ], [ 7.211940144916479, 44.682779712145035 ], [ 7.212114498427227, 44.682854458978689 ], [ 7.212403313864805, 44.682913004271271 ], [ 7.212700511835026, 44.682890648779704 ], [ 7.21291630566612, 44.68284900390519 ], [ 7.213230668243508, 44.68278191150393 ], [ 7.213554621115321, 44.682710468913541 ], [ 7.213850629318928, 44.682625073536698 ], [ 7.214087926164677, 44.68260177603819 ], [ 7.214256809187257, 44.682649442756983 ], [ 7.214321627848697, 44.682695461247611 ], [ 7.21421236138553, 44.682761268386663 ], [ 7.214103924719041, 44.682800078262822 ], [ 7.213886302012569, 44.683003739608537 ], [ 7.213752735993863, 44.683141180451834 ], [ 7.213450499406625, 44.683429027566135 ], [ 7.213194951183452, 44.683533068412075 ], [ 7.212896894788535, 44.68358240388352 ], [ 7.212382544842544, 44.683587863167112 ], [ 7.21207053439942, 44.683564962577471 ], [ 7.211676978575825, 44.683540801397477 ], [ 7.211191821949347, 44.683519684607319 ], [ 7.210982881342822, 44.683543419683701 ], [ 7.210762962352806, 44.683616486000474 ], [ 7.210428022156592, 44.683737270112736 ], [ 7.210234030267459, 44.683788248357409 ], [ 7.210046620044031, 44.683816818797418 ], [ 7.209906640700066, 44.683855129068583 ], [ 7.209741828921401, 44.683983078933046 ], [ 7.209481529857229, 44.684240082676688 ], [ 7.209263331260034, 44.684461720287487 ], [ 7.20921377863187, 44.684636482093872 ], [ 7.209082517303023, 44.6848009646395 ], [ 7.208950071585178, 44.68490242910277 ], [ 7.208828303578124, 44.684963536337548 ], [ 7.208766043580935, 44.685039073046823 ], [ 7.208738686834283, 44.685209684454698 ], [ 7.208623898308302, 44.685351931411581 ], [ 7.208430665930593, 44.685479432356132 ], [ 7.2082961524809, 44.685544837478865 ], [ 7.208143700330319, 44.685578451229347 ], [ 7.207939000573694, 44.68565626847446 ], [ 7.207727161429709, 44.685774460973818 ], [ 7.20719474634473, 44.685955152473674 ], [ 7.207055592900445, 44.685966480085611 ], [ 7.206931976502847, 44.685960039476448 ], [ 7.206848912459715, 44.68613427371502 ], [ 7.206735131265696, 44.686357547863189 ], [ 7.206584734340344, 44.686490217255681 ], [ 7.20644489922377, 44.686600559744114 ], [ 7.206406285922767, 44.686752999505629 ], [ 7.206356970962893, 44.686932262284635 ], [ 7.20624379695903, 44.687124035896154 ], [ 7.206259340327634, 44.687245817202708 ], [ 7.206313912826914, 44.687381708419338 ], [ 7.206360174683302, 44.687454468780558 ], [ 7.206363094935782, 44.687513015454954 ], [ 7.206340299155353, 44.687625197126316 ], [ 7.206226010675138, 44.687699914719701 ], [ 7.206101434976073, 44.687787985015099 ], [ 7.2060554532065, 44.687859277542692 ], [ 7.206090150642339, 44.687999372982695 ], [ 7.206075722992835, 44.688147675314418 ], [ 7.206091957699782, 44.688260470418925 ], [ 7.206134746053303, 44.688445697275277 ], [ 7.206225017572307, 44.688523629943447 ], [ 7.206411261757934, 44.688634580397462 ], [ 7.206681381445401, 44.688724354048205 ], [ 7.206912216550868, 44.68882250782962 ], [ 7.207174696990534, 44.68899317353528 ], [ 7.207451939131947, 44.689159571950832 ], [ 7.207717479369484, 44.689397819197268 ], [ 7.207861778790509, 44.689616131007497 ], [ 7.208011361264179, 44.68981654854484 ], [ 7.208145959186576, 44.690030209116856 ], [ 7.208219417974915, 44.690179909485828 ], [ 7.208219981173733, 44.690314951782042 ], [ 7.208150402814566, 44.690511910144913 ], [ 7.208184438192627, 44.690674488061831 ], [ 7.208227760721609, 44.690855223910205 ], [ 7.208228609037007, 44.691134319177351 ], [ 7.208264428434943, 44.691404947485495 ], [ 7.208355268921787, 44.691617938790984 ], [ 7.208541534245927, 44.691895427195632 ], [ 7.208733915379252, 44.692128007036096 ], [ 7.208982267416007, 44.692451492278686 ], [ 7.209229931769916, 44.692783982142657 ], [ 7.209323969351484, 44.692893480024566 ], [ 7.209432577889796, 44.693003207332062 ], [ 7.209700917804155, 44.6931514654663 ], [ 7.210070108213903, 44.693341811285563 ], [ 7.210265550918, 44.693475410279966 ], [ 7.210542960331526, 44.693637305141266 ], [ 7.210813387272953, 44.693718058671315 ], [ 7.211032425453745, 44.693725990833222 ], [ 7.211172007130818, 44.693777700348448 ], [ 7.211334113588323, 44.693892762860209 ], [ 7.211534427440779, 44.69402193747743 ], [ 7.211775966202753, 44.694093238958118 ], [ 7.21195375345992, 44.694172556223421 ], [ 7.212179063317412, 44.69428410827836 ], [ 7.212314880847611, 44.694407773536199 ], [ 7.21234672312426, 44.694538806227555 ], [ 7.212329104700914, 44.694637555562039 ], [ 7.212227716992997, 44.694766501341959 ], [ 7.212210348691689, 44.694856257510779 ], [ 7.212258856789086, 44.695023559332469 ], [ 7.21228707262328, 44.695208556301402 ], [ 7.212348904658591, 44.695416572460488 ], [ 7.212539373230763, 44.695712133017956 ], [ 7.212784420620353, 44.695977058227172 ], [ 7.213039868346526, 44.696224113809841 ], [ 7.213244642046559, 44.696375866753996 ], [ 7.213480635129485, 44.69647408785584 ], [ 7.213620364474544, 44.696521280125346 ], [ 7.213840819576171, 44.696637269397023 ], [ 7.214023232937692, 44.696721137224664 ], [ 7.214201723359611, 44.696777950399017 ], [ 7.214345903883611, 44.696847722977758 ], [ 7.214458978898371, 44.696966530368094 ], [ 7.214556930826903, 44.697103095175628 ], [ 7.214656541995458, 44.697199180183929 ], [ 7.214828674155779, 44.697296399475952 ], [ 7.21496229480053, 44.697388517644697 ], [ 7.215070393944458, 44.697516243650384 ], [ 7.215135394074125, 44.697620784885238 ], [ 7.215295997386061, 44.697785338906513 ], [ 7.215447700698626, 44.697918245829413 ], [ 7.215527048630745, 44.698032026240568 ], [ 7.215600536534445, 44.698181703201264 ], [ 7.215692658706746, 44.698354183889087 ], [ 7.21575796327921, 44.698436235972451 ], [ 7.215943731682938, 44.698731717209881 ], [ 7.216060020042991, 44.698913591306237 ], [ 7.216096432341289, 44.698999671195956 ], [ 7.216145094315077, 44.699135483058001 ], [ 7.216188060331391, 44.699316192046687 ], [ 7.216251485496208, 44.69944771806756 ], [ 7.216355418622571, 44.699530372619073 ], [ 7.216499385318463, 44.699672154247537 ], [ 7.216605391420138, 44.699790848985856 ], [ 7.216694921241194, 44.699931779713893 ], [ 7.216992927993315, 44.700310043067127 ], [ 7.217203425305078, 44.700596911434083 ], [ 7.217306697859605, 44.700702048316572 ], [ 7.217445885930801, 44.700780735998336 ], [ 7.217566852152517, 44.700836646296281 ], [ 7.217667500049367, 44.700923747751084 ], [ 7.217694348156435, 44.700987184207413 ], [ 7.217683209078888, 44.701144554999871 ], [ 7.217678512794019, 44.701297508970981 ], [ 7.217724775221203, 44.70147378827297 ], [ 7.217799544166299, 44.701659510652377 ], [ 7.217912387891801, 44.701773794377985 ], [ 7.218053764747438, 44.70188404206985 ], [ 7.218204018841352, 44.702039415232754 ], [ 7.218303175662318, 44.702176014420381 ], [ 7.218323810181841, 44.702338379788273 ], [ 7.21834101574818, 44.702523184245607 ], [ 7.218411968836635, 44.702627834459562 ], [ 7.218423587856427, 44.702763049008027 ], [ 7.218455498551796, 44.702880585303426 ], [ 7.218502616571585, 44.702926324951832 ], [ 7.218698659679405, 44.70295189642863 ], [ 7.218949368089692, 44.702982820085239 ], [ 7.219085686888454, 44.703052463007559 ], [ 7.219220049555021, 44.703198589775482 ], [ 7.21934385022166, 44.703367063121355 ], [ 7.219451503152459, 44.703535302412 ], [ 7.219567923192008, 44.703739668358871 ], [ 7.219731739621248, 44.703967284133327 ], [ 7.219969801852193, 44.704205055612611 ], [ 7.220106906782585, 44.704364737652853 ], [ 7.220298616472208, 44.704840360327466 ], [ 7.220420590537469, 44.705287885262415 ], [ 7.220576657912092, 44.705704432129188 ], [ 7.220629151135292, 44.705844781276262 ], [ 7.220798454852725, 44.706112987496375 ], [ 7.221191905542285, 44.706326186584846 ], [ 7.221870880933295, 44.70669686026686 ], [ 7.224122012637373, 44.70786171171131 ], [ 7.223472047225652, 44.708450264226983 ], [ 7.221347988645817, 44.71048774971797 ], [ 7.221216916113778, 44.710607243502132 ], [ 7.220043587854343, 44.711651234784931 ], [ 7.218942939197197, 44.712408270070675 ], [ 7.218451934662472, 44.712724691724056 ], [ 7.218168503126614, 44.712922816515238 ], [ 7.220244041689949, 44.713630400314074 ], [ 7.220872636888322, 44.713806742362415 ], [ 7.221250176479986, 44.713974669950211 ], [ 7.221723814891953, 44.71405856420872 ], [ 7.222210849133413, 44.714219196662633 ], [ 7.222703718224573, 44.714370902857027 ], [ 7.222938386956581, 44.714437574923281 ], [ 7.223879268064547, 44.714645772362267 ], [ 7.224725680149686, 44.714847994115502 ], [ 7.225198315403255, 44.714976881298149 ], [ 7.225450994460815, 44.715048326772418 ], [ 7.226337105348585, 44.715255652311754 ], [ 7.227087041566731, 44.715451857769445 ], [ 7.227531811765503, 44.715589300339133 ], [ 7.227902260432797, 44.7156805822557 ], [ 7.228411470358316, 44.715801008051429 ], [ 7.228893907285066, 44.715907520560705 ], [ 7.229213771045155, 44.715975501735002 ], [ 7.229893513519086, 44.716080572594848 ], [ 7.23019485054697, 44.716148262775228 ], [ 7.230813725438842, 44.716256882787036 ], [ 7.231248756634023, 44.716326643441342 ], [ 7.23172912155596, 44.716397104814291 ], [ 7.232106572664509, 44.716465969173903 ], [ 7.232954548522518, 44.716618650549357 ], [ 7.234249357221147, 44.716854734988907 ], [ 7.235076685093309, 44.716998084096687 ], [ 7.236063831958621, 44.717179886375909 ], [ 7.236891742289026, 44.717305199446159 ], [ 7.237631149025415, 44.717343629432563 ], [ 7.238273123579352, 44.717394047151465 ], [ 7.23859741228286, 44.717408068325504 ], [ 7.239903197569345, 44.71738768873751 ], [ 7.241288814574323, 44.717337033905586 ], [ 7.241831146571236, 44.717264377732789 ], [ 7.242159389709588, 44.71714789737748 ], [ 7.242457826214423, 44.717116485556694 ], [ 7.242645771341642, 44.71702035470129 ], [ 7.243257054634087, 44.716782194070319 ], [ 7.243615481941072, 44.716580644736531 ], [ 7.243923784038413, 44.716418847472447 ], [ 7.244317712536268, 44.716438422392557 ], [ 7.245026883705072, 44.716471821921566 ], [ 7.245126922524403, 44.716477858664632 ], [ 7.245525959988502, 44.7165380143988 ], [ 7.24627418296647, 44.716675548827091 ], [ 7.246812021256283, 44.716764842752553 ], [ 7.247350400646289, 44.716822615043561 ], [ 7.247777881345519, 44.716842692348898 ], [ 7.24818104946481, 44.716857879260253 ], [ 7.248695746775213, 44.716798261828693 ], [ 7.248931784624478, 44.716716354114375 ], [ 7.249008940629531, 44.716605017396468 ], [ 7.250598600370597, 44.716903957925361 ], [ 7.253665664887313, 44.715951662404699 ], [ 7.25508262847233, 44.715473692573589 ], [ 7.256616053310118, 44.714993004539764 ], [ 7.257620230218794, 44.714634731936975 ], [ 7.258324775761828, 44.714519450699832 ], [ 7.259495278809119, 44.714456275955783 ], [ 7.260432052053801, 44.714385047380254 ], [ 7.261370289772911, 44.714277807493048 ], [ 7.262798080336177, 44.713421818952405 ], [ 7.264352749359283, 44.712239140574034 ], [ 7.264424333522319, 44.712154699735855 ], [ 7.26565497901989, 44.710697010605948 ], [ 7.2660569454164, 44.709892904281013 ], [ 7.266276365660866, 44.709455114568506 ], [ 7.266823088496826, 44.708756727786884 ], [ 7.267485288977225, 44.708100597803323 ], [ 7.268204640092818, 44.707485856504363 ], [ 7.268979909847269, 44.706952951010138 ], [ 7.269869592462715, 44.706511822494043 ], [ 7.271107120456397, 44.706152469469409 ], [ 7.272344499105013, 44.705797618174778 ], [ 7.273401457217337, 44.705606546845424 ], [ 7.274685729059713, 44.70546392525479 ], [ 7.274769231881612, 44.705402169529251 ], [ 7.275741862771804, 44.705047777599582 ], [ 7.276475953789275, 44.704928332022483 ], [ 7.277647771739313, 44.704680436329454 ], [ 7.278624461262874, 44.70432158252904 ], [ 7.278888646784578, 44.704325566782543 ], [ 7.27922365565647, 44.704308106750247 ], [ 7.279499504368239, 44.704330278427562 ], [ 7.2797907439762, 44.704393169006138 ], [ 7.279969834017989, 44.70448589618951 ], [ 7.280130373278611, 44.704632363610173 ], [ 7.280331628020565, 44.704536371104162 ], [ 7.28059901557219, 44.704432358612301 ], [ 7.280989252829609, 44.704348208874954 ], [ 7.28130878948731, 44.704294520610738 ], [ 7.281722139128253, 44.704282731463422 ], [ 7.2820429391818, 44.70431907020162 ], [ 7.282346231837301, 44.704400148673528 ], [ 7.282649961645093, 44.704454240888268 ], [ 7.283143453033085, 44.70452018494332 ], [ 7.283623925409927, 44.704612922201854 ], [ 7.283920550019919, 44.704639894147611 ], [ 7.284209289983831, 44.704639736757578 ], [ 7.284425383657926, 44.704588964229707 ], [ 7.284700500995514, 44.704503090216058 ], [ 7.284834056899446, 44.704455575830565 ], [ 7.285069300978635, 44.704463609358008 ], [ 7.28521255264249, 44.704501768832799 ], [ 7.285357002002141, 44.704499440526519 ], [ 7.285495670800276, 44.704425010153173 ], [ 7.285590817156853, 44.704421940900495 ], [ 7.28567792750815, 44.704544767968237 ], [ 7.285848537602331, 44.704497826971277 ], [ 7.285990760330681, 44.704436944936525 ], [ 7.286152336861209, 44.704281827691936 ], [ 7.286253828975621, 44.704197822179893 ], [ 7.286395651680883, 44.704150448100499 ], [ 7.286558789725864, 44.704076365813734 ], [ 7.286670504745862, 44.704033037906015 ], [ 7.286855320234091, 44.703959298617008 ], [ 7.28720260331581, 44.703806966334028 ], [ 7.287372546572866, 44.703782506554788 ], [ 7.287759732667974, 44.703815325954366 ], [ 7.287867140317462, 44.703663892116424 ], [ 7.288060376000639, 44.703558749725694 ], [ 7.288218106680672, 44.70352060993568 ], [ 7.288983184026526, 44.703338529709143 ], [ 7.289326612007145, 44.703316667709458 ], [ 7.28999078984982, 44.703052057128573 ], [ 7.290349110732138, 44.702805354952638 ], [ 7.290517349799176, 44.702704350473113 ], [ 7.290792856695226, 44.702591438644539 ], [ 7.290957033081214, 44.702494872094491 ], [ 7.291178499019582, 44.702394664562362 ], [ 7.291296542651731, 44.70231090236004 ], [ 7.291966511787065, 44.702410958823165 ], [ 7.292343483141052, 44.702227546601875 ], [ 7.292598484744405, 44.702127838073991 ], [ 7.293049162115693, 44.701959021699551 ], [ 7.293798873489139, 44.701601141528229 ], [ 7.294218113859832, 44.701521879528755 ], [ 7.294381379533177, 44.701308256311037 ], [ 7.294563573033109, 44.701148935776253 ], [ 7.294806988253521, 44.701013041175962 ], [ 7.295115087282484, 44.700783567705322 ], [ 7.295295797995435, 44.700673746308205 ], [ 7.295443936483187, 44.700545424260469 ], [ 7.295528713943585, 44.700465660246742 ], [ 7.295669103257477, 44.700332723650455 ], [ 7.29585416211263, 44.700209451817187 ], [ 7.296079281834654, 44.700145296396634 ], [ 7.296371698227311, 44.700019127940784 ], [ 7.296548741273373, 44.699900233848219 ], [ 7.296614082018472, 44.699784188926664 ], [ 7.296640116547171, 44.69959552424239 ], [ 7.296721095544052, 44.699511203217142 ], [ 7.296766052854678, 44.699390337470817 ], [ 7.296854778912981, 44.699310649390533 ], [ 7.297038503143152, 44.699245874330252 ], [ 7.297249821555679, 44.699222017186308 ], [ 7.297407394499134, 44.699201856420288 ], [ 7.297496251848367, 44.699117652368372 ], [ 7.297553295972143, 44.699001484034348 ], [ 7.297661881934766, 44.698809551926566 ], [ 7.300272960724419, 44.69877647130847 ], [ 7.299890412013619, 44.698402942276083 ] ] ] ] } },
{ "type": "Feature", "properties": { "uuid": "a063229d-a282-4e6e-a5ff-b547905b235b", "ente_prod": "ISTAT", "sc_acq": "1:10000", "comune_ist": "004180", "comune_nom": "Revello", "provin_nom": "CUNEO", "provin_sig": "CN", "zona_alt": "P", "d_zona_alt": "pianura", "quota_capo": 350, "quota_min": 256, "quota_max": 864, "cap": "12036" }, "geometry": { "type": "MultiPolygon", "coordinates": [ [ [ [ 7.363810984852689, 44.665618409897903 ], [ 7.364074845935995, 44.665473653596386 ], [ 7.364189563770958, 44.665368586299273 ], [ 7.364311956077949, 44.665256489581651 ], [ 7.364387551473452, 44.665213338083795 ], [ 7.364427339065136, 44.665190626413562 ], [ 7.364588204785218, 44.665035387052193 ], [ 7.36472057527042, 44.664884242573329 ], [ 7.364816449295075, 44.664755082155644 ], [ 7.364885110139368, 44.664724556722938 ], [ 7.364986687136601, 44.6646449902169 ], [ 7.365067125732863, 44.664574122772962 ], [ 7.365130700703883, 44.66445800003391 ], [ 7.365200611519813, 44.664368978083701 ], [ 7.365291309417271, 44.664311762424667 ], [ 7.365460912829231, 44.664224162966939 ], [ 7.365590219788524, 44.6640414648773 ], [ 7.365674333943223, 44.663966150998874 ], [ 7.365779199961196, 44.663895632689304 ], [ 7.365943986349433, 44.663852977343865 ], [ 7.366067232855691, 44.663773719981769 ], [ 7.366172871132687, 44.663689707302368 ], [ 7.366255579056423, 44.663650380208004 ], [ 7.366396679026962, 44.663566874722264 ], [ 7.366537763837072, 44.663469868395815 ], [ 7.366647077908254, 44.663381409246263 ], [ 7.366766392740778, 44.663315595327298 ], [ 7.366921918967702, 44.663209793257259 ], [ 7.367070364545591, 44.663117390158568 ], [ 7.36716156394659, 44.663042176500767 ], [ 7.367235393183088, 44.662939704259323 ], [ 7.367359014980114, 44.662846945796908 ], [ 7.36742043611684, 44.662807313471355 ], [ 7.36750973235344, 44.662673553469077 ], [ 7.367615351656865, 44.662576034107254 ], [ 7.367781023300921, 44.662501884630842 ], [ 7.367967966405489, 44.66242803435177 ], [ 7.368108814796228, 44.662353529580585 ], [ 7.368232286169196, 44.662251766175459 ], [ 7.368289283766416, 44.662131049016395 ], [ 7.36834677096669, 44.66197883008752 ], [ 7.368378054610822, 44.661930665934122 ], [ 7.368439466585067, 44.661836116079016 ], [ 7.36864184162783, 44.66159144106237 ], [ 7.368792299485274, 44.661427045133088 ], [ 7.368990496520016, 44.661204816693221 ], [ 7.369142988912451, 44.661094464995074 ], [ 7.369361199681477, 44.660917530954436 ], [ 7.369518363513112, 44.660766734882515 ], [ 7.369633104044111, 44.66061082961059 ], [ 7.36978139708925, 44.66050941892469 ], [ 7.369979480715323, 44.660417725313593 ], [ 7.370137670399408, 44.660356966029134 ], [ 7.370356267691932, 44.660292565494565 ], [ 7.370706088789901, 44.660243542193747 ], [ 7.371038680030118, 44.660176268327682 ], [ 7.371118755964337, 44.660162246670701 ], [ 7.371133751045688, 44.660159620957351 ], [ 7.371388758201567, 44.660118249369305 ], [ 7.371536055016409, 44.660066334610555 ], [ 7.371708298902372, 44.660010276814255 ], [ 7.371774517809141, 44.65992569673277 ], [ 7.371774490566298, 44.659924412906769 ], [ 7.371708385584967, 44.660008843017728 ], [ 7.371536143330047, 44.660064887016588 ], [ 7.371388841659635, 44.660116806916044 ], [ 7.371133831805226, 44.660158191970638 ], [ 7.371038770002405, 44.660174829762468 ], [ 7.370706183936762, 44.660242099047295 ], [ 7.370356361852752, 44.660291127194959 ], [ 7.370137774160763, 44.660355522592084 ], [ 7.369979579442267, 44.660416282226429 ], [ 7.369781509755713, 44.660507980896767 ], [ 7.369633230562805, 44.660609387346035 ], [ 7.369518475255888, 44.660765293499352 ], [ 7.369361316385084, 44.660916094453029 ], [ 7.36914310567031, 44.661093034081858 ], [ 7.368990619952149, 44.661203376665426 ], [ 7.368792420772638, 44.661425606644734 ], [ 7.368641955306328, 44.66158999873047 ], [ 7.36843955842807, 44.661834678772315 ], [ 7.368346866821002, 44.661977402538021 ], [ 7.368289376765835, 44.662129608409217 ], [ 7.368232383342135, 44.662250331618566 ], [ 7.368108912044793, 44.662352090642315 ], [ 7.367968070742463, 44.662426609128246 ], [ 7.367781110880461, 44.662500450090235 ], [ 7.367615452381392, 44.6625746142278 ], [ 7.367509819632126, 44.662672129128495 ], [ 7.367420528541643, 44.662805884781669 ], [ 7.367359121039506, 44.662845513227744 ], [ 7.367235486126308, 44.662938271895534 ], [ 7.36716166876987, 44.663040740011631 ], [ 7.367070455326204, 44.663115967168771 ], [ 7.366922003976299, 44.663208370538037 ], [ 7.366766485187389, 44.663314169104105 ], [ 7.36664717062744, 44.663379978839259 ], [ 7.366537863783389, 44.663468442302189 ], [ 7.366396772674964, 44.663565448825203 ], [ 7.36625567334802, 44.66364895946009 ], [ 7.366172985371437, 44.663688282732771 ], [ 7.366067340496837, 44.663772299616767 ], [ 7.365944081485786, 44.663851548655977 ], [ 7.365779304056981, 44.66389421320283 ], [ 7.365674425328125, 44.663964727088768 ], [ 7.365590336883517, 44.664040037046938 ], [ 7.365461013809577, 44.664222739690629 ], [ 7.365291405870972, 44.664310339490896 ], [ 7.365200721139036, 44.664367560583244 ], [ 7.365130814821716, 44.664456587778169 ], [ 7.36506722650791, 44.664572696594256 ], [ 7.364986774579541, 44.664643559648276 ], [ 7.364885203228624, 44.664723136136161 ], [ 7.364816556573975, 44.664753661562095 ], [ 7.364720668233518, 44.664882822045001 ], [ 7.364588301859232, 44.665033972367652 ], [ 7.364427428644473, 44.665189211771171 ], [ 7.364312059350822, 44.665255075572595 ], [ 7.364074935573957, 44.665472240125432 ], [ 7.363811096242145, 44.665616988102038 ], [ 7.363342536379842, 44.665835333457089 ], [ 7.363344094480985, 44.665835985223644 ], [ 7.363810984852689, 44.665618409897903 ] ] ], [ [ [ 7.371821715574572, 44.659633789206985 ], [ 7.371996547330752, 44.659560277611021 ], [ 7.372070207172082, 44.659529305683321 ], [ 7.372297027080586, 44.659424508064824 ], [ 7.37246368469547, 44.659314353827192 ], [ 7.372829529801306, 44.658945970896617 ], [ 7.372946023562216, 44.658839599665455 ], [ 7.373075814476412, 44.658652396591734 ], [ 7.373180767415993, 44.658451339017986 ], [ 7.373204037336684, 44.6582536161905 ], [ 7.373204041958288, 44.658253072476789 ], [ 7.37318086659043, 44.658449889662684 ], [ 7.373075915807269, 44.658650962302765 ], [ 7.372946116645904, 44.658838166201278 ], [ 7.372829635688086, 44.658944528531471 ], [ 7.372463774459233, 44.659312922235927 ], [ 7.372297124446129, 44.659423067331467 ], [ 7.37207030555092, 44.659527856591559 ], [ 7.371821796944329, 44.659632354077239 ], [ 7.37172431257071, 44.659693981042558 ], [ 7.371724868963429, 44.659694996281189 ], [ 7.371821715574572, 44.659633789206985 ] ] ], [ [ [ 7.373226729261611, 44.657695792933211 ], [ 7.373226728679512, 44.657695461068691 ], [ 7.373207250298131, 44.657887621939445 ], [ 7.373207247367374, 44.657887966352845 ], [ 7.373226729261611, 44.657695792933211 ] ] ], [ [ [ 7.373148117059846, 44.656447836706207 ], [ 7.373309339685217, 44.656405119886315 ], [ 7.373406081979591, 44.656370490728754 ], [ 7.373430000185387, 44.656276305167324 ], [ 7.373475336442205, 44.65619142655477 ], [ 7.373594486466757, 44.656116605826853 ], [ 7.37366819240787, 44.656032131237723 ], [ 7.373888457895982, 44.655526629496499 ], [ 7.373888212575509, 44.655526122164254 ], [ 7.373668354195214, 44.656030684002083 ], [ 7.373594648783266, 44.656115144916065 ], [ 7.37347549151262, 44.656189979162313 ], [ 7.37343016096036, 44.656274845126291 ], [ 7.373406241310424, 44.656369030308305 ], [ 7.373309493390491, 44.656403659922326 ], [ 7.373148278621332, 44.656446385895876 ], [ 7.373084839942418, 44.656558003800271 ], [ 7.373084804584734, 44.656559266758528 ], [ 7.373148117059846, 44.656447836706207 ] ] ], [ [ [ 7.373747917264732, 44.655083509691153 ], [ 7.373847556440304, 44.654945393246393 ], [ 7.373901139118564, 44.65488266227846 ], [ 7.373965314280837, 44.654807530132032 ], [ 7.374017600156007, 44.654713753013603 ], [ 7.374017588450442, 44.654712637878553 ], [ 7.373965491418042, 44.654806066850952 ], [ 7.373847726978014, 44.654943921566321 ], [ 7.373748110648433, 44.655082052680285 ], [ 7.373730762544288, 44.655194326606939 ], [ 7.373730794926681, 44.655194471522741 ], [ 7.373747917264732, 44.655083509691153 ] ] ], [ [ [ 7.373535832836128, 44.653266503273493 ], [ 7.373638533373255, 44.6528531146379 ], [ 7.373656179440923, 44.652782085316488 ], [ 7.373739089944212, 44.652607718619045 ], [ 7.37375782169882, 44.652459443341499 ], [ 7.373827704511229, 44.652370415524018 ], [ 7.373827130639733, 44.652369487885196 ], [ 7.373757688446819, 44.652457966756081 ], [ 7.373738945365861, 44.652606246983524 ], [ 7.373656038530176, 44.652780605302389 ], [ 7.37353568206106, 44.653265020958422 ], [ 7.373518333660869, 44.653377313786734 ], [ 7.373518340769134, 44.653377338238137 ], [ 7.373535832836128, 44.653266503273493 ] ] ], [ [ [ 7.373508524261367, 44.651967458671848 ], [ 7.373474813128293, 44.650858143666909 ], [ 7.374024661228536, 44.649710938652582 ], [ 7.374705167396749, 44.648519389226294 ], [ 7.374994902893007, 44.647414677691486 ], [ 7.375477415468748, 44.646358909652982 ], [ 7.375573049934769, 44.64525143447036 ], [ 7.375995997960768, 44.644010010405346 ], [ 7.376941589409833, 44.642591208973364 ], [ 7.378073472860485, 44.641452254944326 ], [ 7.379646542818242, 44.64073536506627 ], [ 7.38155070904227, 44.639745937780425 ], [ 7.382554361359072, 44.638558919493988 ], [ 7.383367771326414, 44.637230594062828 ], [ 7.383803313247627, 44.635527301975863 ], [ 7.383854600283196, 44.633679964788591 ], [ 7.384698589510266, 44.631201018650579 ], [ 7.385056102695803, 44.631013938228413 ], [ 7.386633031627501, 44.630280026643113 ], [ 7.387362290223446, 44.630051762594029 ], [ 7.388282721075346, 44.629947724884474 ], [ 7.38928960120332, 44.62972337152933 ], [ 7.390911296981981, 44.629390636829974 ], [ 7.391444864291078, 44.62920009950998 ], [ 7.391474671791142, 44.629119497837713 ], [ 7.391474404335733, 44.629119063834253 ], [ 7.391445021027207, 44.629198525131088 ], [ 7.39091145799059, 44.629389076397572 ], [ 7.389289790899263, 44.629721804093329 ], [ 7.388282929832165, 44.629946152157771 ], [ 7.387362507753246, 44.63005019292131 ], [ 7.386633257186131, 44.630278447620491 ], [ 7.385056350672356, 44.631012368413671 ], [ 7.38421002409005, 44.631455016095337 ], [ 7.383702618967958, 44.631708903414612 ], [ 7.383449802792862, 44.631804349547288 ], [ 7.382522712082883, 44.632146815224793 ], [ 7.381515372016795, 44.632371114779346 ], [ 7.380897541392296, 44.63260091236085 ], [ 7.380056675003839, 44.632845555058324 ], [ 7.379639378422698, 44.632862144539651 ], [ 7.378359900718793, 44.63288448282028 ], [ 7.377778527950851, 44.632795210362723 ], [ 7.377110876331643, 44.632803716236118 ], [ 7.376191808741583, 44.632871677942632 ], [ 7.375557193445759, 44.632952678195444 ], [ 7.375462494251897, 44.633014349101138 ], [ 7.374910643531094, 44.633335080945905 ], [ 7.374501964784216, 44.633635338004872 ], [ 7.374369722666977, 44.633714485649826 ], [ 7.373893369364868, 44.633842735492713 ], [ 7.373391443972802, 44.633799576753745 ], [ 7.372863427390779, 44.633760543384724 ], [ 7.372311403127741, 44.633748175500145 ], [ 7.371869610404591, 44.633809392647088 ], [ 7.37072543806944, 44.634036143977546 ], [ 7.37002895091005, 44.634215256238271 ], [ 7.368740423031393, 44.634502926038408 ], [ 7.367777911688881, 44.634741241450307 ], [ 7.367124255219368, 44.634925446897952 ], [ 7.366896025858951, 44.634985200692753 ], [ 7.364954314124334, 44.635731619434914 ], [ 7.363939025057424, 44.635996156766502 ], [ 7.362921819292992, 44.63631465910634 ], [ 7.361748293443301, 44.636684930567043 ], [ 7.360457816194743, 44.637080521513795 ], [ 7.359859159890527, 44.637197958223346 ], [ 7.359907343223425, 44.637347198082878 ], [ 7.359784058964194, 44.63759749967636 ], [ 7.359421538690063, 44.638087419280318 ], [ 7.358588643701668, 44.638741635781152 ], [ 7.357997143417818, 44.639093225259387 ], [ 7.357642725966064, 44.639281679958948 ], [ 7.357142787127163, 44.63943203219484 ], [ 7.357161476993587, 44.639495318664487 ], [ 7.356996514449351, 44.639560461617371 ], [ 7.356802795801033, 44.639625208435668 ], [ 7.356512723894093, 44.639697546943815 ], [ 7.356344954600393, 44.639722141792319 ], [ 7.356493926617708, 44.640237429099521 ], [ 7.356636945780424, 44.640586086925083 ], [ 7.35675187183959, 44.640911829429704 ], [ 7.356819352807586, 44.641047833725402 ], [ 7.357106927027095, 44.641817186748511 ], [ 7.357248676632191, 44.642197335082209 ], [ 7.357452978783598, 44.64265039870407 ], [ 7.357585688557376, 44.64259828675241 ], [ 7.357778486458081, 44.642943161493712 ], [ 7.357845547281678, 44.643052148899194 ], [ 7.358006481028046, 44.643311034862684 ], [ 7.358151691533022, 44.643443657721143 ], [ 7.358348285000924, 44.643779588038662 ], [ 7.358850988903301, 44.643728296888384 ], [ 7.359260062256354, 44.64383770101545 ], [ 7.359720949709706, 44.644010866510072 ], [ 7.360190057906806, 44.64425618167509 ], [ 7.360309195434876, 44.644320911244385 ], [ 7.360536602295944, 44.644445695579783 ], [ 7.360941784389114, 44.644708084666526 ], [ 7.361206651804639, 44.644887445645708 ], [ 7.361562570909889, 44.645122114247386 ], [ 7.361997506147587, 44.645447943999343 ], [ 7.362388877080799, 44.645683119551798 ], [ 7.362688228537237, 44.645786438825432 ], [ 7.362838138348592, 44.645892131776449 ], [ 7.363007928160384, 44.646047594484763 ], [ 7.363147737767033, 44.646135128210446 ], [ 7.363369704869819, 44.646201328868706 ], [ 7.363591799063654, 44.646263032371039 ], [ 7.36375679849144, 44.646337411874789 ], [ 7.363893046424904, 44.646424894533666 ], [ 7.364151844848536, 44.646568135466701 ], [ 7.364337230959972, 44.646674315861468 ], [ 7.364495384980083, 44.646739600024588 ], [ 7.364742545123324, 44.646792662383319 ], [ 7.3649155314451, 44.646835645891379 ], [ 7.365247408230586, 44.646916931536268 ], [ 7.36556741178008, 44.647043032568739 ], [ 7.365879775778474, 44.64717353989689 ], [ 7.366171283086428, 44.647303747880045 ], [ 7.366433906102899, 44.647438041254937 ], [ 7.366652227309634, 44.64752219551427 ], [ 7.366757325378402, 44.647568704358228 ], [ 7.366969297351588, 44.647612261379194 ], [ 7.367076066618812, 44.647991877782751 ], [ 7.367737337167292, 44.648496480989266 ], [ 7.367969854258818, 44.648693357752514 ], [ 7.368228167409399, 44.648854595503863 ], [ 7.368409274532217, 44.648987718225882 ], [ 7.368489700046542, 44.649042888832874 ], [ 7.368896430930895, 44.649237735794806 ], [ 7.369280813207592, 44.649850894721425 ], [ 7.370043440902895, 44.650410953317568 ], [ 7.371273372414896, 44.651045171542727 ], [ 7.37229568749093, 44.651086762038766 ], [ 7.373154217955658, 44.65153110952248 ], [ 7.373169823580879, 44.651733900335358 ], [ 7.373201645810541, 44.651864887970298 ], [ 7.373339820393748, 44.6520108875171 ], [ 7.373493581634317, 44.652107605217886 ], [ 7.37353107526404, 44.652121083743751 ], [ 7.373508524261367, 44.651967458671848 ] ] ], [ [ [ 7.390391706130986, 44.627222722001704 ], [ 7.390384494660558, 44.627056073862676 ], [ 7.390384423012675, 44.627055990809318 ], [ 7.390391545156624, 44.627221134153466 ], [ 7.390362620782932, 44.627415055697028 ], [ 7.390391706130986, 44.627222722001704 ] ] ], [ [ [ 7.389760055452703, 44.626345080505203 ], [ 7.389927932423753, 44.626171899473249 ], [ 7.38999382260257, 44.626082800445239 ], [ 7.390164337119593, 44.625828634616774 ], [ 7.390287960421408, 44.625731352093247 ], [ 7.3903665537262, 44.625624428146125 ], [ 7.390459944584868, 44.625409685422817 ], [ 7.390585562617853, 44.625240410941039 ], [ 7.390654677236636, 44.625034327754605 ], [ 7.390680523525025, 44.624769120076543 ], [ 7.390671345641611, 44.624597564070015 ], [ 7.390680421136269, 44.624767516344782 ], [ 7.390654574031191, 44.62503273884586 ], [ 7.390585467838886, 44.625238814411077 ], [ 7.390459834361411, 44.625408084699565 ], [ 7.390366452899137, 44.625622832982408 ], [ 7.390287850588377, 44.625729766581884 ], [ 7.390164233754748, 44.625827049340472 ], [ 7.389993702182062, 44.626081215264826 ], [ 7.389927830429958, 44.626170297009473 ], [ 7.389759926520582, 44.626343486894882 ], [ 7.389723340953748, 44.626455493288418 ], [ 7.389723786624885, 44.62645613389477 ], [ 7.389760055452703, 44.626345080505203 ] ] ], [ [ [ 7.39066673866863, 44.624170260695337 ], [ 7.390666643214838, 44.624169989970653 ], [ 7.390660456256475, 44.624393643002854 ], [ 7.390660528211369, 44.624394990476219 ], [ 7.39066673866863, 44.624170260695337 ] ] ], [ [ [ 7.390504053539745, 44.623272221488897 ], [ 7.390650760181772, 44.622995212172732 ], [ 7.390784808424888, 44.622848563267944 ], [ 7.390830168899186, 44.622732168681928 ], [ 7.390840823193498, 44.622574778738304 ], [ 7.390840730212262, 44.622574118422712 ], [ 7.390830140766132, 44.622730568850798 ], [ 7.390784766356771, 44.622846950319598 ], [ 7.39065072889763, 44.622993608716705 ], [ 7.390503997356952, 44.62327062362602 ], [ 7.390480031590119, 44.623481833251965 ], [ 7.390480200649415, 44.623482495568105 ], [ 7.390504053539745, 44.623272221488897 ] ] ], [ [ [ 7.390837568424502, 44.622250641551148 ], [ 7.390837461731664, 44.622250222565739 ], [ 7.390823014739451, 44.622446886294021 ], [ 7.390823109126011, 44.622447556726542 ], [ 7.390837568424502, 44.622250641551148 ] ] ], [ [ [ 7.390588209788516, 44.621324374967287 ], [ 7.390613844355286, 44.621266217037999 ], [ 7.390771638347069, 44.621029879206645 ], [ 7.390832523167023, 44.620936210428894 ], [ 7.390952594466121, 44.62066782713886 ], [ 7.391030594894683, 44.620268316427179 ], [ 7.391030548235971, 44.620267142409965 ], [ 7.390952623595673, 44.62066620832681 ], [ 7.390832548067853, 44.620934583434895 ], [ 7.39077164151942, 44.621028252287971 ], [ 7.390613856709699, 44.621264604758935 ], [ 7.390588214354238, 44.621322763257616 ], [ 7.390553911269758, 44.621466310111153 ], [ 7.39055408813713, 44.621467211995501 ], [ 7.390588209788516, 44.621324374967287 ] ] ], [ [ [ 7.390563977875873, 44.618623288269326 ], [ 7.390615574087081, 44.617900937104629 ], [ 7.390564061047574, 44.618621653602027 ], [ 7.390524836246319, 44.619228771124604 ], [ 7.390524853543302, 44.619228803569115 ], [ 7.390563977875873, 44.618623288269326 ] ] ], [ [ [ 7.390697056332892, 44.617342312165981 ], [ 7.390788438810913, 44.616942990012497 ], [ 7.390869914927252, 44.616417492262649 ], [ 7.391021408094493, 44.615766945165504 ], [ 7.391104102161925, 44.615182949609625 ], [ 7.39110423939283, 44.615181638105319 ], [ 7.391021569727494, 44.615765306672571 ], [ 7.390870054635082, 44.616415847338054 ], [ 7.390788564903944, 44.616941356550434 ], [ 7.390697192033413, 44.61734067113354 ], [ 7.390636696628873, 44.617605406404323 ], [ 7.39063658668591, 44.617606944652849 ], [ 7.390697056332892, 44.617342312165981 ] ] ], [ [ [ 7.391358888175662, 44.61243178012144 ], [ 7.391440004233284, 44.611262600597897 ], [ 7.391439788262787, 44.611262454873106 ], [ 7.391358745916547, 44.61243012487104 ], [ 7.391309201809939, 44.613047242715325 ], [ 7.391358888175662, 44.61243178012144 ] ] ] ] } },
{ "type": "Feature", "properties": { "uuid": "d266cd0d-8d93-431c-b409-5796b84264b1", "ente_prod": "ISTAT", "sc_acq": "1:10000", "comune_ist": "004181", "comune_nom": "Rifreddo", "provin_nom": "CUNEO", "provin_sig": "CN", "zona_alt": "C", "d_zona_alt": "collina", "quota_capo": 434, "quota_min": 402, "quota_max": 1195, "cap": "12030" }, "geometry": { "type": "MultiPolygon", "coordinates": [ [ [ [ 7.371771460379712, 44.659781614463284 ], [ 7.371757743200607, 44.659756593277926 ], [ 7.371724204580478, 44.659695416170585 ], [ 7.371724868963429, 44.659694996281189 ], [ 7.37172431257071, 44.659693981042558 ], [ 7.371821796944329, 44.659632354077239 ], [ 7.37207030555092, 44.659527856591559 ], [ 7.372297124446129, 44.659423067331467 ], [ 7.372463774459233, 44.659312922235927 ], [ 7.372829635688086, 44.658944528531471 ], [ 7.372946116645904, 44.658838166201278 ], [ 7.373075915807269, 44.658650962302765 ], [ 7.37318086659043, 44.658449889662684 ], [ 7.373204041958288, 44.658253072476789 ], [ 7.373205100568997, 44.658128530354055 ], [ 7.37320713599581, 44.657889064940704 ], [ 7.373207247367374, 44.657887966352845 ], [ 7.373207250298131, 44.657887621939445 ], [ 7.373226728679512, 44.657695461068691 ], [ 7.373226310789304, 44.657457221969928 ], [ 7.37322766803249, 44.65728169381827 ], [ 7.373207755392842, 44.657105862617094 ], [ 7.373171773322523, 44.656997318593561 ], [ 7.37315213293026, 44.656938524458617 ], [ 7.373102843395853, 44.656798286649135 ], [ 7.373081043651639, 44.656689944669111 ], [ 7.373084693086177, 44.65655946299573 ], [ 7.373084804584734, 44.656559266758528 ], [ 7.373084839942418, 44.656558003800271 ], [ 7.373148278621332, 44.656446385895876 ], [ 7.373309493390491, 44.656403659922326 ], [ 7.373406241310424, 44.656369030308305 ], [ 7.37343016096036, 44.656274845126291 ], [ 7.37347549151262, 44.656189979162313 ], [ 7.373594648783266, 44.656115144916065 ], [ 7.373668354195214, 44.656030684002083 ], [ 7.373888212575509, 44.655526122164254 ], [ 7.373851201094205, 44.655449580884252 ], [ 7.373755816033959, 44.655308682210304 ], [ 7.373730591023121, 44.655195792923145 ], [ 7.373730794926681, 44.655194471522741 ], [ 7.373730762544288, 44.655194326606939 ], [ 7.373748110648433, 44.655082052680285 ], [ 7.373847726978014, 44.654943921566321 ], [ 7.373965491418042, 44.654806066850952 ], [ 7.374017588450442, 44.654712637878553 ], [ 7.374015662602024, 44.654529171396085 ], [ 7.373959159554013, 44.654393334405931 ], [ 7.373857641056669, 44.654163137689217 ], [ 7.373805342087358, 44.65404454723646 ], [ 7.373674464778218, 44.653763607379709 ], [ 7.373586421615064, 44.653613815860957 ], [ 7.373518113086414, 44.653378780900837 ], [ 7.373518340769134, 44.653377338238137 ], [ 7.373518333660869, 44.653377313786734 ], [ 7.37353568206106, 44.653265020958422 ], [ 7.373656038530176, 44.652780605302389 ], [ 7.373738945365861, 44.652606246983524 ], [ 7.373757688446819, 44.652457966756081 ], [ 7.373827130639733, 44.652369487885196 ], [ 7.373715331522249, 44.652188768771708 ], [ 7.373531298778411, 44.652122606395679 ], [ 7.37353107526404, 44.652121083743751 ], [ 7.373493581634317, 44.652107605217886 ], [ 7.373339820393748, 44.6520108875171 ], [ 7.373201645810541, 44.651864887970298 ], [ 7.373169823580879, 44.651733900335358 ], [ 7.373154217955658, 44.65153110952248 ], [ 7.37229568749093, 44.651086762038766 ], [ 7.371273372414896, 44.651045171542727 ], [ 7.370043440902895, 44.650410953317568 ], [ 7.369280813207592, 44.649850894721425 ], [ 7.368896430930895, 44.649237735794806 ], [ 7.368489700046542, 44.649042888832874 ], [ 7.368409274532217, 44.648987718225882 ], [ 7.368228167409399, 44.648854595503863 ], [ 7.367969854258818, 44.648693357752514 ], [ 7.367737337167292, 44.648496480989266 ], [ 7.367076066618812, 44.647991877782751 ], [ 7.366969297351588, 44.647612261379194 ], [ 7.366757325378402, 44.647568704358228 ], [ 7.366652227309634, 44.64752219551427 ], [ 7.366433906102899, 44.647438041254937 ], [ 7.366171283086428, 44.647303747880045 ], [ 7.365879775778474, 44.64717353989689 ], [ 7.36556741178008, 44.647043032568739 ], [ 7.365247408230586, 44.646916931536268 ], [ 7.3649155314451, 44.646835645891379 ], [ 7.364742545123324, 44.646792662383319 ], [ 7.364495384980083, 44.646739600024588 ], [ 7.364337230959972, 44.646674315861468 ], [ 7.364151844848536, 44.646568135466701 ], [ 7.363893046424904, 44.646424894533666 ], [ 7.36375679849144, 44.646337411874789 ], [ 7.363591799063654, 44.646263032371039 ], [ 7.363369704869819, 44.646201328868706 ], [ 7.363147737767033, 44.646135128210446 ], [ 7.363007928160384, 44.646047594484763 ], [ 7.362838138348592, 44.645892131776449 ], [ 7.362688228537237, 44.645786438825432 ], [ 7.362388877080799, 44.645683119551798 ], [ 7.361997506147587, 44.645447943999343 ], [ 7.361562570909889, 44.645122114247386 ], [ 7.361206651804639, 44.644887445645708 ], [ 7.360941784389114, 44.644708084666526 ], [ 7.360536602295944, 44.644445695579783 ], [ 7.360309195434876, 44.644320911244385 ], [ 7.360190057906806, 44.64425618167509 ], [ 7.359720949709706, 44.644010866510072 ], [ 7.359260062256354, 44.64383770101545 ], [ 7.358850988903301, 44.643728296888384 ], [ 7.358348285000924, 44.643779588038662 ], [ 7.358151691533022, 44.643443657721143 ], [ 7.358006481028046, 44.643311034862684 ], [ 7.357845547281678, 44.643052148899194 ], [ 7.357778486458081, 44.642943161493712 ], [ 7.357585688557376, 44.64259828675241 ], [ 7.357452978783598, 44.64265039870407 ], [ 7.357248676632191, 44.642197335082209 ], [ 7.357106927027095, 44.641817186748511 ], [ 7.356819352807586, 44.641047833725402 ], [ 7.35675187183959, 44.640911829429704 ], [ 7.356636945780424, 44.640586086925083 ], [ 7.356493926617708, 44.640237429099521 ], [ 7.356344954600393, 44.639722141792319 ], [ 7.356512723894093, 44.639697546943815 ], [ 7.356802795801033, 44.639625208435668 ], [ 7.356996514449351, 44.639560461617371 ], [ 7.357161476993587, 44.639495318664487 ], [ 7.357142787127163, 44.63943203219484 ], [ 7.357642725966064, 44.639281679958948 ], [ 7.357997143417818, 44.639093225259387 ], [ 7.358588643701668, 44.638741635781152 ], [ 7.359421538690063, 44.638087419280318 ], [ 7.359784058964194, 44.63759749967636 ], [ 7.359907343223425, 44.637347198082878 ], [ 7.359859159890527, 44.637197958223346 ], [ 7.359132255464465, 44.637336060185014 ], [ 7.358158676758728, 44.637488605274399 ], [ 7.356838824058729, 44.637555145906362 ], [ 7.35586844272714, 44.637595195176893 ], [ 7.355462044350046, 44.637656858550194 ], [ 7.354855876452466, 44.637747150595011 ], [ 7.353871443424894, 44.637976016782247 ], [ 7.353552373025286, 44.638070441299242 ], [ 7.353189514879671, 44.638209256604256 ], [ 7.352405248656093, 44.638549039182998 ], [ 7.352362986512045, 44.639039059377865 ], [ 7.352162574396592, 44.639090188066639 ], [ 7.352087464786659, 44.63909810098933 ], [ 7.351934786044614, 44.639091398426032 ], [ 7.351718937449346, 44.639061271058296 ], [ 7.351486149232977, 44.639051162405885 ], [ 7.350439321591437, 44.639735988482265 ], [ 7.348594347248486, 44.64072660115329 ], [ 7.345823872763162, 44.642306929536844 ], [ 7.345168487955293, 44.642711547138603 ], [ 7.345011126601164, 44.642812791132535 ], [ 7.344528968677795, 44.643111893380038 ], [ 7.343361249788999, 44.643698124266045 ], [ 7.343105245577624, 44.643215475213047 ], [ 7.342891082860019, 44.643313192025516 ], [ 7.342710328309082, 44.643558141350709 ], [ 7.34242354430462, 44.643887062956161 ], [ 7.342237609577373, 44.644050905721002 ], [ 7.341963181972589, 44.644208964433183 ], [ 7.341881263433935, 44.644455347825506 ], [ 7.341761363116041, 44.644804704567136 ], [ 7.341606174395941, 44.645009517612117 ], [ 7.341315358464472, 44.645230354150662 ], [ 7.341114402590107, 44.645299449705234 ], [ 7.340728761215632, 44.645487398060837 ], [ 7.340331069549385, 44.645724691752193 ], [ 7.340019323873982, 44.646057742880529 ], [ 7.339677217295594, 44.646597418863344 ], [ 7.339593317202324, 44.646789751348138 ], [ 7.339403960562213, 44.647196614194421 ], [ 7.339234651990338, 44.647522736913913 ], [ 7.33916707442766, 44.647584772165054 ], [ 7.339042205239866, 44.648037577768882 ], [ 7.338666592005596, 44.648549770904538 ], [ 7.338160182622062, 44.649033029790942 ], [ 7.337651425795405, 44.649610779266418 ], [ 7.336768067981358, 44.650651206124685 ], [ 7.335589483054138, 44.651691820729432 ], [ 7.334960968451328, 44.651867211201917 ], [ 7.334530827102419, 44.651914958098423 ], [ 7.333863654751951, 44.651981737009912 ], [ 7.333913043672509, 44.652004969420396 ], [ 7.334128415943264, 44.652066613214508 ], [ 7.334358787031809, 44.652128493440578 ], [ 7.334687600108878, 44.652164799972034 ], [ 7.334685475274066, 44.652610392960995 ], [ 7.334649845466083, 44.653235554080418 ], [ 7.335128248833783, 44.654268814108335 ], [ 7.335524632095151, 44.655084812057744 ], [ 7.335937362881625, 44.655811036386737 ], [ 7.335921926963806, 44.655882826738704 ], [ 7.337212881118299, 44.658053224828691 ], [ 7.338253733898139, 44.659544784381339 ], [ 7.3386184096701, 44.660369324348849 ], [ 7.338743654710776, 44.660483668839845 ], [ 7.338866299790659, 44.660674507191004 ], [ 7.339176360246455, 44.660886084160303 ], [ 7.339406935985759, 44.661024471761415 ], [ 7.339463339327732, 44.661106304524864 ], [ 7.340781348884874, 44.661854672293195 ], [ 7.341374201062061, 44.662254890012406 ], [ 7.34194064312319, 44.662641225451914 ], [ 7.34180107125171, 44.664113360769413 ], [ 7.341858386036834, 44.664197464258876 ], [ 7.341879356035402, 44.664706410056787 ], [ 7.341896666785104, 44.66509376576051 ], [ 7.341794877754517, 44.665303852528758 ], [ 7.341582493575527, 44.66589491949653 ], [ 7.341496237119296, 44.666555353960987 ], [ 7.342007079595327, 44.666832839762471 ], [ 7.342181590649153, 44.666947913809032 ], [ 7.342327465601143, 44.667071568858162 ], [ 7.342465341377558, 44.667226598198248 ], [ 7.342464283569138, 44.667388626520911 ], [ 7.342520834964952, 44.667519981921409 ], [ 7.342676196916076, 44.667684300288698 ], [ 7.343007073840093, 44.668053696883945 ], [ 7.343149746153689, 44.668289826047797 ], [ 7.343361409712933, 44.668594491964711 ], [ 7.343933960634152, 44.66933650360798 ], [ 7.344063873204638, 44.669522924686433 ], [ 7.344151964970707, 44.669668251251373 ], [ 7.344219448074441, 44.66980426375806 ], [ 7.344227240291472, 44.670029438123969 ], [ 7.34426490283565, 44.670201025353776 ], [ 7.344232827486071, 44.670331094460607 ], [ 7.344108343666867, 44.670576862832164 ], [ 7.345174376916237, 44.670326751919561 ], [ 7.345686725604083, 44.670068609214646 ], [ 7.346741250563309, 44.669710275296303 ], [ 7.347645812964501, 44.669619846777309 ], [ 7.348254739412337, 44.669583635093481 ], [ 7.348610122720252, 44.669494249173752 ], [ 7.349003993574631, 44.669436927455259 ], [ 7.349300392674091, 44.669355702366929 ], [ 7.349602953821755, 44.669238539419112 ], [ 7.349978139928279, 44.669144936960514 ], [ 7.350220688756101, 44.669058413722865 ], [ 7.350725853000099, 44.668885655588028 ], [ 7.351017393177707, 44.668808854384359 ], [ 7.351364051991843, 44.668678828050666 ], [ 7.351665965902678, 44.668584161905457 ], [ 7.351898007469856, 44.668519976116045 ], [ 7.352284327256504, 44.668381522432014 ], [ 7.352770284392351, 44.668190482934534 ], [ 7.353202263541519, 44.667998663661493 ], [ 7.35347115997793, 44.668025035709299 ], [ 7.35415876163896, 44.668147490589007 ], [ 7.354787385126841, 44.668278088508814 ], [ 7.355492445524165, 44.667797598327958 ], [ 7.356017903565473, 44.667422559253509 ], [ 7.356304269326822, 44.667165613487512 ], [ 7.356601140112713, 44.666899821529405 ], [ 7.357025660023167, 44.66645581032828 ], [ 7.357711273397457, 44.666299114148366 ], [ 7.358506510043887, 44.6660990047749 ], [ 7.359009457754234, 44.665989196803174 ], [ 7.359582141108999, 44.665853396563726 ], [ 7.360094543050377, 44.665757215246423 ], [ 7.361191925283354, 44.665606431959709 ], [ 7.361644228629669, 44.665558921530256 ], [ 7.361962483821305, 44.665567986786677 ], [ 7.362255682345732, 44.665612698862951 ], [ 7.362767122852707, 44.665719059767611 ], [ 7.363342536379842, 44.665835333457089 ], [ 7.363811096242145, 44.665616988102038 ], [ 7.364074935573957, 44.665472240125432 ], [ 7.364312059350822, 44.665255075572595 ], [ 7.364427428644473, 44.665189211771171 ], [ 7.364588301859232, 44.665033972367652 ], [ 7.364720668233518, 44.664882822045001 ], [ 7.364816556573975, 44.664753661562095 ], [ 7.364885203228624, 44.664723136136161 ], [ 7.364986774579541, 44.664643559648276 ], [ 7.36506722650791, 44.664572696594256 ], [ 7.365130814821716, 44.664456587778169 ], [ 7.365200721139036, 44.664367560583244 ], [ 7.365291405870972, 44.664310339490896 ], [ 7.365461013809577, 44.664222739690629 ], [ 7.365590336883517, 44.664040037046938 ], [ 7.365674425328125, 44.663964727088768 ], [ 7.365779304056981, 44.66389421320283 ], [ 7.365944081485786, 44.663851548655977 ], [ 7.366067340496837, 44.663772299616767 ], [ 7.366172985371437, 44.663688282732771 ], [ 7.36625567334802, 44.66364895946009 ], [ 7.366396772674964, 44.663565448825203 ], [ 7.366537863783389, 44.663468442302189 ], [ 7.36664717062744, 44.663379978839259 ], [ 7.366766485187389, 44.663314169104105 ], [ 7.366922003976299, 44.663208370538037 ], [ 7.367070455326204, 44.663115967168771 ], [ 7.36716166876987, 44.663040740011631 ], [ 7.367235486126308, 44.662938271895534 ], [ 7.367359121039506, 44.662845513227744 ], [ 7.367420528541643, 44.662805884781669 ], [ 7.367509819632126, 44.662672129128495 ], [ 7.367615452381392, 44.6625746142278 ], [ 7.367781110880461, 44.662500450090235 ], [ 7.367968070742463, 44.662426609128246 ], [ 7.368108912044793, 44.662352090642315 ], [ 7.368232383342135, 44.662250331618566 ], [ 7.368289376765835, 44.662129608409217 ], [ 7.368346866821002, 44.661977402538021 ], [ 7.36843955842807, 44.661834678772315 ], [ 7.368641955306328, 44.66158999873047 ], [ 7.368792420772638, 44.661425606644734 ], [ 7.368990619952149, 44.661203376665426 ], [ 7.36914310567031, 44.661093034081858 ], [ 7.369361316385084, 44.660916094453029 ], [ 7.369518475255888, 44.660765293499352 ], [ 7.369633230562805, 44.660609387346035 ], [ 7.369781509755713, 44.660507980896767 ], [ 7.369979579442267, 44.660416282226429 ], [ 7.370137774160763, 44.660355522592084 ], [ 7.370356361852752, 44.660291127194959 ], [ 7.370706183936762, 44.660242099047295 ], [ 7.371038770002405, 44.660174829762468 ], [ 7.371133831805226, 44.660158191970638 ], [ 7.371388841659635, 44.660116806916044 ], [ 7.371536143330047, 44.660064887016588 ], [ 7.371708385584967, 44.660008843017728 ], [ 7.371774490566298, 44.659924412906769 ], [ 7.371771460379712, 44.659781614463284 ] ] ] ] } },
{ "type": "Feature", "properties": { "uuid": "aa18af28-02bd-4317-b777-efda25de1f47", "ente_prod": "ISTAT", "sc_acq": "1:10000", "comune_ist": "004032", "comune_nom": "Brondello", "provin_nom": "CUNEO", "provin_sig": "CN", "zona_alt": "C", "d_zona_alt": "collina", "quota_capo": 444, "quota_min": 390, "quota_max": 1155, "cap": "12030" }, "geometry": { "type": "MultiPolygon", "coordinates": [ [ [ [ 7.381196324624051, 44.605944395807391 ], [ 7.381743007315039, 44.604889503753625 ], [ 7.382871481392606, 44.603842850139486 ], [ 7.383481476751983, 44.602835047856395 ], [ 7.383263896167987, 44.601353508995302 ], [ 7.383232563058709, 44.600151817724154 ], [ 7.383255622536285, 44.59932051113482 ], [ 7.383427173786848, 44.597798279087399 ], [ 7.383410571360416, 44.597756233790541 ], [ 7.382665943895904, 44.59587041762007 ], [ 7.382417139908386, 44.596010933333133 ], [ 7.381836454970379, 44.596079224219899 ], [ 7.381077736894688, 44.596149495940956 ], [ 7.380186098624304, 44.596199863969638 ], [ 7.379539262208982, 44.596253704107461 ], [ 7.378979104682819, 44.596376292591238 ], [ 7.378437898988377, 44.596638679739399 ], [ 7.377982234697762, 44.597010316522585 ], [ 7.377433980680049, 44.597511166083137 ], [ 7.376956136440712, 44.597886982184619 ], [ 7.376656568325767, 44.59825182578146 ], [ 7.376311397963535, 44.59865653109474 ], [ 7.375845315052633, 44.599415117058953 ], [ 7.375502633688462, 44.599729831355276 ], [ 7.375007968184041, 44.599902840315295 ], [ 7.374403061057689, 44.600047271891896 ], [ 7.373652542672845, 44.600216636727005 ], [ 7.373226916512294, 44.60031410260315 ], [ 7.372690280315603, 44.600396479639315 ], [ 7.372310888735742, 44.600431582918574 ], [ 7.371730519808721, 44.600486326227461 ], [ 7.37126066188599, 44.600574152067409 ], [ 7.370800949839824, 44.600693629786178 ], [ 7.370400002094308, 44.600809441082085 ], [ 7.369921595292773, 44.600879130929975 ], [ 7.369115507111279, 44.601007161581499 ], [ 7.368390295211692, 44.601073319555042 ], [ 7.367878552718738, 44.601138025815303 ], [ 7.367447200897845, 44.601172370180088 ], [ 7.366766625266262, 44.601149136770218 ], [ 7.36597637868214, 44.601020796206974 ], [ 7.365356204433522, 44.600921895476198 ], [ 7.364709721394362, 44.600876626142778 ], [ 7.363947840861769, 44.6007621829757 ], [ 7.363194245216605, 44.600661358680803 ], [ 7.36255741850279, 44.600566707288934 ], [ 7.361995528714389, 44.600482124704136 ], [ 7.361522681055476, 44.600353807491167 ], [ 7.360842593393804, 44.600159495320568 ], [ 7.360263749072884, 44.59978208204538 ], [ 7.359692820237597, 44.59944529050707 ], [ 7.359598686767989, 44.599375275135309 ], [ 7.359347243061359, 44.599188253060028 ], [ 7.359346741846963, 44.599187888541408 ], [ 7.359172079989553, 44.599674532802638 ], [ 7.359065938071597, 44.600213163353224 ], [ 7.359007452630548, 44.600396879587208 ], [ 7.358930532134119, 44.600728860374716 ], [ 7.358705968917148, 44.601180276356096 ], [ 7.359173226073313, 44.601772154283005 ], [ 7.359680316093229, 44.602040513296409 ], [ 7.360306489319387, 44.602373598461377 ], [ 7.361295532900392, 44.603189026924461 ], [ 7.361362751574986, 44.603374548683156 ], [ 7.362171306680921, 44.604196376500703 ], [ 7.362602821487111, 44.604562682337622 ], [ 7.363114611344236, 44.605141668749248 ], [ 7.363664222233104, 44.605847249543558 ], [ 7.363873428061773, 44.606151844355196 ], [ 7.364190693747042, 44.606394949618107 ], [ 7.364406225538477, 44.606474552349646 ], [ 7.365080331941396, 44.606547227462329 ], [ 7.365651830731155, 44.606600434436409 ], [ 7.366296755327964, 44.606618662975976 ], [ 7.366849035341334, 44.606626565365204 ], [ 7.367325340473313, 44.606507341934531 ], [ 7.367854471894734, 44.606708462265047 ], [ 7.368231564398622, 44.606925420167293 ], [ 7.368760485412579, 44.607149045037609 ], [ 7.368938063043132, 44.607205585070254 ], [ 7.369180647776918, 44.607177541930817 ], [ 7.369453045037816, 44.607055396460439 ], [ 7.369777258903242, 44.607037533117186 ], [ 7.369992686787603, 44.607022596151445 ], [ 7.3705285337827, 44.606985240552 ], [ 7.371084469568103, 44.606862639489634 ], [ 7.371546704167249, 44.606738699102884 ], [ 7.371850227372742, 44.60675652419873 ], [ 7.372117582908355, 44.606814357704764 ], [ 7.372516369703008, 44.60674800985575 ], [ 7.373069306234403, 44.606733397734288 ], [ 7.37347278607391, 44.606739147307231 ], [ 7.373518952060105, 44.606721791883793 ], [ 7.374389091799272, 44.606770194521864 ], [ 7.375591770819709, 44.606755804718297 ], [ 7.37654743163769, 44.606800909224681 ], [ 7.377480094710764, 44.60689520006509 ], [ 7.378011751023666, 44.606979269735568 ], [ 7.378411094616879, 44.607034466079938 ], [ 7.378590403905514, 44.606987490008173 ], [ 7.37877478709524, 44.606900080558489 ], [ 7.378814177171371, 44.606927650297038 ], [ 7.379370960638167, 44.60676001539332 ], [ 7.37997716728197, 44.606557052767478 ], [ 7.380364224133727, 44.606544549722535 ], [ 7.380700511086636, 44.606669986470514 ], [ 7.381196324624051, 44.605944395807391 ] ] ] ] } },
{ "type": "Feature", "properties": { "uuid": "d7501694-9568-4532-8702-75eb6257ab9b", "ente_prod": "ISTAT", "sc_acq": "1:10000", "comune_ist": "004121", "comune_nom": "Martiniana Po", "provin_nom": "CUNEO", "provin_sig": "CN", "zona_alt": "C", "d_zona_alt": "collina", "quota_capo": 447, "quota_min": 359, "quota_max": 1420, "cap": "12030" }, "geometry": { "type": "MultiPolygon", "coordinates": [ [ [ [ 7.391315176164708, 44.628860680925939 ], [ 7.391079402982106, 44.628339720415163 ], [ 7.390402895389769, 44.627673001844016 ], [ 7.390361819239057, 44.627420356074268 ], [ 7.390362620782932, 44.627415055697028 ], [ 7.390391545156624, 44.627221134153466 ], [ 7.390384423012675, 44.627055990809318 ], [ 7.390199744983988, 44.62684191335893 ], [ 7.389896634566324, 44.626648585991028 ], [ 7.389796213759154, 44.626561649620825 ], [ 7.389723472693087, 44.626457095136708 ], [ 7.389723786624885, 44.62645613389477 ], [ 7.389723340953748, 44.626455493288418 ], [ 7.389759926520582, 44.626343486894882 ], [ 7.389927830429958, 44.626170297009473 ], [ 7.389993702182062, 44.626081215264826 ], [ 7.390164233754748, 44.625827049340472 ], [ 7.390287850588377, 44.625729766581884 ], [ 7.390366452899137, 44.625622832982408 ], [ 7.390459834361411, 44.625408084699565 ], [ 7.390585467838886, 44.625238814411077 ], [ 7.390654574031191, 44.62503273884586 ], [ 7.390680421136269, 44.624767516344782 ], [ 7.390671345641611, 44.624597564070015 ], [ 7.390660521474958, 44.624395234236623 ], [ 7.390660528211369, 44.624394990476219 ], [ 7.390660456256475, 44.624393643002854 ], [ 7.390666643214838, 44.624169989970653 ], [ 7.390618888576237, 44.624034548632473 ], [ 7.390531986755634, 44.623686730049684 ], [ 7.390480093015682, 44.623483444404521 ], [ 7.390480200649415, 44.623482495568105 ], [ 7.390480031590119, 44.623481833251965 ], [ 7.390503997356952, 44.62327062362602 ], [ 7.39065072889763, 44.622993608716705 ], [ 7.390784766356771, 44.622846950319598 ], [ 7.390830140766132, 44.622730568850798 ], [ 7.390840730212262, 44.622574118422712 ], [ 7.390823040423201, 44.622448492357755 ], [ 7.390823109126011, 44.622447556726542 ], [ 7.390823014739451, 44.622446886294021 ], [ 7.390837461731664, 44.622250222565739 ], [ 7.390793855733225, 44.622078980240865 ], [ 7.390694298681306, 44.621861517741088 ], [ 7.390588439415451, 44.621643966316206 ], [ 7.390553916335747, 44.621467931173271 ], [ 7.39055408813713, 44.621467211995501 ], [ 7.390553911269758, 44.621466310111153 ], [ 7.390588214354238, 44.621322763257616 ], [ 7.390613856709699, 44.621264604758935 ], [ 7.39077164151942, 44.621028252287971 ], [ 7.390832548067853, 44.620934583434895 ], [ 7.390952623595673, 44.62066620832681 ], [ 7.391030548235971, 44.620267142409965 ], [ 7.391017349469455, 44.619935036441525 ], [ 7.390694019275736, 44.619547878287634 ], [ 7.390524750206441, 44.619230402861568 ], [ 7.390524853543302, 44.619228803569115 ], [ 7.390524836246319, 44.619228771124604 ], [ 7.390564061047574, 44.618621653602027 ], [ 7.390615574087081, 44.617900937104629 ], [ 7.390636566753082, 44.617607031884177 ], [ 7.39063658668591, 44.617606944652849 ], [ 7.390636696628873, 44.617605406404323 ], [ 7.390697192033413, 44.61734067113354 ], [ 7.390788564903944, 44.616941356550434 ], [ 7.390870054635082, 44.616415847338054 ], [ 7.391021569727494, 44.615765306672571 ], [ 7.39110423939283, 44.615181638105319 ], [ 7.391255534329178, 44.613735683907706 ], [ 7.391290648831911, 44.613277053604961 ], [ 7.391309201809939, 44.613047242715325 ], [ 7.391358745916547, 44.61243012487104 ], [ 7.391439788262787, 44.611262454873106 ], [ 7.391385494436736, 44.611225820406823 ], [ 7.389900154671609, 44.610547703861187 ], [ 7.389645754882529, 44.610404579660312 ], [ 7.389144273432954, 44.610181446191277 ], [ 7.388461514067251, 44.60991973986966 ], [ 7.387817198809831, 44.609615220107258 ], [ 7.387725230938397, 44.609571753202623 ], [ 7.387155757465295, 44.609329647056803 ], [ 7.386652872048119, 44.609029959580923 ], [ 7.38650787631414, 44.608946888900761 ], [ 7.386031016609554, 44.60867457679057 ], [ 7.385436249578721, 44.608351082648483 ], [ 7.384796896892705, 44.608130479046444 ], [ 7.384047296831723, 44.607894811066757 ], [ 7.383392798200599, 44.607723502692515 ], [ 7.382458386235593, 44.607435690050949 ], [ 7.381885165267263, 44.607202506368253 ], [ 7.381159335542929, 44.606863627274961 ], [ 7.380978663230561, 44.606775545071798 ], [ 7.380699528491506, 44.606671424413548 ], [ 7.380700511086636, 44.606669986470514 ], [ 7.380364224133727, 44.606544549722535 ], [ 7.37997716728197, 44.606557052767478 ], [ 7.379370960638167, 44.60676001539332 ], [ 7.378814177171371, 44.606927650297038 ], [ 7.37877478709524, 44.606900080558489 ], [ 7.378590403905514, 44.606987490008173 ], [ 7.378411094616879, 44.607034466079938 ], [ 7.378011751023666, 44.606979269735568 ], [ 7.377480094710764, 44.60689520006509 ], [ 7.37654743163769, 44.606800909224681 ], [ 7.375591770819709, 44.606755804718297 ], [ 7.374389091799272, 44.606770194521864 ], [ 7.373518952060105, 44.606721791883793 ], [ 7.37347278607391, 44.606739147307231 ], [ 7.373069306234403, 44.606733397734288 ], [ 7.372516369703008, 44.60674800985575 ], [ 7.372117582908355, 44.606814357704764 ], [ 7.371850227372742, 44.60675652419873 ], [ 7.371546704167249, 44.606738699102884 ], [ 7.371084469568103, 44.606862639489634 ], [ 7.3705285337827, 44.606985240552 ], [ 7.369992686787603, 44.607022596151445 ], [ 7.369777258903242, 44.607037533117186 ], [ 7.369453045037816, 44.607055396460439 ], [ 7.369180647776918, 44.607177541930817 ], [ 7.368938063043132, 44.607205585070254 ], [ 7.368760485412579, 44.607149045037609 ], [ 7.368231564398622, 44.606925420167293 ], [ 7.367854471894734, 44.606708462265047 ], [ 7.367325340473313, 44.606507341934531 ], [ 7.366849035341334, 44.606626565365204 ], [ 7.366296755327964, 44.606618662975976 ], [ 7.365651830731155, 44.606600434436409 ], [ 7.365080331941396, 44.606547227462329 ], [ 7.364406225538477, 44.606474552349646 ], [ 7.364190693747042, 44.606394949618107 ], [ 7.363873428061773, 44.606151844355196 ], [ 7.363664222233104, 44.605847249543558 ], [ 7.363114611344236, 44.605141668749248 ], [ 7.362602821487111, 44.604562682337622 ], [ 7.362171306680921, 44.604196376500703 ], [ 7.361362751574986, 44.603374548683156 ], [ 7.361295532900392, 44.603189026924461 ], [ 7.360306489319387, 44.602373598461377 ], [ 7.359680316093229, 44.602040513296409 ], [ 7.359173226073313, 44.601772154283005 ], [ 7.358705968917148, 44.601180276356096 ], [ 7.358930532134119, 44.600728860374716 ], [ 7.359007452630548, 44.600396879587208 ], [ 7.359065938071597, 44.600213163353224 ], [ 7.359172079989553, 44.599674532802638 ], [ 7.359346741846963, 44.599187888541408 ], [ 7.359277790504492, 44.599137742175273 ], [ 7.359241285252105, 44.598969087081358 ], [ 7.359197649662188, 44.598767488451891 ], [ 7.35911648317614, 44.598419722429668 ], [ 7.35904789176283, 44.598184672697691 ], [ 7.358650990053114, 44.597625314681167 ], [ 7.358226735547337, 44.596989038614453 ], [ 7.35789545583795, 44.596574661536884 ], [ 7.357710690303294, 44.596522491239497 ], [ 7.357099609105448, 44.596536207443371 ], [ 7.3564685496615, 44.596644155395893 ], [ 7.356252729054246, 44.596632046723037 ], [ 7.356057781728976, 44.596773280225293 ], [ 7.355892805216944, 44.596842924888691 ], [ 7.355775939088616, 44.596868252462912 ], [ 7.355653673873318, 44.596875493692281 ], [ 7.355519982346014, 44.596869065023554 ], [ 7.355386671606515, 44.596849141090658 ], [ 7.355184967954909, 44.596783217534856 ], [ 7.354908584344575, 44.596684708612237 ], [ 7.354758842725313, 44.596633038147601 ], [ 7.35472807986177, 44.59656507808819 ], [ 7.35416615536271, 44.596385929222855 ], [ 7.353803906772078, 44.596358199973615 ], [ 7.353378635131071, 44.59641508599357 ], [ 7.352341696797028, 44.59670171288991 ], [ 7.351732437097477, 44.596845961551097 ], [ 7.350852477053611, 44.596941287819455 ], [ 7.350338064482049, 44.596933856852409 ], [ 7.349854596727784, 44.596904363654538 ], [ 7.349520107081807, 44.596967045895248 ], [ 7.348545534885237, 44.597191521620601 ], [ 7.347660090275176, 44.597327254925915 ], [ 7.347390389945383, 44.597368361352991 ], [ 7.346570000356681, 44.597487019288614 ], [ 7.34614841637541, 44.597413396852218 ], [ 7.345608307068759, 44.597257028989382 ], [ 7.344880994673909, 44.597287004065379 ], [ 7.344093338185271, 44.597320593431057 ], [ 7.343549255537537, 44.597290194436859 ], [ 7.342614169183627, 44.597191104403578 ], [ 7.341677547401436, 44.597132490787828 ], [ 7.341072605814421, 44.597123703202833 ], [ 7.340314617220155, 44.597180204657171 ], [ 7.338737235900764, 44.59730580888597 ], [ 7.337763902331023, 44.597485196266561 ], [ 7.336514987966691, 44.597773091775814 ], [ 7.335443270039117, 44.598212100297118 ], [ 7.335043393102593, 44.598440338619142 ], [ 7.334244009498896, 44.598883302018365 ], [ 7.333799935495054, 44.59892183687495 ], [ 7.333667996708273, 44.59900543666943 ], [ 7.333395291040197, 44.599095979042126 ], [ 7.333234894664803, 44.5991971668074 ], [ 7.333122301019326, 44.599389080691061 ], [ 7.332880867814506, 44.599570106836396 ], [ 7.332651490920235, 44.599728801403089 ], [ 7.332271632039632, 44.599889800911853 ], [ 7.331958570874461, 44.599849215561584 ], [ 7.331629410862159, 44.599889420667083 ], [ 7.33135826446768, 44.599966480356294 ], [ 7.331067666100378, 44.599980236994256 ], [ 7.330834952340324, 44.60003535468163 ], [ 7.330604672832163, 44.600239041547063 ], [ 7.330282141485959, 44.600418876421017 ], [ 7.330089853068391, 44.600506092778659 ], [ 7.329749035633781, 44.600595634847551 ], [ 7.329605415021723, 44.600674555766304 ], [ 7.329512036639196, 44.600745209649872 ], [ 7.329351506570005, 44.600864393816067 ], [ 7.329137960022701, 44.60096479809777 ], [ 7.328770420153707, 44.6011484686858 ], [ 7.328677008469275, 44.601151604664409 ], [ 7.328588943700318, 44.601091800765275 ], [ 7.328439281934172, 44.600900555639022 ], [ 7.328244806360533, 44.600816686485217 ], [ 7.328107427679138, 44.600801169793812 ], [ 7.327818176826778, 44.600891461147768 ], [ 7.327305527698789, 44.601082008310385 ], [ 7.326937852856324, 44.601256669089409 ], [ 7.326520213058389, 44.601498117708935 ], [ 7.326214861278574, 44.601682696099175 ], [ 7.325918644332101, 44.601781882426565 ], [ 7.325635820029011, 44.601894764955517 ], [ 7.325442349978359, 44.602022467080282 ], [ 7.325282169950882, 44.602113283970716 ], [ 7.326543360443851, 44.602464301984561 ], [ 7.327176733176455, 44.602595124905022 ], [ 7.327597166405147, 44.602749834600232 ], [ 7.328138924047391, 44.602793777769037 ], [ 7.328892956773509, 44.602822813725268 ], [ 7.329312878481841, 44.602995521919631 ], [ 7.329609266490427, 44.603233920387581 ], [ 7.330420153733288, 44.60388946316678 ], [ 7.330952896997312, 44.604248354226925 ], [ 7.33131451222157, 44.604793796891109 ], [ 7.331588243085134, 44.605135382926356 ], [ 7.331867392160712, 44.605274515167665 ], [ 7.332116620714907, 44.605633755965322 ], [ 7.332389973386189, 44.60597533539682 ], [ 7.332450761185223, 44.606327323899087 ], [ 7.332609265346211, 44.60656821674857 ], [ 7.332883655846936, 44.606873801685403 ], [ 7.333179618652314, 44.607251735754716 ], [ 7.333451052387756, 44.607660819866133 ], [ 7.333741072507162, 44.608245715340203 ], [ 7.333917528049335, 44.60868490281424 ], [ 7.334049193202447, 44.609024428094216 ], [ 7.33418603735223, 44.609197467208112 ], [ 7.334559930351541, 44.609549524351422 ], [ 7.33455244999452, 44.609576425566701 ], [ 7.33494965335318, 44.610050340581289 ], [ 7.335440721180345, 44.610575163903867 ], [ 7.336015081221645, 44.611740361949394 ], [ 7.336637057201475, 44.612811723066763 ], [ 7.336856448567652, 44.613211025196819 ], [ 7.337052116112421, 44.613447954423791 ], [ 7.337478849809416, 44.613881783522757 ], [ 7.338162725121311, 44.614359880454252 ], [ 7.338928800464378, 44.614924680872541 ], [ 7.338985261851976, 44.614988521097537 ], [ 7.339282846867901, 44.61532593652899 ], [ 7.339688729265056, 44.615705452130626 ], [ 7.340313603284855, 44.61647075907721 ], [ 7.340757083893488, 44.617107370815447 ], [ 7.341052677081607, 44.617597800162116 ], [ 7.34124888926578, 44.617816716732669 ], [ 7.341722621884041, 44.617972147399108 ], [ 7.342576242693581, 44.618232119204748 ], [ 7.34324838266069, 44.618529956953068 ], [ 7.34380307409329, 44.618817070804369 ], [ 7.344134353266202, 44.619037941821851 ], [ 7.344516414679554, 44.619259548307411 ], [ 7.344916940598433, 44.619413886004963 ], [ 7.345431099323362, 44.619547375576893 ], [ 7.345961953807511, 44.619676606167893 ], [ 7.346155738031157, 44.619787455838996 ], [ 7.346430601701989, 44.620011983377097 ], [ 7.346656835217463, 44.620172806230563 ], [ 7.346817279365816, 44.620265157834233 ], [ 7.346923751447791, 44.620289212292356 ], [ 7.347432293444562, 44.620593653268244 ], [ 7.347848987786358, 44.620928271588198 ], [ 7.3485249599996, 44.621689773694307 ], [ 7.34889913189547, 44.622163324739446 ], [ 7.349310616112076, 44.622695914267361 ], [ 7.349758001150244, 44.623310053876132 ], [ 7.350060756647852, 44.623593512827611 ], [ 7.350080901911843, 44.623647806538244 ], [ 7.350115697127385, 44.624003926291977 ], [ 7.350267481924345, 44.624402223769096 ], [ 7.350598897005804, 44.625023680146647 ], [ 7.350833161905435, 44.625499701614963 ], [ 7.351135932979668, 44.625936187200459 ], [ 7.351188540296158, 44.626053986117377 ], [ 7.3512912117078, 44.62640656822159 ], [ 7.351391066773661, 44.626664581266489 ], [ 7.351687045084168, 44.627132494927594 ], [ 7.351862197634107, 44.62751311431709 ], [ 7.351969304838848, 44.627834250942712 ], [ 7.351991806254468, 44.627902091971123 ], [ 7.352093084437867, 44.628304175083088 ], [ 7.352131525639845, 44.628421769025316 ], [ 7.352238120362082, 44.628747396508786 ], [ 7.352335531033571, 44.629077388979205 ], [ 7.352245661832102, 44.629274143647827 ], [ 7.352131142215035, 44.629533560939478 ], [ 7.352227898554682, 44.629692503399482 ], [ 7.352388636944898, 44.629789350695575 ], [ 7.352579153886955, 44.63001716218276 ], [ 7.352518635780958, 44.630164837558759 ], [ 7.352322553873462, 44.630328549706491 ], [ 7.352287011122247, 44.630386556663559 ], [ 7.352290244725205, 44.630481130650267 ], [ 7.352450089019625, 44.630595959168105 ], [ 7.352663342405575, 44.630815101497163 ], [ 7.352764967968143, 44.631010121086575 ], [ 7.352821835335356, 44.63118650055987 ], [ 7.352979134386119, 44.631391320339276 ], [ 7.353474388322808, 44.631988121881463 ], [ 7.354005344583896, 44.632715988608496 ], [ 7.354524372672016, 44.633268122868422 ], [ 7.354667354126952, 44.633589772810623 ], [ 7.354759135016935, 44.63392418124576 ], [ 7.354914849392924, 44.634394562052059 ], [ 7.354969690159508, 44.634642926716062 ], [ 7.355095560654828, 44.634761760426798 ], [ 7.355352779971576, 44.634819487682137 ], [ 7.355907885015165, 44.634903997531531 ], [ 7.356465050144976, 44.635096575238556 ], [ 7.356895032670415, 44.635426853228459 ], [ 7.357513096473896, 44.635863378078639 ], [ 7.358019801424227, 44.636253274584035 ], [ 7.358658751609568, 44.636550543019176 ], [ 7.35901369552252, 44.636650172852342 ], [ 7.359495160204534, 44.636846146967521 ], [ 7.359836359482319, 44.637125615114435 ], [ 7.359859159890527, 44.637197958223346 ], [ 7.360457816194743, 44.637080521513795 ], [ 7.361748293443301, 44.636684930567043 ], [ 7.362921819292992, 44.63631465910634 ], [ 7.363939025057424, 44.635996156766502 ], [ 7.364954314124334, 44.635731619434914 ], [ 7.366896025858951, 44.634985200692753 ], [ 7.367124255219368, 44.634925446897952 ], [ 7.367777911688881, 44.634741241450307 ], [ 7.368740423031393, 44.634502926038408 ], [ 7.37002895091005, 44.634215256238271 ], [ 7.37072543806944, 44.634036143977546 ], [ 7.371869610404591, 44.633809392647088 ], [ 7.372311403127741, 44.633748175500145 ], [ 7.372863427390779, 44.633760543384724 ], [ 7.373391443972802, 44.633799576753745 ], [ 7.373893369364868, 44.633842735492713 ], [ 7.374369722666977, 44.633714485649826 ], [ 7.374501964784216, 44.633635338004872 ], [ 7.374910643531094, 44.633335080945905 ], [ 7.375462494251897, 44.633014349101138 ], [ 7.375557193445759, 44.632952678195444 ], [ 7.376191808741583, 44.632871677942632 ], [ 7.377110876331643, 44.632803716236118 ], [ 7.377778527950851, 44.632795210362723 ], [ 7.378359900718793, 44.63288448282028 ], [ 7.379639378422698, 44.632862144539651 ], [ 7.380056675003839, 44.632845555058324 ], [ 7.380897541392296, 44.63260091236085 ], [ 7.381515372016795, 44.632371114779346 ], [ 7.382522712082883, 44.632146815224793 ], [ 7.383449802792862, 44.631804349547288 ], [ 7.383702618967958, 44.631708903414612 ], [ 7.38421002409005, 44.631455016095337 ], [ 7.385056350672356, 44.631012368413671 ], [ 7.386633257186131, 44.630278447620491 ], [ 7.387362507753246, 44.63005019292131 ], [ 7.388282929832165, 44.629946152157771 ], [ 7.389289790899263, 44.629721804093329 ], [ 7.39091145799059, 44.629389076397572 ], [ 7.391445021027207, 44.629198525131088 ], [ 7.391474404335733, 44.629119063834253 ], [ 7.391315176164708, 44.628860680925939 ] ] ] ] } },
{ "type": "Feature", "properties": { "uuid": "7fcef35a-b163-4536-ade4-3f2b8ed93158", "ente_prod": "ISTAT", "sc_acq": "1:10000", "comune_ist": "004094", "comune_nom": "Gambasca", "provin_nom": "CUNEO", "provin_sig": "CN", "zona_alt": "C", "d_zona_alt": "collina", "quota_capo": 476, "quota_min": 400, "quota_max": 1428, "cap": "12030" }, "geometry": { "type": "MultiPolygon", "coordinates": [ [ [ [ 7.325279830177248, 44.60211461054282 ], [ 7.325151020202764, 44.602184741142921 ], [ 7.324669706945942, 44.602366729532143 ], [ 7.324352239829096, 44.602479105165287 ], [ 7.323892384663861, 44.602517365221445 ], [ 7.323588696786807, 44.602629940999059 ], [ 7.323154229207706, 44.602853126324206 ], [ 7.322928798153119, 44.603133392028269 ], [ 7.322763386585397, 44.603243493252343 ], [ 7.322406960317123, 44.60339580210065 ], [ 7.322271435559656, 44.603425319833299 ], [ 7.32201213719413, 44.603322479133389 ], [ 7.321767823077798, 44.603300884580541 ], [ 7.321532788581852, 44.603189402111916 ], [ 7.321383747900815, 44.603209718183408 ], [ 7.321191560633191, 44.603292413110829 ], [ 7.321111281449975, 44.603345248844846 ], [ 7.321109768323848, 44.60334447327525 ], [ 7.32084326280087, 44.603523904605254 ], [ 7.320917836010641, 44.603696044167187 ], [ 7.320885021626398, 44.6040016564734 ], [ 7.321043673235524, 44.604125528821314 ], [ 7.321219012563949, 44.604258643588892 ], [ 7.321232949067934, 44.604375870157909 ], [ 7.321377592988404, 44.604508552035242 ], [ 7.321482572224298, 44.604582112103287 ], [ 7.321737386454972, 44.604594856835291 ], [ 7.321881608220538, 44.604632985196368 ], [ 7.321889707089256, 44.605308295194618 ], [ 7.321752508117328, 44.605873443216261 ], [ 7.321748098309699, 44.606026426319971 ], [ 7.321880594946665, 44.6063344508092 ], [ 7.322085530304768, 44.606657055745359 ], [ 7.322252746675096, 44.606839571584288 ], [ 7.322674941962142, 44.607043830270733 ], [ 7.322703695011591, 44.60712528486215 ], [ 7.322677120389834, 44.607322946867761 ], [ 7.32261945923073, 44.607533648577679 ], [ 7.322533339194673, 44.607761963153607 ], [ 7.322514469120136, 44.607842698858164 ], [ 7.322410979834514, 44.608291303453484 ], [ 7.322345535345543, 44.608771977942553 ], [ 7.322140843707778, 44.60916509174676 ], [ 7.321768569831097, 44.609510718226403 ], [ 7.321399381480881, 44.60973484992752 ], [ 7.322696349182095, 44.610852225111032 ], [ 7.322577070339934, 44.611273588129464 ], [ 7.322569772899036, 44.611773129473683 ], [ 7.322642934348843, 44.612336871210168 ], [ 7.322611136589973, 44.612606472135731 ], [ 7.322903495451093, 44.613366989943053 ], [ 7.323082853033594, 44.613963782714954 ], [ 7.32326325732135, 44.614290523220312 ], [ 7.323297096400119, 44.614565605173084 ], [ 7.323241539104505, 44.614812364241338 ], [ 7.323201703483901, 44.614991818097593 ], [ 7.322973163404296, 44.615501603949063 ], [ 7.322920360830111, 44.615775413631482 ], [ 7.322994212532515, 44.616082575393321 ], [ 7.323123330248136, 44.616399564307955 ], [ 7.32337401451715, 44.616803869544107 ], [ 7.323523114512994, 44.617260684592914 ], [ 7.323733356711149, 44.617988483557859 ], [ 7.324429843311477, 44.618381320374716 ], [ 7.324378562071723, 44.618479593556494 ], [ 7.3240946742121, 44.618749991575065 ], [ 7.323978849560169, 44.618928348563031 ], [ 7.324257576713848, 44.619931718644608 ], [ 7.324404025236411, 44.620235446673547 ], [ 7.324589663174669, 44.620382221683727 ], [ 7.325426483203819, 44.620457522381948 ], [ 7.325897584708807, 44.620635475915222 ], [ 7.32601583568289, 44.620974813631364 ], [ 7.326047296634432, 44.621195838973918 ], [ 7.326043582341746, 44.621447858121513 ], [ 7.32606109352649, 44.621565135297381 ], [ 7.326069654194911, 44.621623780927159 ], [ 7.326126861392762, 44.621908202486779 ], [ 7.326107516859343, 44.622101472295135 ], [ 7.325990136576106, 44.622347324698424 ], [ 7.325868273462977, 44.622503083196762 ], [ 7.325894215788817, 44.622683502677219 ], [ 7.325890331773515, 44.622818498071794 ], [ 7.325863590995775, 44.62289911867606 ], [ 7.3257431507421, 44.623005374979343 ], [ 7.325464570407801, 44.623212854377186 ], [ 7.32520462373301, 44.623362087398128 ], [ 7.324993112471088, 44.623512029827658 ], [ 7.324875841717771, 44.623631828319311 ], [ 7.324726998665764, 44.623643158077265 ], [ 7.324661156298477, 44.623768227845233 ], [ 7.324470720891626, 44.624157037617756 ], [ 7.324279766525279, 44.624550338893783 ], [ 7.324175142764083, 44.624832384063176 ], [ 7.324163701549364, 44.625106801264707 ], [ 7.324074906510005, 44.625303549338966 ], [ 7.32395708630807, 44.625441351944403 ], [ 7.323944378085292, 44.625526695619904 ], [ 7.323983671459737, 44.62559928750354 ], [ 7.324156036026593, 44.625727855890489 ], [ 7.32443739906431, 44.625916543502512 ], [ 7.324588396339089, 44.626062790861852 ], [ 7.324707625063233, 44.626231103194698 ], [ 7.32486088858831, 44.626435903471673 ], [ 7.324996295898897, 44.626644940021826 ], [ 7.325119903458168, 44.626907843589258 ], [ 7.325247787097199, 44.62702224199456 ], [ 7.325427125932191, 44.627155408433708 ], [ 7.325749154625813, 44.627245663481254 ], [ 7.326163439204396, 44.627359763562772 ], [ 7.326415764617722, 44.627476004650724 ], [ 7.326732552522454, 44.627624681162608 ], [ 7.326934975700413, 44.627668173588731 ], [ 7.327151412551816, 44.627702855131943 ], [ 7.327369627877617, 44.627800561081713 ], [ 7.327408876146041, 44.627846159553343 ], [ 7.32750342400018, 44.627955567856411 ], [ 7.32754474985797, 44.628190252403193 ], [ 7.327608306967931, 44.628267697756087 ], [ 7.327957001746655, 44.62838984459421 ], [ 7.328460391245907, 44.62841970925269 ], [ 7.328713631271623, 44.628490934087843 ], [ 7.328920157307889, 44.628638006801474 ], [ 7.32908219533349, 44.628757417718177 ], [ 7.329410664263629, 44.628870248930099 ], [ 7.330079763360051, 44.629015071813761 ], [ 7.330417760337717, 44.629029012661888 ], [ 7.330630774922089, 44.62895111502646 ], [ 7.330985214135864, 44.628749229615899 ], [ 7.331162379567155, 44.628711313708678 ], [ 7.331460065662601, 44.628688654792626 ], [ 7.331599758880419, 44.628749215545014 ], [ 7.331833880994326, 44.628896686275688 ], [ 7.331984648259412, 44.62905191774076 ], [ 7.332174772944069, 44.629414810788219 ], [ 7.332273850469858, 44.629654816017364 ], [ 7.332337828380896, 44.629745779439659 ], [ 7.332593844774387, 44.630091621143904 ], [ 7.332800128893537, 44.630234165783456 ], [ 7.333085770920039, 44.630274345263977 ], [ 7.333379541415604, 44.630265137845555 ], [ 7.333643475364712, 44.630210471659943 ], [ 7.333811768694484, 44.630235439774054 ], [ 7.334069544577566, 44.630396747677487 ], [ 7.334630598377416, 44.630711008595945 ], [ 7.33510671950967, 44.630965527052574 ], [ 7.335706879579031, 44.631221852797921 ], [ 7.336173535942069, 44.631449200532764 ], [ 7.336335211410497, 44.631595606038402 ], [ 7.337011988650109, 44.632204139525797 ], [ 7.337503970168491, 44.63262090529998 ], [ 7.338535883247362, 44.633486673052417 ], [ 7.338516960091805, 44.633666455115034 ], [ 7.338748201287627, 44.633791339885377 ], [ 7.339273040583924, 44.634037552609328 ], [ 7.339425321244641, 44.634264829697159 ], [ 7.339463806848773, 44.634490452303147 ], [ 7.339479939509463, 44.634891288823539 ], [ 7.339508948841361, 44.63508978132446 ], [ 7.339588142502238, 44.635338488732373 ], [ 7.339689731465969, 44.635533519328824 ], [ 7.339867270054293, 44.635842194697538 ], [ 7.339934223331908, 44.636036721377344 ], [ 7.339992091849636, 44.636424668954966 ], [ 7.340033089870798, 44.636686335152774 ], [ 7.340166973271716, 44.637075387878873 ], [ 7.34031004437576, 44.637626636229911 ], [ 7.340476542464713, 44.638088178233787 ], [ 7.340732395338049, 44.638677054696544 ], [ 7.341159858798127, 44.639313448503728 ], [ 7.34142095384717, 44.639843879590302 ], [ 7.341695814654472, 44.640388025448665 ], [ 7.342014661771558, 44.641063343899283 ], [ 7.342158461914322, 44.641353512296689 ], [ 7.342348429994834, 44.64171186783328 ], [ 7.342452473550602, 44.641807904782176 ], [ 7.342506612199868, 44.641858213582587 ], [ 7.342860835762648, 44.642646564450146 ], [ 7.343105245577624, 44.643215475213047 ], [ 7.343361249788999, 44.643698124266045 ], [ 7.344528968677795, 44.643111893380038 ], [ 7.345011126601164, 44.642812791132535 ], [ 7.345168487955293, 44.642711547138603 ], [ 7.345823872763162, 44.642306929536844 ], [ 7.348594347248486, 44.64072660115329 ], [ 7.350439321591437, 44.639735988482265 ], [ 7.351486149232977, 44.639051162405885 ], [ 7.351718937449346, 44.639061271058296 ], [ 7.351934786044614, 44.639091398426032 ], [ 7.352087464786659, 44.63909810098933 ], [ 7.352162574396592, 44.639090188066639 ], [ 7.352362986512045, 44.639039059377865 ], [ 7.352405248656093, 44.638549039182998 ], [ 7.353189514879671, 44.638209256604256 ], [ 7.353552373025286, 44.638070441299242 ], [ 7.353871443424894, 44.637976016782247 ], [ 7.354855876452466, 44.637747150595011 ], [ 7.355462044350046, 44.637656858550194 ], [ 7.35586844272714, 44.637595195176893 ], [ 7.356838824058729, 44.637555145906362 ], [ 7.358158676758728, 44.637488605274399 ], [ 7.359132255464465, 44.637336060185014 ], [ 7.359859159890527, 44.637197958223346 ], [ 7.359836359482319, 44.637125615114435 ], [ 7.359495160204534, 44.636846146967521 ], [ 7.35901369552252, 44.636650172852342 ], [ 7.358658751609568, 44.636550543019176 ], [ 7.358019801424227, 44.636253274584035 ], [ 7.357513096473896, 44.635863378078639 ], [ 7.356895032670415, 44.635426853228459 ], [ 7.356465050144976, 44.635096575238556 ], [ 7.355907885015165, 44.634903997531531 ], [ 7.355352779971576, 44.634819487682137 ], [ 7.355095560654828, 44.634761760426798 ], [ 7.354969690159508, 44.634642926716062 ], [ 7.354914849392924, 44.634394562052059 ], [ 7.354759135016935, 44.63392418124576 ], [ 7.354667354126952, 44.633589772810623 ], [ 7.354524372672016, 44.633268122868422 ], [ 7.354005344583896, 44.632715988608496 ], [ 7.353474388322808, 44.631988121881463 ], [ 7.352979134386119, 44.631391320339276 ], [ 7.352821835335356, 44.63118650055987 ], [ 7.352764967968143, 44.631010121086575 ], [ 7.352663342405575, 44.630815101497163 ], [ 7.352450089019625, 44.630595959168105 ], [ 7.352290244725205, 44.630481130650267 ], [ 7.352287011122247, 44.630386556663559 ], [ 7.352322553873462, 44.630328549706491 ], [ 7.352518635780958, 44.630164837558759 ], [ 7.352579153886955, 44.63001716218276 ], [ 7.352388636944898, 44.629789350695575 ], [ 7.352227898554682, 44.629692503399482 ], [ 7.352131142215035, 44.629533560939478 ], [ 7.352245661832102, 44.629274143647827 ], [ 7.352335531033571, 44.629077388979205 ], [ 7.352238120362082, 44.628747396508786 ], [ 7.352131525639845, 44.628421769025316 ], [ 7.352093084437867, 44.628304175083088 ], [ 7.351991806254468, 44.627902091971123 ], [ 7.351969304838848, 44.627834250942712 ], [ 7.351862197634107, 44.62751311431709 ], [ 7.351687045084168, 44.627132494927594 ], [ 7.351391066773661, 44.626664581266489 ], [ 7.3512912117078, 44.62640656822159 ], [ 7.351188540296158, 44.626053986117377 ], [ 7.351135932979668, 44.625936187200459 ], [ 7.350833161905435, 44.625499701614963 ], [ 7.350598897005804, 44.625023680146647 ], [ 7.350267481924345, 44.624402223769096 ], [ 7.350115697127385, 44.624003926291977 ], [ 7.350080901911843, 44.623647806538244 ], [ 7.350060756647852, 44.623593512827611 ], [ 7.349758001150244, 44.623310053876132 ], [ 7.349310616112076, 44.622695914267361 ], [ 7.34889913189547, 44.622163324739446 ], [ 7.3485249599996, 44.621689773694307 ], [ 7.347848987786358, 44.620928271588198 ], [ 7.347432293444562, 44.620593653268244 ], [ 7.346923751447791, 44.620289212292356 ], [ 7.346817279365816, 44.620265157834233 ], [ 7.346656835217463, 44.620172806230563 ], [ 7.346430601701989, 44.620011983377097 ], [ 7.346155738031157, 44.619787455838996 ], [ 7.345961953807511, 44.619676606167893 ], [ 7.345431099323362, 44.619547375576893 ], [ 7.344916940598433, 44.619413886004963 ], [ 7.344516414679554, 44.619259548307411 ], [ 7.344134353266202, 44.619037941821851 ], [ 7.34380307409329, 44.618817070804369 ], [ 7.34324838266069, 44.618529956953068 ], [ 7.342576242693581, 44.618232119204748 ], [ 7.341722621884041, 44.617972147399108 ], [ 7.34124888926578, 44.617816716732669 ], [ 7.341052677081607, 44.617597800162116 ], [ 7.340757083893488, 44.617107370815447 ], [ 7.340313603284855, 44.61647075907721 ], [ 7.339688729265056, 44.615705452130626 ], [ 7.339282846867901, 44.61532593652899 ], [ 7.338985261851976, 44.614988521097537 ], [ 7.338928800464378, 44.614924680872541 ], [ 7.338162725121311, 44.614359880454252 ], [ 7.337478849809416, 44.613881783522757 ], [ 7.337052116112421, 44.613447954423791 ], [ 7.336856448567652, 44.613211025196819 ], [ 7.336637057201475, 44.612811723066763 ], [ 7.336015081221645, 44.611740361949394 ], [ 7.335440721180345, 44.610575163903867 ], [ 7.33494965335318, 44.610050340581289 ], [ 7.33455244999452, 44.609576425566701 ], [ 7.334559930351541, 44.609549524351422 ], [ 7.33418603735223, 44.609197467208112 ], [ 7.334049193202447, 44.609024428094216 ], [ 7.333917528049335, 44.60868490281424 ], [ 7.333741072507162, 44.608245715340203 ], [ 7.333451052387756, 44.607660819866133 ], [ 7.333179618652314, 44.607251735754716 ], [ 7.332883655846936, 44.606873801685403 ], [ 7.332609265346211, 44.60656821674857 ], [ 7.332450761185223, 44.606327323899087 ], [ 7.332389973386189, 44.60597533539682 ], [ 7.332116620714907, 44.605633755965322 ], [ 7.331867392160712, 44.605274515167665 ], [ 7.331588243085134, 44.605135382926356 ], [ 7.33131451222157, 44.604793796891109 ], [ 7.330952896997312, 44.604248354226925 ], [ 7.330420153733288, 44.60388946316678 ], [ 7.329609266490427, 44.603233920387581 ], [ 7.329312878481841, 44.602995521919631 ], [ 7.328892956773509, 44.602822813725268 ], [ 7.328138924047391, 44.602793777769037 ], [ 7.327597166405147, 44.602749834600232 ], [ 7.327176733176455, 44.602595124905022 ], [ 7.326543360443851, 44.602464301984561 ], [ 7.325282169950882, 44.602113283970716 ], [ 7.325279830177248, 44.60211461054282 ] ] ] ] } }
]
}
